Query,Arquivo,Linha,Texto,Score
O que é autonomia e opacidade algorítmica?,twitter_algoritmo.md,1,ARTIGOS                                                            E-ISSN: 2176-6665,0.1625722199678421
O que é autonomia e opacidade algorítmica?,twitter_algoritmo.md,3,## DOI: 10.5433/2176-6665.2025v30e52669,0.17154589295387268
O que é autonomia e opacidade algorítmica?,twitter_algoritmo.md,5,Recebido em 30/03/2025; aprovado em 18/096/2025; publicado em 10/11/2025.,0.2513447403907776
O que é autonomia e opacidade algorítmica?,twitter_algoritmo.md,7,"## O caso Twitter/X: algoritmo, espaço público e ultraliberalismo digital",0.3694820702075958
O que é autonomia e opacidade algorítmica?,twitter_algoritmo.md,9,"## The Twitter/X Case: algorithm, public space, and digital ultra-liberalism",0.25921741127967834
O que é autonomia e opacidade algorítmica?,twitter_algoritmo.md,11,<!-- image -->,0.11903730034828186
O que é autonomia e opacidade algorítmica?,twitter_algoritmo.md,13,<!-- image -->,0.11903730034828186
O que é autonomia e opacidade algorítmica?,twitter_algoritmo.md,15,*Ettore Schimid Batalha 1 *Jefferson Ribeiro da Silva 2,0.2282981276512146
O que é autonomia e opacidade algorítmica?,twitter_algoritmo.md,17,*Bruno Daniel Vendruscolo Espinosa Velásquez 3,0.12958849966526031
O que é autonomia e opacidade algorítmica?,twitter_algoritmo.md,19,## Resumo,0.3069120943546295
O que é autonomia e opacidade algorítmica?,twitter_algoritmo.md,21,"Este  artigo  investiga  a  dinâmica  das  redes  sociais  na  formação  do  debate público, com ênfase no Twitter (atualmente denominado X) e na influência dos  algoritmos  na  regulação  do  conteúdo.  Por  meio  de  uma  abordagem interdisciplinar que integra os conceitos da Sociologia Digital e das Ciências da  Computação,  o  estudo  analisa  como  os  mecanismos  de  curadoria  e moderação -operados  por  empresas  privadas -afetam  a  construção  dos discursos e a propagação das informações. O trabalho reúne um levantamento inicial  de  dados  empíricos,  análises  acadêmicas  e  reportagens  jornalísticas para demonstrar que as alterações nas políticas de moderação, sobretudo após a aquisição do Twitter por Elon Musk, impactaram significativamente tanto a  qualidade  do  conteúdo  gerado  quanto  a  confiança  dos  usuários  e  a sustentabilidade econômica da plataforma. Os resultados indicam que, embora a  flexibilização  das  diretrizes  de  moderação  possa  ampliar  o  acesso  e  a visibilidade de diversas vozes, ela também favorece o aumento do discurso de ódio, a proliferação de bots e a retirada de anunciantes, configurando um cenário desafiador para a manutenção de um debate público plural e transparente.",0.35227566957473755
O que é autonomia e opacidade algorítmica?,twitter_algoritmo.md,23,Palavras-chave: redes sociais; espaço público; algoritmos; Twitter/X; desinformação.,0.3675999045372009
O que é autonomia e opacidade algorítmica?,twitter_algoritmo.md,25,## Abstract,0.2611841857433319
O que é autonomia e opacidade algorítmica?,twitter_algoritmo.md,27,"This article  investigates  the  dynamics  of  social  networks  in shaping public debate, with an emphasis on Twitter (currently called X) and the influence of algorithms on content regulation. Using an interdisciplinary approach that integrates concepts from Digital Sociology and Computer Science, the study analyzes how curation and moderation mechanisms -operated  by private companies -affect  the  construction  of  discourses  and  the  dissemination  of information. The research brings together empirical data, academic analyses and journalistic reports to demonstrate that changes in moderation policies,",0.24001546204090118
O que é autonomia e opacidade algorítmica?,twitter_algoritmo.md,29,"1  Universidade Federal de São Carlos, Centro de Ciências Humanas e Sociais, Programa de Pós-Graduação em Sociologia (PPGS/UFSCar, São Carlos, São Paulo, Brasil). ORCID: https://orcid.org/0000-0002-7179-8713.",0.22201044857501984
O que é autonomia e opacidade algorítmica?,twitter_algoritmo.md,31,"2  Universidade Federal de Mato Grosso do Sul, Faculdade de Educação, Programa de Pós-Graduação em  Educação  (PPGEdu-FAED/UFMS,  Campo  Grande,  Mato  Grosso  do  Sul,  Brasil).  ORCID: https://orcid.org/0009-0002-9985-9212.",0.15965880453586578
O que é autonomia e opacidade algorítmica?,twitter_algoritmo.md,33,"3  Universidade de São Paulo, Escola de Artes, Ciências e Humanidades, Programa de Pós-Graduação em Modelagem  de  Sistemas  Complexos  (PGSCX-EACH/USP,  São  Paulo,  São  Paulo,  Brasil).  ORCID: https://orcid.org/0000-0002-5705-9359.",0.2666231393814087
O que é autonomia e opacidade algorítmica?,twitter_algoritmo.md,35,<!-- image -->,0.11903730034828186
O que é autonomia e opacidade algorítmica?,twitter_algoritmo.md,37,1,0.09257123619318008
O que é autonomia e opacidade algorítmica?,twitter_algoritmo.md,39,<!-- image -->,0.11903730034828186
O que é autonomia e opacidade algorítmica?,twitter_algoritmo.md,41,"especially after Elon Musk's acquisition of Twitter, have significantly impacted both  the  quality  of  the  content  generated  and  the  trust  of  users  and  the platform's economic  sustainability.  The  results  indicate  that,  although  the relaxation  of  moderation  guidelines  can  increase  access  and  visibility  of diverse voices, it also favors the increase in hate speech, the proliferation of bots  and  the  removal  of  advertisers,  creating  a  challenging  scenario  for maintaining a plural and transparent public debate.",0.18037793040275574
O que é autonomia e opacidade algorítmica?,twitter_algoritmo.md,43,Keywords: social networks; public space; algorithms; Twitter/X; disinformation.,0.27212560176849365
O que é autonomia e opacidade algorítmica?,twitter_algoritmo.md,45,## Introdução,0.30374839901924133
O que é autonomia e opacidade algorítmica?,twitter_algoritmo.md,47,"Este estudo pretende analisar a maneira pela qual as redes sociais digitais, por meio de suas dinâmicas, reivindicam para si o status de  um 'espaço público' para debates  neste  contexto  da  normatização  do  ultraliberalismo  no  cenário  político.  A relação entre internet e espaço público, observada como relevante nos últimos anos, protagonizou uma série de movimentos que produziram tensões diversas ao redor do mundo.  Por  exemplo,  a  partir  do  compartilhamento  maciço  de  informações  e  do desenvolvimento  das  Tecnologias  de  Informação  e  Comunicação,  as  redes  sociais digitais se destacaram em diversas mobilizações nas últimas duas décadas, como as jornadas de junho de 2013 no Brasil e a Primavera Árabe, nas quais a utilização de redes  sociais  resultou  em  formas  de  engajamento  e  organização  popular  para  a derrubada do regime incumbente (Castells, 2013).",0.2759002447128296
O que é autonomia e opacidade algorítmica?,twitter_algoritmo.md,49,"Atualmente, outra forma de engajamento, pautada na participação online como demonstração de força na arena política, tem assumido o protagonismo nesse campo. Essa  participação,  pautada  na  veiculação  de  informações,  transforma  algumas plataformas  em  palcos  de  debates,  entendendo  que  desta  maneira  o  alcance  de discursos e práticas políticas pode ser metrificado. Neste domínio, as ideias vinculadas à noção de 'liberdade de expressão' se destacam em relação às demais.",0.31169742345809937
O que é autonomia e opacidade algorítmica?,twitter_algoritmo.md,51,"Assim, a problemática torna-se um desafio sociológico e conduz a algumas questões: o que leva estes espaços de um domínio privado, estadunidense e ultraliberal, a  reivindicarem  legitimidade  como  espaço  de  debate  público?  De  que  maneira  o borramento da fronteira entre liberdade e democracia se manifesta nesses espaços?",0.35026273131370544
O que é autonomia e opacidade algorítmica?,twitter_algoritmo.md,53,"Para demonstrar como essa dinâmica opera, sugerimos a investigação do caso Twitter/X  como  norte  para  análise  desses  discursos  e  de  seus  impactos  políticos posteriores. Discutiremos, a partir de uma revisão bibliográfica, como o desenvolvimento do digital orientou-se por uma ética liberal contraditória que, por um lado,  naturalizou  o  uso  das  plataformas  como  um  espaço  de  participação  e  livre expressão, ao mesmo tempo que, por outro, a propriedade comercial das plataformas digitais se torna uma problemática. A aquisição do Twitter por Elon Musk -exemplo de como a questão da propriedade é atual -afetou significativamente as interações e a qualidade das informações veiculadas, impacto da mudança das políticas de regulação de conteúdo.",0.3104739189147949
O que é autonomia e opacidade algorítmica?,twitter_algoritmo.md,55,"No  plano  metodológico,  um  levantamento  bibliométrico,  por  meio  da utilização de APIs de sites de catalogação de trabalhos científicos, foi realizado para identificar  como  o  debate  sobre  o  Twitter/X  se  apresenta  na  literatura  acadêmica, procurando  responder  a  questão  a  respeito  de  sua  relevância  enquanto  objeto  de estudo das formas de participação política.",0.22104968130588531
O que é autonomia e opacidade algorítmica?,twitter_algoritmo.md,57,①,0.0603562667965889
O que é autonomia e opacidade algorítmica?,twitter_algoritmo.md,59,"Assim,  este  trabalho  orienta-se  por  esta  área  multifacetada  da  Sociologia Digital, na qual diversos campos de pesquisa são envolvidos, movidos pela necessidade de fazer um esforço interdisciplinar na busca de fontes históricas e teóricas, assim como na metodologia (Miskolci, 2017, p. 14).",0.23562273383140564
O que é autonomia e opacidade algorítmica?,twitter_algoritmo.md,61,"O objetivo da pesquisa, portanto, é identificar os impactos da construção dos algoritmos das redes como um espaço público e do engajamento de informações do Twitter/X  nas  decisões  e  acontecimentos  políticos  atuais,  demonstrando  como  este debate está presente na política e na academia.",0.3691991865634918
O que é autonomia e opacidade algorítmica?,twitter_algoritmo.md,63,"Dessa maneira, a fim de facilitar a compreensão da dinâmica do diálogo entre algoritmos privados e a noção de espaço público , o artigo foi estruturado da seguinte forma: 1. O espaço público e as impressões sobre o impacto da internet na participação política; 2. Entre a ética hacker e o ultraliberalismo; 3. O caso do Twitter/X: moderação, desinformação e impacto na democracia; e 4. Dados sobre o Twitter e análises bibliométricas.",0.46474993228912354
O que é autonomia e opacidade algorítmica?,twitter_algoritmo.md,65,## 1 O espaço público e o impacto da internet para a participação política,0.28056132793426514
O que é autonomia e opacidade algorítmica?,twitter_algoritmo.md,67,"A ' r evolução tecnológica concentrada nas tecnologias da informação', como aponta  Castells  (1999,  p.  23),  além  de  impor  sua  onipresença  em  nosso  cotidiano, encaminha-se na direção da criação de um espaço virtual de informação que pluraliza as  formas  de  comunicação  discursiva.  Neste  sentido,  a  popularização  da  internet  a partir  da  década  de  1990,  suscitada  pela  tendência  de diminuição das  exigências de competências técnicas para seu uso, promoveu uma rápida expansão da web como um bem comum, não mais restrito às corporações e às instituições de ensino (Cardon, 2019). Esta expansão é, em um primeiro momento, permeada pela ideia otimista de que essa nova  etapa  do  desenvolvimento  tecnológico  humano  poderia  promover  de  alguma maneira a distribuição democrática do saber e abrir espaço para a realização de uma nova etapa da política democrática (Lévy, 1999).",0.2975838780403137
O que é autonomia e opacidade algorítmica?,twitter_algoritmo.md,69,"O novo milênio comprova de maneiras opostas as consequências efetivas das dinâmicas virtuais no meio social, seja por meio das 'redes de indignação' que são o fermento  para  a  irrupção  da  Primavera  Árabe  (Castells,  2013),  seja  pela  alegada interferência  da  empresa  Cambridge  Analytica  nos  processos  eleitorais  da  eleição presidencial dos Estados Unidos e no plebiscito pelo Brexit, ambos ocorridos em 2016 (Chun, 2021). Nesse contexto, não é surpreendente que o campo das mídias digitais tenha  se  tornado  o  principal  espaço  de  veiculação  de  discursos  públicos,  onde  o engajamento funciona pela métrica da aprovação ou desaprovação.",0.2538045644760132
O que é autonomia e opacidade algorítmica?,twitter_algoritmo.md,71,"Deste  modo,  o layout típico  de  todas  as  principais  plataformas  (Facebook, Instagram, TikTok, LinkedIn, Twitter/X) reconfigura o sentido semântico sobre o que é curtir,  responder  e  compartilhar 4 (Van  Djick,  2016,  p.  174).  Do  mesmo  modo, lives , stories ,  curtidas,  engajamentos  e  cancelamentos  tornam-se  parte  do  vocabulário  dos indivíduos ativos em redes sociais. Da linguagem à imagem, observa-se como o virtual influencia  as  relações  sociais  em  diversas  esferas.  No  campo  político  isso  possui implicações de outra grandeza.",0.22923493385314941
O que é autonomia e opacidade algorítmica?,twitter_algoritmo.md,73,"4   Compartilhar,  no contexto das  mídias  digitais,  funciona  de modo ambíguo:  um  se  relaciona  com  a conexão, a ideia de que os usuários distribuam informação pessoal entre eles (o maior exemplo da força dos laços fracos), que, pela interface, impulsiona o compartilhamento de informação. E o outro se relaciona com a conectividade, que supõe o uso dessa informação para terceiros a partir do app OpenGraph  e  o  botão  'curtir',  por  exemplo.  Estes  terceiros  podem  ser  entendidos  como  os interessados em comprar essas informações.",0.32047969102859497
O que é autonomia e opacidade algorítmica?,twitter_algoritmo.md,75,3,0.09112006425857544
O que é autonomia e opacidade algorítmica?,twitter_algoritmo.md,77,①,0.06031160429120064
O que é autonomia e opacidade algorítmica?,twitter_algoritmo.md,79,"As grandes plataformas digitais, por sua vez, atuam como mediadoras dessa racionalização dos discursos, ou seja, como o lugar onde as pessoas escrevem e postam suas impressões. Assumem, assim, o papel de um espaço privilegiado para o debate 'público', embora esse debate seja pré-estruturado e dominado pelas mídias de massa (Habermas, 2023, p. 29). Nesse sentido, os veículos de informação definem o espaço de debate na modernidade.",0.2988526225090027
O que é autonomia e opacidade algorítmica?,twitter_algoritmo.md,81,"Historicamente, a construção da esfera pública esteve associada à emergência dos meios de comunicação de massa, assim como à consolidação de espaços de debate que possibilitaram a crítica social e política. De acordo  com Habermas (2003, p. 3), a origem  do  espaço  público  remonta  ao  século  XIX,  período  no  qual  a  burguesia  se organizou a partir da desagregação do social entre dois domínios, isto é, o público e o privado.  Nesse  sentido,  a  esfera  privada,  sob  domínio  patriarcal,  era  um  espaço eminentemente  feminino,  distanciado das discussões  contemporâneas  sobre direitos individuais. Em contraste, a esfera pública se constituiu por intermédio da politização da vida social burguesa, manifestada pela emergência da imprensa de opinião e pela luta contra a censura em defesa da liberdade de expressão. A politização das redes de comunicação pública transforma, dessa maneira, a natureza de sua função, e, por outro lado,  a  expansão  de  tais  redes  é  incessante  desde  então.  Em  vista  disso,  o  filósofo alemão, ao observar o início da participação política tecnológica, sugere que há neste espaço uma horizontalização dos sujeitos, similar à época dos caçadores/coletores, e uma desestruturação das fronteiras sociais (Habermas, 2003, p. 22). Sob este panorama, ele sugere, ao debater sobre as tecnologias de mídia de massa, que o espaço público",0.2822602093219757
O que é autonomia e opacidade algorítmica?,twitter_algoritmo.md,83,"Tornou-se uma verdadeira arena vassalizada pelo poder, no seio do qual  se  luta  por  temas,  por  contribuições,  não  somente  por influência, mas também para um controle (tão dissimulado quanto possível) dos fluxos de comunicação eficazes. [...] [essa] arena [é] dominada pela mass-media, na qual se chocam tendências contraditórias. O nível de vassalização do poder deve se medir em função do grau segundo o qual as opiniões informais, não-públicas, são  curto-circuitadas  pelo  fluxo  de  opiniões  formais  (Habermas, 2003, p. 11-12).",0.32169416546821594
O que é autonomia e opacidade algorítmica?,twitter_algoritmo.md,85,"Assim, ao compreendermos as mídias de massa como uma rede comunicacional empresarial que funciona de modo semelhante a uma arena de disputa de narrativas, podemos examinar criticamente a ética que orienta este novo ambiente digital. Pois, como  afirmam  Richard  Barbrook  e  Andy  Cameron  (2003),  este  desenvolvimento tecnológico computacional se sustenta sobre uma ambiguidade ideológica: de um lado, os ideais de liberdade e descentralização do poder, de outro, a adesão aos princípios do laissez-faire e  ao  espírito  empreendedor.  Assim,  esta  ambiguidade  se  traduz  nessa disputa pelo status primordial do digital entre ser a ágora do mundo moderno ou um mercado ( marketplace ).",0.35281503200531006
O que é autonomia e opacidade algorítmica?,twitter_algoritmo.md,87,"Sob uma perspectiva atual, é preciso considerar também que a estrutura do digital se modifica consideravelmente com o desenvolvimento da web , assim como pela popularização de computadores pessoais e a facilitação do acesso à rede (Cardon, 2019; Lévy, 1999). Essa  transformação  traz  consigo  alguns  elementos  novos  fundamentais para a compreensão do que é o espaço público digital hoje.",0.2894766926765442
O que é autonomia e opacidade algorítmica?,twitter_algoritmo.md,89,①,0.06031160429120064
O que é autonomia e opacidade algorítmica?,twitter_algoritmo.md,91,"Desta maneira, essa dinâmica do desenvolvimento do ciberespaço se aprofundou no início do milênio, em uma nova etapa da história da internet na qual sua natureza se  modifica em relação  ao momento anterior. Esta nova configuração da rede ficou conhecida pelo termo web 2.0, que, segundo Tim O'Reilly (2005), é de um conceito sem fronteiras  definidas,  e  sua  caracterização  é  dependente  de  sua  proximidade  de  um centro gravitacional composto por determinados princípios, sendo o primeiro  deles descrito pela seguinte proposição: 'A web como uma plataforma'.",0.32434549927711487
O que é autonomia e opacidade algorítmica?,twitter_algoritmo.md,93,"Uma das principais  manifestações  da web 2.0,  fundamental  para  evento  da plataformização da rede, é essa ascensão de sites/serviços denominados 'rede sociais' ; estas, de acordo Boyd e Ellison, são definidas 'como serviços web nos quais usuários podem criar um perfil, construir e disponibilizar uma lista de conexões com outros usuários na rede' (Helmond, 2019, p. 53) . Assim, as redes sociais assumem, desde seu surgimento, um papel central no ecossistema da rede.",0.28198543190956116
O que é autonomia e opacidade algorítmica?,twitter_algoritmo.md,95,"As  características  fundamentais  das  redes  sociais online são:  dinamicidade, flexibilidade e caráter relacional. A dinamicidade refere-se à constante interação entre os usuários, influenciada diretamente pela estrutura tecnológica por meio da qual as informações  circulam.  Já  a  flexibilidade  diz  respeito  à  fluidez  e  à  volatilidade  dos vínculos formados entre os indivíduos nessas redes, destacando-se sua capacidade de expansão ou retração conforme novos usuários chegam ou outros se afastam (Martino, 2015, p. 56). Por último, o caráter relacional remete à interação entre diferentes atores -sejam eles indivíduos, empresas ou organizações -cuja ação contínua no ambiente online influencia  diretamente  padrões  de  comportamento offline ,  reconfigurando-os, segundo argumento central proposto pelo autor.",0.3278962969779968
O que é autonomia e opacidade algorítmica?,twitter_algoritmo.md,97,"Em consequência disso, a comunicação, antes mediada por veículos tradicionais  como  jornais,  rádios  e  televisões,  passa  agora  a  ser  processada  por algoritmos que filtram, priorizam e distribuem os conteúdos de acordo com métricas de engajamento, popularidade e relevância -parâmetros estes que escapam muitas vezes à compreensão dos próprios usuários (Cardon, 2015, p. 19). Essa transformação implica  uma  dualidade:  por  um  lado,  a  ampliação  do  acesso  à  informação  e  a democratização  do  debate;  por  outro,  a  emergência  de  mecanismos  que  podem restringir a diversidade de opiniões, promovendo a formação de bolhas informacionais e a polarização dos discursos.",0.371268093585968
O que é autonomia e opacidade algorítmica?,twitter_algoritmo.md,99,"Este aspecto negativo é ressaltado pela socióloga Wendy Chun quando afirma que a lógica de agrupamento promovida por algoritmos de redes sociais realiza um ataque aos princípios democráticos, pois, ao relegar as 'noções de igualdade' em favor de uma agregação baseada 'em semelhanças e interesses especializados' , o princípio da diversidade encontra-se ameaçado (Chun, 2021, p. 89). Assim, a própria economia dos discursos é afetada por essa nova forma de ser do espaço público.",0.3719279170036316
O que é autonomia e opacidade algorítmica?,twitter_algoritmo.md,101,"Portanto,  considerando  esse  cenário  no  qual  o  controle  disciplinar  sobre  o discurso público está presente também nas plataformas digitais privadas orientadas por  algoritmos,  torna-se  necessário  investigar  quais  são  as  origens  ideológicas  que fundamentam essa transformação. Neste sentido, a chamada ética hacker (Vaz, 2002, p. 87),  surgida  entre  os  programadores  estadunidenses  a  partir  da  década  de  1960, emerge como um ponto fundamental para compreender os princípios que, ainda hoje, guiam a lógica do funcionamento dessas plataformas digitais.",0.4046320617198944
O que é autonomia e opacidade algorítmica?,twitter_algoritmo.md,103,5,0.0844431072473526
O que é autonomia e opacidade algorítmica?,twitter_algoritmo.md,105,①,0.06031160429120064
O que é autonomia e opacidade algorítmica?,twitter_algoritmo.md,107,## 2 Entre a ética hacker e o ultraliberalismo,0.38868391513824463
O que é autonomia e opacidade algorítmica?,twitter_algoritmo.md,109,"A  sistematização  da  ética hacker ,  ocorrida  na  década  de  1980,  estabelece princípios que apontam para uma forma distinta -e por vezes distorcida -de entender a produção e o compartilhamento da informação. No sentido de compartilhar o poder de processamento dos computadores, as premissas que orientavam os programadores estadunidenses forjam um discurso liberal extremado, como, por exemplo: 'o acesso a computadores e a qualquer coisa que possa ensinar sobre como o mundo funciona deve ser ilimitado e total'; 'toda informação quer ser livre'; 'renda -se ao imperativo do trabalho'; 'faça você mesmo'; 'alimente o barulho do sistema'; 'navegue' 5 (Vaz, 2002, p. 87). Ao discorrer sobre o funcionamento desta ética, Barbrook (2003, p. 148) define a 'netiqueta' como o padrão de comportamentos que expressam uma ideia a respeito da liberdade de informação, segundo os princípios dos primeiros modulares de softwares.",0.4137323796749115
O que é autonomia e opacidade algorítmica?,twitter_algoritmo.md,111,"A forma instrumental do funcionamento digital das redes sociais, operando por meio dessa ética, estabelece a liberdade de expressão como sinônimo da liberdade de informação. Afinal, a ética hacker fornece a hipótese de que o próprio funcionamento da computação  reitera  a  lógica  de  que  informação  é  qualquer  dado  que  possa  ser digitalizado. Da mesma maneira, Barbrook (2003) também sugere que havia entre os primeiros usuários a ideia de que a liberdade de informação na era digital era 'o direito de fazer barulho [...] de criar seu próprio código e trabalhar [...] o direito de fazer a escolha livre e irrevogável de se interligar ao código dos outros -isto  é,  o  direito  de resolver a vida' (Barbrook, 2003, p. 148).",0.39681127667427063
O que é autonomia e opacidade algorítmica?,twitter_algoritmo.md,113,"Essa transformação da noção de informação é fundamental para compreender como seu impacto reestruturou a ideia sobre espaço público. Com o advento das Novas Tecnologias de Informação e Comunicação, há uma crise entre o processo autoral, que deve ser devida mente regulado e controlado, como forma de 'proteção ao autor', e a máxima de excluir da autoria o poder sobre a informação digital. Com essas mudanças, a informação ganha novos traços ao ser amplamente divulgada. Ela é ubíqua , pois pode estar em qualquer lugar do mundo, e, ao mesmo tempo, liberta do contexto de geração, opaca a toda referência à origem;  também  é anônima ,  pois  a  comunicação  de  um  a muitos, de forma industrializada, dissolve a categoria de autor; e é dependente ,  pois agora, antes das esferas institucionalizadas de discurso, são os códigos de instrumentos (softwares, interfaces) que condicionam as pragmáticas institucionais, antes soberanas em seu poder disciplinar (Malini, 2003, p. 164).",0.4202328622341156
O que é autonomia e opacidade algorítmica?,twitter_algoritmo.md,115,"É interessante ressaltar que essa ética pautou o funcionamento das formas de se entender o que é internet desde o início de seu uso comercial. A própria internet, como  a  conhecemos  hoje,  foi  criada  a  partir  de  uma  ideia  técnica  fundamental,  a arquitetura aberta de redes (Martino, 2015, p. 82), ou seja, a escolha de uma tecnologia específica  da  rede  não  seria  ditada  pela  arquitetura  da  rede,  mas  poderia  antes  ser definida por um fornecedor, e em seguida essa rede poderia interligar-se a outras.",0.33067262172698975
O que é autonomia e opacidade algorítmica?,twitter_algoritmo.md,117,"5   Essa  dinâmica  é  bastante  presente  nas school  hackings ,  onde,  principalmente  nos  EUA,  jovens programadores montam  casas em  que passam a trabalhar em softwares e compartilham conhecimentos de programação. Esse fenômeno passa a ganhar mais força com a crise universitária estadunidense, onde estudantes endividados com a universidade visualizam o school hacking como um caminho mais efetivo e imediato para a inserção no mercado de trabalho (Rossi, 2014).",0.31234657764434814
O que é autonomia e opacidade algorítmica?,twitter_algoritmo.md,119,①,0.06031160429120064
O que é autonomia e opacidade algorítmica?,twitter_algoritmo.md,121,"Para efetivar essa arquitetura aberta, sua execução deriva do desenvolvimento do hipertexto,  que  usa  o  sistema  de links .  Segundo  Martino (2015,  p.  87),  o  uso  dos hyperlinks representa uma  conexão entre informações que não é organizada hierarquicamente e de modo linear. Assim, um texto em hipertexto não tem margem nem define, em sua materialidade, uma totalidade, como fazem o livro e o jornal. Os limites da compreensão de uma informação são dados pela curiosidade do leitor. A forma  de  comunicação  também  sofre  um  impacto  econômico  significativo,  pois  os usuários, ao invés de comprar, doam as informações e bens para, no final, criar uma lógica pública. Como define Barbrook (2003, p. 152),",0.35359013080596924
O que é autonomia e opacidade algorítmica?,twitter_algoritmo.md,123,"A constituição desse ethos (o compartilhamento de informações) tem amparo tecnológico na arquitetura das redes com base em protocolos iguais,  que  pressupõem  que  múltiplas  cópias  dos  documentos possam ser facilmente capturadas em toda rede. Cada um recebe da rede  muito  mais  do  que  fornece  ao  outro.  E,  acima  de  tudo,  doa tempo e ideias, e produz relação social.",0.3333432376384735
O que é autonomia e opacidade algorítmica?,twitter_algoritmo.md,125,"Um exemplo da formação desse tipo  de  troca  de  dados  é  o  surgimento  e  a popularização do email. Criado em 1972 (Martino, 2015, p. 90), ele muda também a lógica de consumo das informações: instantâneo e assíncrono, o email dota o indivíduo da capacidade de enviar a mesma mensagem para várias pessoas, e também permite a criação de uma comunidade de interesses em comum, sem que a proximidade espacial e/ou a social fossem determinantes para reunir pessoas.",0.2550262212753296
O que é autonomia e opacidade algorítmica?,twitter_algoritmo.md,127,"Malini  (2003,  p.  161)  tece  a  ideia  de  economia  da  doação,  onde  a  relação cooperativa de compartilhamento de arquivos gera uma comunidade que arquiva tudo e  todos  para  que  todos  acessem  tudo  e  todos.  Sem  essa  relação  cooperativa  entre usuários  não  há  produção  de  informação.  Por  se  caracterizar  pela  coletividade,  a produção de informação, segundo o autor, traz à tona o debate sobre a desinformação e sobre o direito à informação. Porém, esse debate não passa pela esfera jurídica, e sim pelo  que  é  público  no  interior  de  cada  informação.  A  partir  disso,  conclui-se  que  o debate por meio da troca de informações entre usuários da rede se torna um debate sobre o espaço público.",0.303450345993042
O que é autonomia e opacidade algorítmica?,twitter_algoritmo.md,129,"Neste primeiro momento,  havia um  certo otimismo  nos  movimentos posteriores à troca de mensagens por email. No início dos anos 2000, o termo peer-topeer (P2P) era utilizado para referenciar práticas em que os usuários de softwares de compartilhamento de dados piratas como o Napster 6  se comunicavam entre si sem a intermediação de nenhum agente (Malini, 2003, p. 163). Essa 'igualdade' de funções que diferenciava os usuários nas trocas P2P propiciou a ideia de que o debate público teria uma arena nova a ser regulada.",0.31173065304756165
O que é autonomia e opacidade algorítmica?,twitter_algoritmo.md,131,"Se  não  há  intermediários,  como  pode  haver  um  controle  para  a  grande quantidade de dados veiculados entre usuários? Barbrook (2003) apresenta o conceito de  'ideologia  californiana'  para  demonstrar  como  as  dinâmicas  dos  primeiros programadores pautaram as novas formas de comunicação e informação. Segundo tal ideologia, os governos nacionais são incapazes de controlar o sistema de comunicações por computador. Em vez disso, indivíduos e empresas competirão para fornecer bens e serviços nos mercados online . Assim, o autor sugere que tal ideologia retoma o debate",0.3892178535461426
O que é autonomia e opacidade algorítmica?,twitter_algoritmo.md,133,"6   Rede social do início dos anos 2000 que tinha como principal veiculação de informações a troca de arquivos mp3, considerada um grande marco da pirataria online .",0.17459163069725037
O que é autonomia e opacidade algorítmica?,twitter_algoritmo.md,135,7,0.10842641443014145
O que é autonomia e opacidade algorítmica?,twitter_algoritmo.md,137,①,0.06031160429120064
O que é autonomia e opacidade algorítmica?,twitter_algoritmo.md,139,"do liberalismo  pós-revolução  norte-americana  (Barbrook,  2003,  p.  134):  um  mercado virtual de intercâmbio de mercadorias de informação, onde as instituições públicas só serão  necessárias  para  prover  'regras  do  jogo'  mínimas,  para  as  pessoas  poderem comercializar informação umas com as outras.",0.32530906796455383
O que é autonomia e opacidade algorítmica?,twitter_algoritmo.md,141,"Essa retomada do liberalismo clássico é o mote do desenvolvimento posterior das regulações comerciais da internet e, por conseguinte, das redes sociais digitais. Com o advento das empresas .com no segmento P2P 7 , este método dá lugar ao formato payper-use ao invés da liberdade irrestrita de informações. Afinal, 'à diferença da censura política, os liberais acreditavam que a censura econômica era essencial para a liberdade da mídia' (Barbrook, 2003, p. 135). Esse mote estabelece que a propriedade intelectual na internet seria baseada nessa interpretação da Primeira Emenda da Constituição dos EUA, a liberdade irrestrita de expressão. Com a organização comercial tomando conta das  relações  'horizontais'  e  'públicas',  tem -se,  portanto,  um  resultado  híbrido  da noção de informação (Barbrook, 2003, p. 139) nas redes: como dádiva, ao estabelecer a diluição  de  fronteiras  e  ampla  participação  pela  economia  de  doação,  e  como mercadoria, ao estabelecer a lógica de que é a oferta que determina a demanda por informação (Barreto, 1995, p. 3).",0.32021409273147583
O que é autonomia e opacidade algorítmica?,twitter_algoritmo.md,143,"Com essa concepção, conseguimos visualizar qual o argumento aqui proposto: que  a  internet  e  as  formas  de  comunicação  presentes  nessa  rede  dialogam  com  as premissas de liberdade comercial, borrando a ideia de liberdade de expressão.Tem-se, portanto, a ideia de que o espaço da internet remete ao debate público, mas possui como dinâmica  primordial  de  seu  funcionamento  a  regulação  comercial,  advinda  das próprias empresas, juntamente com um papel reduzido do Estado. A ética hacker , aliada ao rearranjo capitalista para as grandes plataformas digitais, estabelece em seu layout o favorecimento do que chamamos ultraliberalismo: a liberdade de expressão existindo como mercadoria de mídia estabelece a noção de participação dos usuários, deslocando o poder do Estado e concentrando as decisões das empresas de plataformas digitais nos algoritmos de veiculação de informações.",0.38715702295303345
O que é autonomia e opacidade algorítmica?,twitter_algoritmo.md,145,"## 3 O caso do Twitter/X: moderação, desinformação e impacto na democracia",0.2704148292541504
O que é autonomia e opacidade algorítmica?,twitter_algoritmo.md,147,"Neste contexto no qual 'a internet tornou -se a principal arena de comunicação política'  (Cesarino,  2022,  p.  39 -40)  estamos  diante  deste  cenário  em  que  as  práticas democráticas se encontram sob risco, pois, como sugere a autora, a infraestrutura das novas mídias seria, em última instância, favorável à direita liberal, aos conspiracionismos e a forças antiestruturais (Cesarino, 2022, p. 70).",0.2508668601512909
O que é autonomia e opacidade algorítmica?,twitter_algoritmo.md,149,"O aprimoramento da tecnologia algorítmica é relevante para a compreensão desta questão. De início, nos primórdios da web , os algoritmos serviam para classificação de reputação de sites (Cardon, 2015, p. 19); no entanto, novas necessidades levaram ao surgimento de novas famílias de algoritmos e, de acordo com Cardon, cada uma destas utilizava formas de classificação determinadas por valores específicos: a popularidade, a  autoridade,  a  reputação  ou  a  predição  (Cardon,  2015,  p.  16).  Resumidamente,  os algoritmos de popularidade eram os mais simples entre eles -como o ranqueamento de sites baseado no número de clicks recebidos -enquanto os de predição eram mais sofisticados,  por  alimentarem-se  de  dados  provenientes  de  técnicas  de Machine",0.4696475863456726
O que é autonomia e opacidade algorítmica?,twitter_algoritmo.md,151,"7 Peer-to-peer , forma de comunicação direta entre dois usuários, trocando mensagens instantâneas.",0.19079524278640747
O que é autonomia e opacidade algorítmica?,twitter_algoritmo.md,153,c,0.14911845326423645
O que é autonomia e opacidade algorítmica?,twitter_algoritmo.md,155,①,0.0603562667965889
O que é autonomia e opacidade algorítmica?,twitter_algoritmo.md,157,"Learning . Apesar de suas diferenças, há um elo unificador entre as diferentes formas de  cálculo  apresentadas  por  cada  uma  destas  famílias:  todas  são  alimentadas  por dados produzidos por usuários da web .",0.35012534260749817
O que é autonomia e opacidade algorítmica?,twitter_algoritmo.md,159,"A partir deste quadro, a problemática da privacidade dos dados produzidos pelos usuários é pautada a partir da seguinte perspectiva: a consciência da ascensão do big  data como  a  forma  primordial  de  funcionamento  dos  algoritmos  conduz  à reflexão  de  que  métricas  sociais  importantes  são  realizadas  por  meio  de  cálculos protegidos por direitos de propriedade intelectual e inacessíveis ao público. Assim, segundo  Cardon  (2015),  estas  novas  técnicas  de  medição  de  comportamento  vêm suplantar os antigos modelos estatísticos -estes que, até a virada do século passado, representavam  a  principal  referência  para  a  compreensão  daquilo  que  se  pode denominar vagamente de 'opinião pública'. As estatísticas, nesse sentido, possuíam a  qualidade de serem 'abertas, acessíveis, e destinadas a um uso público garantido pelo Estado' (Cardon, 201 5, p. 45). Os algoritmos, por outro lado, pertencem a empresas que fazem dos dados de centenas de milhões de pessoas um uso mercadológico.",0.511347770690918
O que é autonomia e opacidade algorítmica?,twitter_algoritmo.md,161,"A falta de transparência dos mecanismos gerenciadores dos dados de usuários, assim como dos conteúdos da web , coloca-se como uma questão fundamental para a democracia  contemporânea  (Cardon,  2015,  p.  9).  Pois,  segundo  este  sociólogo,  a natureza dos algoritmos atuais carrega consigo consequências impactantes para além da interação virtual. A título de exemplo, a padronização é um fenômeno no qual a agência algorítmica pode ser observada: no momento em que o sujeito deixa de fazer uma  escolha  para  aderir  às  recomendações  de  um  determinado  serviço,  ele  está delegando sua vontade às escolhas realizadas previamente pelos algoritmos. Assim, 'uma quantidade considerável de escolhas práticas é feita por outros em nome das pessoas que desfrutam da comodidade de não precisar se dedicar a mil e uma decisões do  dia  a  dia'  (Cardon,  201 5,  p.  120).  A  escolha  de  não  escolher  tem  repercussões sociais  claras,  já  que  permite  a  reprodução  em  massa de determinados padrões de escolha. No plano do entretenimento, esta parece ser uma questão menor; no entanto, este fenômeno não se restringe a este domínio da vida social.",0.5128135681152344
O que é autonomia e opacidade algorítmica?,twitter_algoritmo.md,163,"O  caso  Twitter/X  reflete  diversos  aspectos  citados  até  agora:  em  primeiro lugar,  a  atuação  constante  e  direta  de  agentes  políticos  confere  a  este  espaço  certa relevância  no  interior  da  opinião  pública;  e  uma  das  discussões  mais  destacáveis nesse ambiente é a noção de liberdade -interpretada como maximização irrestrita da liberdade de expressão -,  que  é  frequentemente contraposta à ideia de democracia institucional.",0.30521199107170105
O que é autonomia e opacidade algorítmica?,twitter_algoritmo.md,165,"Assim, a aquisição do Twitter/X representa um  dos episódios mais emblemáticos  e  controversos  da  história  recente  das  redes  sociais.  Originalmente lançado em 2006 como uma plataforma para compartilhamento de micromensagens e interação em tempo real, o Twitter consolidou-se como uma importante ferramenta para a disseminação de informações e para o debate público global. Ao longo dos anos, o serviço evoluiu de um espaço meramente informativo para uma arena onde discursos políticos, culturais e sociais se confrontam, tornando-se um termômetro das dinâmicas comunicacionais contemporâneas.",0.19195565581321716
O que é autonomia e opacidade algorítmica?,twitter_algoritmo.md,167,"A  compra  do  Twitter  por  Elon  Musk  ocorreu  em  um  contexto  de  grande polarização política e social, em que as redes sociais se tornaram palco central para a expressão de divergências e para a mobilização de diferentes grupos. A promessa de uma  suposta  maior  liberdade  de  expressão,  defendida  pelo  novo  proprietário,  foi",0.18845689296722412
O que é autonomia e opacidade algorítmica?,twitter_algoritmo.md,169,<!-- image -->,0.11903730034828186
O que é autonomia e opacidade algorítmica?,twitter_algoritmo.md,171,9,0.11629362404346466
O que é autonomia e opacidade algorítmica?,twitter_algoritmo.md,173,acompanhada por preocupações acerca de uma eventual flexibilização das políticas de moderação -medidas que poderiam favorecer a proliferação de discursos de ódio e desinformação.,0.3123801350593567
O que é autonomia e opacidade algorítmica?,twitter_algoritmo.md,175,"A transição de gestão no Twitter/X evidenciou uma reconfiguração profunda das  políticas  de  moderação  e  da  governança  interna  da  plataforma.  Como  afirma Cardon (2019, tradução nossa) , 'os algoritmos não são neutros. Eles contêm uma visão da sociedade que lhes foi dada por aqueles que os programam -e  por  aqueles  que pagam aqueles que os programam' . Desta forma, eles são instrumentos de poder que determinam quais vozes serão amplificadas e quais serão silenciadas.",0.41201892495155334
O que é autonomia e opacidade algorítmica?,twitter_algoritmo.md,177,"Além disso, a reconfiguração das diretrizes de moderação deve ser entendida dentro do contexto do 'capitalismo de vigilância', onde a coleta e análise massiva de dados permitem não apenas a personalização dos conteúdos, mas também a manipulação das interações dos usuários para maximizar receitas publicitárias. Segundo Shoshana Zuboff (2020), 'o capitalismo de vigilância reivindica de maneira unilateral a experiência humana como matériaprima gratuita para a tradução em dados comportamentais'. Essa  dinâmica  demonstra  que  a  moderação  de  conteúdo  vai  além  da  proteção  dos usuários -ela se torna também uma ferramenta para a exploração comercial dos dados dos usuários, direcionando as estratégias de monetização da plataforma. Nesse cenário, a redução dos filtros e a maior dependência de métricas quantitativas representam uma aposta no modelo de engajamento, mas que, ao mesmo tempo, fragiliza os mecanismos de proteção contra abusos e discursos de ódio.",0.3649694323539734
O que é autonomia e opacidade algorítmica?,twitter_algoritmo.md,179,"Em síntese, a reconfiguração das diretrizes de moderação no Twitter/X reflete um  reposicionamento  ideológico  que,  sob  o  pretexto  de  promover  a  liberdade  de expressão,  acaba  por  intensificar  os  riscos  associados  à  propagação  de  conteúdo polarizador.  Essa  mu dança  está  em  consonância  com  a  ideia  de  que  'pressões  de natureza competitiva provocaram  a  mudança,  na  qual processos  de  máquina automatizados  não  só conhecem nosso  comportamento,  como  também moldam nosso comportamento  em  escala'  (Zuboff,  2020 ,  p.  19).  A  partir  disso,  torna-se  relevante ressaltar que neste contexto a ausência de uma intervenção humana crítica permite que discursos  prejudiciais  ganhem  espaço.  A  transformação  do  modelo  de  moderação, portanto, não só altera o equilíbrio entre liberdade e segurança, mas também insere a plataforma  em  um  contexto  de  intensificação  da  polarização  e  do  capitalismo  de vigilância -fatores que, em conjunto, comprometem a integridade do debate público e a proteção dos usuários.",0.32397782802581787
O que é autonomia e opacidade algorítmica?,twitter_algoritmo.md,181,## 4 Dados sobre o Twitter e análises bibliométricas,0.24644219875335693
O que é autonomia e opacidade algorítmica?,twitter_algoritmo.md,183,"A  metodologia  adotada  neste  capítulo  articula  procedimentos  de  coleta, tratamento,  análise  estatística  e  mineração  de  texto  para  mapear  a  evolução  da produção  acadêmica  sobre  Twitter/X  e  aferir  sua  legitimação  como  espaço  público digital. Em virtude da complexidade dos dados e das múltiplas fontes, cada etapa foi desenhada para assegurar rigor, transparência e reprodutibilidade.",0.2939136326313019
O que é autonomia e opacidade algorítmica?,twitter_algoritmo.md,185,## 4.1 Seleção e integração de fontes,0.24016916751861572
O que é autonomia e opacidade algorítmica?,twitter_algoritmo.md,187,"Inicialmente, conduzimos buscas exaustivas em três repositórios eletrônicos e uma ferramenta de indexação acadêmica: OpenAlex, Crossref Metadata API e SciELO ArticleMeta  API,  além  do  software  Publish  or  Perish  (Harzing,  2007).  Nas  APIs, utilizou-se paginação via cursor -capaz de retornar centenas de milhares de registros sem incursões manuais -,  garantindo cobertura completa de ocorrências do primeiro termo 'twitter' em campos `title` ou `abstract`. Para a SciELO, adotamos parsing em lote dos  arquivos  XML,  extraindo  `&lt;article-meta&gt;`  e  componentes  de  `&lt;article-title&gt;`, `&lt;abstract&gt;` e metadados associados (ISSN, DOI, palavras-chave). A combinação dessas quatro fontes resultou num acervo inicial de 54.154 registros, incluindo trabalhos em inglês e português.",0.2590160369873047
O que é autonomia e opacidade algorítmica?,twitter_algoritmo.md,189,<!-- image -->,0.11903730034828186
O que é autonomia e opacidade algorítmica?,twitter_algoritmo.md,191,"## 4.2 Processamento, normalização e deduplicação",0.26823657751083374
O que é autonomia e opacidade algorítmica?,twitter_algoritmo.md,193,"O corpo  de  dados  foi  consolidado  em  um  DataFrame  unificado  via  pacote Pandas  na  linguagem  Python,  e  submetido  a  rotinas  de  limpeza:  remoção  de acentuação (unidecode), converter string para minúsculas, eliminar caracteres especiais e espaços redundantes. Para evitar duplicidades, empregamos chaves compostas por DOI e versão normalizada de título (remoção de pontuação e espaços, padronização Unicode),  conforme  método  descrito  em  Garfield  (1955)  e  Zhao et  al .  (2018).  Em seguida,  estruturamos  o dataset segundo  o  padrão  CSV  de  Publish  or  Perish, contemplando 26 variáveis principais (p. ex., `Cites`, `Authors`, `Title`, `Year`, `Source`, `Publisher`,  `Abstract`,  `DOI`,  `ISSN`)  e  três  derivadas -`Age`  (2025  -  Year), `CitesPerYear`, `CitesPerAuthor` -garantindo que as métricas bibliométricas fundamentais estivessem prontas para análise. Valores nulos foram preenchidos com `None` para manter compatibilidade com metodologias de imputação futura.",0.2670668959617615
O que é autonomia e opacidade algorítmica?,twitter_algoritmo.md,195,## 4.3 Delimitação temporal e abrangência linguística,0.24852938950061798
O que é autonomia e opacidade algorítmica?,twitter_algoritmo.md,197,"Para garantir coerência temporal com o surgimento e maturidade do Twitter, filtramos registros de 2006 (ano de lançamento) a 2025 (última indexação disponível). Ao  contrário  de  outras  pesquisas  que  restringem  por  idioma,  optamos  por  manter artigos  em  inglês  e  português,  o  que  permite  comparar  percepções  regionais  e internacionais. Essa decisão abrange estudos de contextos diversos -desde investigações de e-learning em  países  lusófonos  até  análises  de  campanha  política  nos  EUA -e preserva a representatividade global do fenômeno.",0.21518690884113312
O que é autonomia e opacidade algorítmica?,twitter_algoritmo.md,199,## 4.4 Identificação de referências ao espaço público,0.28361764550209045
O que é autonomia e opacidade algorítmica?,twitter_algoritmo.md,201,"A  hipótese  central  requer  mensurar  a  frequência  com  que  pesquisadores descrevem o Twitter/X como arena de deliberação pública. Para tanto, selecionamos quatro  expressõeschave:  'espaço  público',  'public  sphere',  'arena  de  debate'  e 'opinião pública' (Feldman ; Sanger, 2007; Jurafsky; Martin, 2020). Implementamos em Python uma função de busca baseada em expressões regulares com delimitadores finegrained (`\b...\b`), aplicada de forma iterativa aos campos `Title` e `Abstract` de cada registro. Quando um termo era detectado, a variável binária `mentions\_public` recebia valor 1, indicando correspondência confiável; caso contrário, recebia 0. Esse método garante  objetividade  e  evita  enviesamentos  manuais,  ao  mesmo  tempo  que  facilita auditoria posterior do código-fonte.",0.35965463519096375
O que é autonomia e opacidade algorítmica?,twitter_algoritmo.md,203,<!-- image -->,0.11903730034828186
O que é autonomia e opacidade algorítmica?,twitter_algoritmo.md,205,11,0.06587737053632736
O que é autonomia e opacidade algorítmica?,twitter_algoritmo.md,207,## 4.5 Séries temporais e cálculo de proporções,0.2657197117805481
O que é autonomia e opacidade algorítmica?,twitter_algoritmo.md,209,"Com  a  sinalização  de  menções  a  espaço  público,  agrupamos  o corpus por `Year` para derivar duas séries temporais: N ₜ (quantidade total de publicações em cada ano) e M ₜ (quantidade de publicações com `mentions\_public = 1`). A proporção anual P ₜ = (M ₜ / N ₜ ) × 100% foi então calculada para oferecer perspectiva relativa. Plotamos as  séries  N ₜ (Figura  1)  e  P ₜ (Figura  2),  utilizando  o  pacote  `matplotlib`  com configurações de alta legibilidade -fonte sem serifa, grid sutil e exportação a 300 dpi -conforme recomendações de Tufte (2001) e Cleveland (1994). Os gráficos destacam o crescimento inicial, estabilização e queda no volume de publicações relacionadas à plataforma digital.",0.23139388859272003
O que é autonomia e opacidade algorítmica?,twitter_algoritmo.md,211,<!-- image -->,0.11903730034828186
O que é autonomia e opacidade algorítmica?,twitter_algoritmo.md,213,Fonte,0.20944169163703918
O que é autonomia e opacidade algorítmica?,twitter_algoritmo.md,215,: Elaboração própria,0.3069009780883789
O que é autonomia e opacidade algorítmica?,twitter_algoritmo.md,217,<!-- image -->,0.11903730034828186
O que é autonomia e opacidade algorítmica?,twitter_algoritmo.md,219,<!-- image -->,0.11903730034828186
O que é autonomia e opacidade algorítmica?,twitter_algoritmo.md,221,Fonte,0.20944169163703918
O que é autonomia e opacidade algorítmica?,twitter_algoritmo.md,223,: Elaboração própria,0.3069009780883789
O que é autonomia e opacidade algorítmica?,twitter_algoritmo.md,225,## 4.6 Análise de intervenção em séries temporais,0.2797847092151642
O que é autonomia e opacidade algorítmica?,twitter_algoritmo.md,227,"Para investigar o impacto específico da aquisição do Twitter por Elon Musk (outubro/2022), adotamos o método de séries temporais interrompidas (ITS) descrito em Bernal, Cummins e Gasparrini (2017). Empregamos um modelo de regressão linear generalizada  por  mínimos  quadrados  ordinários,  tomando  o  logaritmo  de  N ₜ como variável dependente e incluindo três covariáveis: `Time` (anos decorridos desde 2006), `Post2022` (indicador binário 0/1) e a interação `Time×Post2022`. A equação estimada foi:",0.2545112371444702
O que é autonomia e opacidade algorítmica?,twitter_algoritmo.md,229,"Esse framework permite  decompor  efeitos  imediatos  (β₂)  e  mudanças  de tendência (β₃) associados à intervenção de 2022. Os coeficientes foram avaliados por Wald test (α = 0,05). A Figura 3 exibe a comparação entre dados observados e valores ajustados, enquanto a Figura 4 apresenta gráfico de resíduos versus valores preditos, atestando adequação diagnóstica.",0.3045509457588196
O que é autonomia e opacidade algorítmica?,twitter_algoritmo.md,231,<!-- image -->,0.11903730034828186
O que é autonomia e opacidade algorítmica?,twitter_algoritmo.md,233,Fonte : Elaboração própria,0.22448019683361053
O que é autonomia e opacidade algorítmica?,twitter_algoritmo.md,235,<!-- image -->,0.11903730034828186
O que é autonomia e opacidade algorítmica?,twitter_algoritmo.md,237,Fonte : Elaboração própria,0.22448019683361053
O que é autonomia e opacidade algorítmica?,twitter_algoritmo.md,239,<!-- image -->,0.11903730034828186
O que é autonomia e opacidade algorítmica?,twitter_algoritmo.md,241,13,0.03733160346746445
O que é autonomia e opacidade algorítmica?,twitter_algoritmo.md,243,## 4.7 Classificação por área do conhecimento,0.26380956172943115
O que é autonomia e opacidade algorítmica?,twitter_algoritmo.md,245,"Por fim, mapeamos cada registro a uma categoria temática usando um dicionário refinado  de  palavras-chave,  contemplando  13  áreas:  Comunicação,  Ciências  Sociais, Política, Saúde, Tecnologia da Informação, Economia, Psicologia, Direito, Meio Ambiente, Educação, Marketing, Segurança e Humanidades. A distribuição resultante (Figura 5) e a  proporção  de  menções  a  espaço  público  em  cada  área  (Figura  6)  revelam  maior densidade de debate público nos domínios de Direito, Comunicação e Ciências Sociais.",0.23835347592830658
O que é autonomia e opacidade algorítmica?,twitter_algoritmo.md,247,Figura 5 -Distribuição refinada de artigos por área do conhecimento,0.22996583580970764
O que é autonomia e opacidade algorítmica?,twitter_algoritmo.md,249,<!-- image -->,0.11903730034828186
O que é autonomia e opacidade algorítmica?,twitter_algoritmo.md,251,Fonte,0.20944169163703918
O que é autonomia e opacidade algorítmica?,twitter_algoritmo.md,253,: Elaboração própria,0.3069009780883789
O que é autonomia e opacidade algorítmica?,twitter_algoritmo.md,255,Figura 6 -Proporção de menções a 'espaço público' por área refinada,0.2566005289554596
O que é autonomia e opacidade algorítmica?,twitter_algoritmo.md,257,<!-- image -->,0.1189589723944664
O que é autonomia e opacidade algorítmica?,twitter_algoritmo.md,259,Fonte,0.20944169163703918
O que é autonomia e opacidade algorítmica?,twitter_algoritmo.md,261,: Elaboração própria,0.3069009780883789
O que é autonomia e opacidade algorítmica?,twitter_algoritmo.md,263,<!-- image -->,0.1189589723944664
O que é autonomia e opacidade algorítmica?,twitter_algoritmo.md,265,A combinação desses procedimentos -bibliométricos e estatísticos -fornece base robusta e replicável para sustentar a análise teórica subsequente sobre o caráter político e ultraliberal das práticas digitais no Twitter/X.,0.35074853897094727
O que é autonomia e opacidade algorítmica?,twitter_algoritmo.md,267,## Considerações finais,0.2689211666584015
O que é autonomia e opacidade algorítmica?,twitter_algoritmo.md,269,"Com este breve debate teórico-analítico, pretendemos contribuir para pesquisas posteriores que visem analisar as relações presentes nos movimentos digitais que se organizam politicamente. A partir das dinâmicas aqui analisadas, podemos visualizar um panorama agudo de institucionalização da ética ultraliberal, que, derivada da ética hacker , transforma a noção de informação na categoria de 'qualquer dado que possa ser digitalizado'.  Os  algoritmos,  processo  racionalizante  central  para  o desenvolvimento dessa forma de economia, estabelecem em sua dinâmica o borramento entre o público e o privado em sua totalidade: de um lado, as big techs controlam e dominam o espaço em  que  as  impressões  dos  usuários,  bem  como  suas  informações  pessoais,  são registradas e influenciam os algoritmos, e, de outro, o público de consumidores tende a naturalizar a utilização dessas redes como arena política de disputa de narrativas. O layout do Twitter/X, principalmente, favorece essa impressão.",0.4329671263694763
O que é autonomia e opacidade algorítmica?,twitter_algoritmo.md,271,"O  espaço  digital  das  redes  sociais  estabelece  alguns  paradoxos  iluministas: ama-se a liberdade, mas odeia-se a democracia 8 . Visualizamos, portanto, um borramento dos conceitos de público/privado e de liberdade/democracia decorrente da digitalização algorítmica como forma de comunicação hegemônica no Ocidente.",0.41759955883026123
O que é autonomia e opacidade algorítmica?,twitter_algoritmo.md,273,"Sua  estrutura  funcional  consolidou-se  na  lógica  da  propriedade  privada, articulada  a  algoritmos  e  a  uma  ética  ultraliberal -um  discurso  derivado  da  ética hacker,  formulada  nos  primórdios  da linguagem algorítmica  como  um princípio  de 'liberdade da informação' e uma premissa cooperativista de 'economia da doação'. Com a entrada  dos  conglomerados  comerciais  de  mídia  e  o  uso  massivo  das  redes sociais digitais, essa ética hacker, oriunda da chamada ideologia californiana (Barbrook, 2003), tornou-se a base do ultraliberalismo que estrutura os discursos e as formas de engajamento dos usuários -inclusive o tom predominante entre políticos com milhões de seguidores na plataforma X e seu próprio proprietário.",0.44144943356513977
O que é autonomia e opacidade algorítmica?,twitter_algoritmo.md,275,"A ética hacker fornece a hipótese de que o próprio funcionamento da computação reitera a lógica de que informação é qualquer dado que possa ser digitalizado. Vê-se, então, que no espaço das redes sociais, a partir dessa ética, as disputas concentram-se nas múltiplas narrativas, deslocando o poder do discurso a todo tempo, alimentando a forma  das  redes  sociais  como  uma  arena  de  disputa.  Seus  princípios  não  estão estabelecidos no ato de informar, e sim no engajamento.",0.3746677041053772
O que é autonomia e opacidade algorítmica?,twitter_algoritmo.md,277,"Isso aprofundou-se com a compra do Twitter por Elon Musk. Estabelecemos esse marco como ponto de análise, pois ele fornece um panorama de como os impactos do ultraliberalismo reivindicam os espaços privados como arenas legítimas do debate público. As afirmações de Musk, digitalizadas em sua própria rede, bem como as de outras  personalidades  públicas,  carregam  a  ideia  de  um  acesso  mais  'direto'  às questões políticas pelos usuários. Na época da compra da rede, noticiava-se a demissão massiva  de  7  mil  funcionários  em  tempo  real,  ao  mesmo  tempo  que  os  usuários procuravam um outro aplicativo com a mesma dinâmica em seu layout para migrarem.",0.26205646991729736
O que é autonomia e opacidade algorítmica?,twitter_algoritmo.md,279,"8 'Online, seja de direita ou esquerda, o embate tende a se dar em um tribunal cujos termos, longe do direito, tendem ao julgamento moral' ( Miskolci, 2017, p. 1).",0.2494293749332428
O que é autonomia e opacidade algorítmica?,twitter_algoritmo.md,281,<!-- image -->,0.11903730034828186
O que é autonomia e opacidade algorítmica?,twitter_algoritmo.md,283,15,0.051452379673719406
O que é autonomia e opacidade algorítmica?,twitter_algoritmo.md,285,"Posteriormente, os usuários brasileiros de fato migraram temporariamente para outras redes  similares  (Bluesky  e  Threads,  por  exemplo),  pelo  fato  do  comportamento ultraliberal de Musk acarretar sanções jurídicas para o funcionamento do Twitter no Brasil, que constituía a base do argumento do ministro Alexandre de Moraes de que seu comportamento e a rede social X incentivavam discursos extremistas e antidemocráticos (Tavares, 2024). Ainda, em virtude da retirada de qualquer representação jurídica da rede no país, o ministro determinou a suspensão da rede, que durou cerca de 40 dias.",0.20677797496318817
O que é autonomia e opacidade algorítmica?,twitter_algoritmo.md,287,"Os dados aqui expostos também demonstram como o perfil dos usuários de Twitter/X foi se alinhando a um perfil de cidadãos conservadores a partir da venda da rede.  Com  o  arrefecimento  de  um  possível  'fim  do T witter',  o  que  causou  um engajamento considerável sobre tal assunto, novas diretrizes passaram a fazer parte da rede sem que a dinâmica de seu funcionamento apresentasse mudança significativa. Essa noção ultra-liberal conservadora, cristalizada com a venda da rede social, entretanto, foi utilizada até o momento para instaurar crises e concretizar o avanço de perfis de extrema-direita ao redor do mundo.",0.18691299855709076
O que é autonomia e opacidade algorítmica?,twitter_algoritmo.md,289,"Neste  aspecto  observamos  como  o  borramento  dos  conceitos  de  liberdade/ democracia  coexiste  neste  espaço.  Com  a  naturalização  do  uso  das  mídias  sociais digitais  e  a  participação  maciça  de  usuários  em  uma  rede  social,  as  pautas  da informação criam as mais diversas narrativas sobre um fato.",0.35070618987083435
O que é autonomia e opacidade algorítmica?,twitter_algoritmo.md,291,"Dessa  forma,  o  borramento  da  noção  de  informação  impacta  diretamente  a participação política de diversos grupos que, orientados por narrativas supostamente baseadas em dados históricos inexistentes, passam a consumir e reproduzir discursos dotados  de  um  caráter  pedagógico  e  mobilizador,  semelhantes  às  dinâmicas  dos movimentos sociais, entendidos como fontes de inovação e de produção de saberes (GOHN, 2011, p. 333). Mesmo que atuem à margem das institucionalidades, as suas reivindicações -que vão de tentativas de golpe de Estado à disseminação de notícias falsas -evidenciam como o comportamento digital engendra uma modalidade de ação coletiva sociopolítica e cultural, capaz de articular práticas online e offline na expressão de demandas e identidades políticas. Quando confrontados por outros usuários ou pela justiça, esses grupos recorrem ao direito de liberdade de expressão, princípio garantido pelas próprias plataformas e reiterado pelos seus proprietários.",0.34143635630607605
O que é autonomia e opacidade algorítmica?,twitter_algoritmo.md,293,"Tais desdobramentos levam a uma crise das noções de liberdade virtual e da democracia institucional, onde a arena de disputa se intensifica nas redes sociais a cada nova  notícia  sobre  a  aliança  entre  empresários  de  mídias  digitais  e  presidentes, tornando-se pauta também nas casas legislativas e cortes.",0.3018239438533783
O que é autonomia e opacidade algorítmica?,twitter_algoritmo.md,295,## Referências,0.25650230050086975
O que é autonomia e opacidade algorítmica?,twitter_algoritmo.md,297,"BARBROOK, Richard. A regulamentação da liberdade: liberdade de expressão, liberdade de comércio e liberdade de dádiva na rede. In : COCCO, Giuseppe; GALVÃO, Alexander Patez; SILVA, Gerardo (org.). Capitalismo cognitivo : trabalho, redes e inovação. Rio de Janeiro: DP&amp;A Editora, 2003. p. 133-150.",0.339344322681427
O que é autonomia e opacidade algorítmica?,twitter_algoritmo.md,299,"BARRETO, A. A oferta e a demanda da informação: condições técnicas, econômicas e políticas. Revista Ciência da Informação . Brasília: IBICT, vol. 28, n. 2. 1995.",0.2582639753818512
O que é autonomia e opacidade algorítmica?,twitter_algoritmo.md,301,"BERNAL, James Lopez; CUMMINS, Steven; GASPARRINI, Antonio. Interrupted time series regression for the evaluation of public health interventions: a tutorial. International Journal of Epidemiology , v. 46, n. 1, p. 348 -355, 2017. DOI: 10.1093/ije/dyw098.",0.1189405769109726
O que é autonomia e opacidade algorítmica?,twitter_algoritmo.md,303,①,0.06031160429120064
O que é autonomia e opacidade algorítmica?,twitter_algoritmo.md,305,"CARDON, Dominique. À quoi rêvent les algorithmes : Nos vies à l'heure des big data. Paris: Éditions du Seuil, 2015.",0.2718985974788666
O que é autonomia e opacidade algorítmica?,twitter_algoritmo.md,307,"CARDON, Dominique. Culture numérique . Paris: Presses de Science-Po, 2019.",0.11381740123033524
O que é autonomia e opacidade algorítmica?,twitter_algoritmo.md,309,"CASTELLS, Manuel. A sociedade em rede . São Paulo: Paz e Terra, 1999.",0.21144022047519684
O que é autonomia e opacidade algorítmica?,twitter_algoritmo.md,311,"CASTELLS, Manuel. Redes de indignação e esperança . 2. ed. Rio de Janeiro: Zahar, 2013.",0.16799499094486237
O que é autonomia e opacidade algorítmica?,twitter_algoritmo.md,313,"CESARINO, Letícia. O mundo do avesso : verdade política na era digital. São Paulo: Editora Ubu, 2022.",0.2483963817358017
O que é autonomia e opacidade algorítmica?,twitter_algoritmo.md,315,"CHUN,  Wendy  Hui  Kyong. Discriminating  data :  correlation,  neighborhoods,  and  the  new politics of recognition. Cambridge: MIT Press, 2021.",0.10974995046854019
O que é autonomia e opacidade algorítmica?,twitter_algoritmo.md,317,"CLEVELAND, W. S. The Elements of Graphing Data . New Jersey: Hobart Press, 1994.",0.05996568128466606
O que é autonomia e opacidade algorítmica?,twitter_algoritmo.md,319,"FELDMAN, Ronen;  SANGER,  James. The  Text  Mining  Handbook :  Advanced  Approaches  in Analyzing Unstructured Data. Cambridge: Cambridge University Press, 2007.",0.15228907763957977
O que é autonomia e opacidade algorítmica?,twitter_algoritmo.md,321,"GARFIELD, Eugene. Citation indexes for science: a new dimension in documentation through association of ideas. Science , v. 122, n. 3159, p. 108-111, 1955. DOI: 10.1126/science.122.3159.108.",0.10388171672821045
O que é autonomia e opacidade algorítmica?,twitter_algoritmo.md,323,"GOHN, Maria da Glória. Movimentos Sociais na Contemporaneidade. Revista Brasileira de Educação , v. 16, n. 17. p. 333-361, 2011. Disponível em: https://www.scielo.br/j/rbedu/a/vXJKXcs7cybL3YNbDCkCRVp/?format=pdf&amp;lang=pt. Acesso em 22 out. 2025.",0.23096440732479095
O que é autonomia e opacidade algorítmica?,twitter_algoritmo.md,325,"HABERMAS, Jürgen. Espaço Público: 30 anos depois. Prefácio de 1990. In : HABERMAS, J. Mudança estrutural da esfera pública . São Paulo: Editora Unesp, 2014. p. 35-87. Disponível em: https://doceru.com/doc/s5vvvve. Acesso em 22 out. 2025.",0.2430044412612915
O que é autonomia e opacidade algorítmica?,twitter_algoritmo.md,327,"HABERMAS, Jürgen. Uma nova mudança estrutural da esfera pública e as condições da política deliberativa . Tradução de Denilson Luís Werle. São Paulo: Unesp, 2023.",0.2703894376754761
O que é autonomia e opacidade algorítmica?,twitter_algoritmo.md,329,"HELMOND, Anne. A plataformização da web. In : OMENA, Janna Joceli (org.). Métodos digitais : teoria-prática-crítica. Lisboa: ICNOVA, 2019. p. 49-72.",0.3501019775867462
O que é autonomia e opacidade algorítmica?,twitter_algoritmo.md,331,"JURAFSKY,  Daniel;  MARTIN,  James  H. Speech  and  Language  Processing :  An  Introduction  to Natural  Language  Processing,  Computational  Linguistics,  and  Speech  Recognition,  with Language Models. 3rd ed., draft online, 2025. Stanford University. Disponível em: https://web.stanford.edu/~jurafsky/slp3/ed3book\_aug25.pdf. Acessoe m 22 out. 2025.",0.23782701790332794
O que é autonomia e opacidade algorítmica?,twitter_algoritmo.md,333,"LÉVY, Pierre. Cibercultura. 3. ed. São Paulo: Editora 34, 1999.",0.1611364334821701
O que é autonomia e opacidade algorítmica?,twitter_algoritmo.md,335,"MALINI, Fábio. A informação como arma política: do confinamento ao descontrole. In : COCCO, Giuseppe; GALVÃO, Alexander Patez; SILVA, Gerardo (org.). Capitalismo cognitivo : trabalho, redes e inovação. Rio de Janeiro: DP&amp;A Editora, 2003. p. 151-191.",0.33536186814308167
O que é autonomia e opacidade algorítmica?,twitter_algoritmo.md,337,"MARTINO, Luis Mauro Sá. Teoria das mídias digitais : linguagens, ambientes e redes. Petrópolis: Vozes, 2015.",0.22650346159934998
O que é autonomia e opacidade algorítmica?,twitter_algoritmo.md,339,"MISKOLCI, Richard. Notas sobre o microfascismo nas redes sociais. Cult UOL , São Paulo, 3 mar. 2017. Disponível em: https://revistacult.uol.com.br/home/redes-de-ressentimento-notassobre-o-microfascismo-nas-redes-sociais/. Acesso em: 29 mar. 2024.",0.21904289722442627
O que é autonomia e opacidade algorítmica?,twitter_algoritmo.md,341,"O'REILLY, Tim. What is Web 2.0. United States: O'Reilly, 30 set. 2005. Disponível em: https://www.oreilly.com/pub/a/web2/archive/what-is-web-20.html?page=1. Acesso em: 13 de março de 2025.",0.23404687643051147
O que é autonomia e opacidade algorítmica?,twitter_algoritmo.md,343,"ROSSI, Andrew. Torre de marfim (Ivory Tower). Noruega: Documentário, 2014.",0.19188232719898224
O que é autonomia e opacidade algorítmica?,twitter_algoritmo.md,345,"TAVARES, Vitor. Moraes determina bloqueio do X no Brasil após Elon Musk descumprir decisão judicial. BBC News Brasil, São Paulo, 30 ago. 2024. Disponível em: https://www.bbc.com/portuguese/articles/c4gz28359d4o. Acesso em: 29 mar. 2025.",0.23880688846111298
O que é autonomia e opacidade algorítmica?,twitter_algoritmo.md,347,"TUFTE, E. R. The Visual Display of Quantitative Information . Cheshire, CT: Graphics Press, 2001.",0.11558086425065994
O que é autonomia e opacidade algorítmica?,twitter_algoritmo.md,349,"VAN DIJCK, José. La cultura de la conectividad : una historia crítica de las redes sociales. Buenos Aires: Editora Siglo Veintiuno, 2016.",0.10874754935503006
O que é autonomia e opacidade algorítmica?,twitter_algoritmo.md,351,"VAZ, Paulo. Cronologia da internet. Revista Lugar Comum , Rio de Janeiro, n. 13-14, p. 81-89, 2002.",0.2701072692871094
O que é autonomia e opacidade algorítmica?,twitter_algoritmo.md,353,<!-- image -->,0.1189589723944664
O que é autonomia e opacidade algorítmica?,twitter_algoritmo.md,355,17,0.06350766867399216
O que é autonomia e opacidade algorítmica?,twitter_algoritmo.md,357,"ZHAO, Dangzhi; STROTMANN, Andreas. Analysis and Visualization of Citation Networks . San Rafael, CA: Morgan &amp; Claypool, 2015.",0.13331244885921478
O que é autonomia e opacidade algorítmica?,twitter_algoritmo.md,359,"ZUBOFF, Shoshana. A era do capitalismo de vigilância : a luta por um futuro humano na nova fronteira do poder. Rio de Janeiro: Intrínseca, 2020. Ebook .",0.26688075065612793
O que é autonomia e opacidade algorítmica?,twitter_algoritmo.md,361,"Declaração de Coautoria: Ettore Schimid Batalha declara ter sido responsável 'pelo debate teórico  dos  conceitos  de  espaço público,  indústria cultural  e  ética  hacker, desenvolvidos  ao  longo  da  seção  1  do  artigo',  bem  como  perlas  considerações finais. Jefferson Ribeiro da Silva afir ma ter colaborado para o 'Desenvolvimento teórico da seção 1'; e Bruno Daniel Vendruscolo Velasquez sustenta ter contribuído para o artigo com o 'levantamento de dados empíricos e revisão textual.'",0.36893123388290405
O que é autonomia e opacidade algorítmica?,twitter_algoritmo.md,363,## *Minicurrículo das Autorias:,0.22462306916713715
O que é autonomia e opacidade algorítmica?,twitter_algoritmo.md,365,Ettore  Schimid  Batalha. Mestre  em  Sociologia  (2018).  Doutorando  em  Sociologia  pela Universidade Federal de São Carlos. Pesquisa financiada pela CAPES  (Processo nº 88887.674096/2022-00). E-mail: ettorebatalha@gmail.com,0.22669309377670288
O que é autonomia e opacidade algorítmica?,twitter_algoritmo.md,367,Jefferson Ribeiro da Silva . Licenciado em Letras (2022) e Bacharel em Ciências Sociais (2014). Mestrando em Educação pela Universidade Federal de Mato Grosso do Sul. Pesquisa financiada pela CAPES (Processo nº 88887.161204/2025).  E-mail: jefferson.silva@ufms.br,0.18175563216209412
O que é autonomia e opacidade algorítmica?,twitter_algoritmo.md,369,Bruno  Daniel  Vendruscolo  Espinosa  Velásquez .  Bacharel  em  Ciências  Sociais  (2012). Mestrando junto ao Programa de Pós-Graduação em Modelagem de Sistemas Complexos da Universidade de São Paulo. E-mail: velasquez.bruno@gmail.com.,0.2633364796638489
O que é autonomia e opacidade algorítmica?,twitter_algoritmo.md,371,<!-- image -->,0.11903730034828186
O que é autonomia e opacidade algorítmica?,twitter_algoritmo.md,373,<!-- image -->,0.11901313811540604
O que é autonomia e opacidade algorítmica?,twitter_algoritmo.md,375,", Parecer 1;",0.2697654962539673
O que é autonomia e opacidade algorítmica?,twitter_algoritmo.md,377,Avaliadora 1: Thatiane Faria Oliveira Moreira,0.2494526356458664
O que é autonomia e opacidade algorítmica?,twitter_algoritmo.md,379,<!-- image -->,0.11903730034828186
O que é autonomia e opacidade algorítmica?,twitter_algoritmo.md,381,Editores de Seção: Pedro Henrique Vasques ;,0.19743888080120087
O que é autonomia e opacidade algorítmica?,twitter_algoritmo.md,383,Lucas Baptista .,0.20375128090381622
O que é autonomia e opacidade algorítmica?,twitter_algoritmo.md,385,<!-- image -->,0.11903730034828186
O que é autonomia e opacidade algorítmica?,twitter_algoritmo.md,387,## Declaração de Disponibilidade de Dados,0.32791459560394287
O que é autonomia e opacidade algorítmica?,twitter_algoritmo.md,389,Os dados de pesquisa só estão disponíveis mediante solicitação.,0.23678521811962128
O que é autonomia e opacidade algorítmica?,twitter_algoritmo.md,391,<!-- image -->,0.11903730034828186
O que é autonomia e opacidade algorítmica?,escrita_academica_ia.md,1,"## Escrita acadêmica ética, responsável e humana com inteligência artificial",0.4592612683773041
O que é autonomia e opacidade algorítmica?,escrita_academica_ia.md,3,<!-- image -->,0.1189589723944664
O que é autonomia e opacidade algorítmica?,escrita_academica_ia.md,5,Rafael Cardoso Sampaio,0.2722896337509155
O que é autonomia e opacidade algorítmica?,escrita_academica_ia.md,7,## I ✉,0.11842861026525497
O que é autonomia e opacidade algorítmica?,escrita_academica_ia.md,9,"I Programa Pós-Graduação em Ciência Política, Universidade Federal do Paraná, Curitiba, PR, Brasil.",0.17784620821475983
O que é autonomia e opacidade algorítmica?,escrita_academica_ia.md,11,"Palavras-chave: escrita acadêmica, integridade científica, Inteligência Artificial Generativa, autoria, revisão narrativa.",0.41078782081604004
O que é autonomia e opacidade algorítmica?,escrita_academica_ia.md,13,"RESUMO Introdução: A rápida disseminação da inteligência artificial generativa (IAG) transformou práticas de escrita acadêmica, ampliando a eficiência, mas levantando preocupações sobre autoria, integridade, privacidade e desenvolvimento cognitivo. A literatura recente tem se concentrado em debates normativos e em políticas institucionais sobre autoria e transparência, mas oferece pouca orientação operacional sobre como utilizar a IA sem comprometer a formação intelectual, especialmente entre jovens pesquisadores(as). Este artigo busca preencher essa lacuna ao propor um método estruturado de uso ético, responsável e humano da IA. Materiais e métodos: Oestudo realiza uma revisão narrativa de literatura sobre riscos associados à escrita com IA (e.g., diluição da autoria, descarregamento cognitivo, vieses, privacidade e 'alucinações') e integra essa revisão com documentos normativos e diretrizes institucionais. A partir dessa síntese, o artigo desenvolve um guia prático composto por cinco fases metodológicas para orientar o uso crítico da tecnologia. Resultados: Oguia proposto organiza o processo de escrita em etapas: planejamento humano prévio; escrita assistida e curadoria crítica; apropriação e reescrita autoral; verificação rigorosa de fatos, fontes e lógica argumentativa; e responsabilidade final com declaração transparente do uso de IA. Cada fase fornece salvaguardas para mitigar riscos cognitivos, éticos e epistêmicos, preservando a agência autoral. Discussão: Argumenta-se que o uso ético da IA depende menos de proibições formais e mais do desenvolvimento de práticas de vigilância intelectual, documentação e reflexão contínua. Embora o processo reduza parte da eficiência oferecida pela IA, contribui para fortalecer competências cognitivas, proteger a integridade científica e equilibrar inovação tecnológica com responsabilidade humana.",0.422318696975708
O que é autonomia e opacidade algorítmica?,escrita_academica_ia.md,15,Recebido em 23 de Julho de 2025. Aprovado em 5 de Novembro de 2025. Aceito em 2 de Dezembro de 2025.,0.20667441189289093
O que é autonomia e opacidade algorítmica?,escrita_academica_ia.md,17,Editor Científico: Adriano Codato,0.20701539516448975
O que é autonomia e opacidade algorítmica?,escrita_academica_ia.md,19,Editor Associado: Adriano Codato,0.2242364138364792
O que é autonomia e opacidade algorítmica?,escrita_academica_ia.md,21,iD,0.12824085354804993
O que é autonomia e opacidade algorítmica?,escrita_academica_ia.md,23,<!-- image -->,0.11903730034828186
O que é autonomia e opacidade algorítmica?,escrita_academica_ia.md,25,<!-- image -->,0.11903730034828186
O que é autonomia e opacidade algorítmica?,escrita_academica_ia.md,27,## I. Introdução,0.3069705069065094
O que é autonomia e opacidade algorítmica?,escrita_academica_ia.md,29,Oficina de Escrita Acadêmica,0.27016520500183105
O que é autonomia e opacidade algorítmica?,escrita_academica_ia.md,31,Revista de Sociologia e Política,0.2315702587366104
O que é autonomia e opacidade algorítmica?,escrita_academica_ia.md,33,DOI 10.1590/1678-98732433e018,0.21851569414138794
O que é autonomia e opacidade algorítmica?,escrita_academica_ia.md,35,"A integração da inteligência artificial generativa (IAG) na produção de conhecimento acadêmico, acelerada por ferramentas como o ChatGPT, evoluiu rapidamente de uma postura de cautela para uma adoção ampla, motivada especialmente pela promessa de maior eficiência. A capacidade de automatizar ou acelerar diversas fases do trabalho acadêmico gerou otimismo (Pereira et al., 2024). Contudo, essa incorporação massiva também levanta questionamentos sobre a integridade da pesquisa, a originalidade do pensamento e o desenvolvimento das competências cognitivas dos próprios acadêmicos (Lopes et al., 2024; Sampaio et al., 2024).",0.4365902543067932
O que é autonomia e opacidade algorítmica?,escrita_academica_ia.md,37,"A resposta inicial da academia concentrou-se em debates normativos e filosóficos. Uma parte considerável da literatura recente dedicou-se a investigar os limites da autoria, questionando se uma entidade não humana poderia ser creditada em trabalhos científicos. A conclusão predominante é que a IA funciona como ferramenta, pois não possui agência ou responsabilidade legal e moral por suas produções (Resnik &amp; Hosseini, 2025). Em paralelo, outro foco dominante foi a criação de políticas institucionais, que frequentemente enquadram o uso de IA sob a ótica da desonestidade acadêmica, refletindo a preocupação em proteger os valores tradicionais da produção de conhecimento e valorizando práticas de total transparência (Trindade &amp; Oliveira, 2024).",0.4474915564060211
O que é autonomia e opacidade algorítmica?,escrita_academica_ia.md,39,"Apesar de relevante, a discussão normativa vigente deixa uma lacuna de orientação prática para estudantes e jovens pesquisadores sobre como utilizar a IA de forma ética, sem comprometer o desenvolvimento intelectual (Winberg et al., 2024). A ausência de um método claro agrava os perigos às fundações cognitivas e criativas da produção de conhecimento, manifestando-se em três áreas críticas.",0.41551369428634644
O que é autonomia e opacidade algorítmica?,escrita_academica_ia.md,41,"O primeiro risco diz respeito à diluição da autoria. A autoria manifesta a voz singular de um pesquisador, mas a colaboração com IA pode esvaziar o processo criativo ao transferir tarefas intelectuais para a máquina (Floridi, 2025). Estudos demonstram que, mesmo melhorando a qualidade textual, o uso de IA pode reduzir a satisfação intrínseca que alimenta a motivação acadêmica (Mei et al., 2025). Essa delegação pode levar à fixação de ideias e à redução da autoconfiança criativa, uma vez que a criatividade humana opera com base em associações idiossincráticas, enquanto a IA gera textos derivativos e estatisticamente prováveis (Lopes et al., 2024).",0.4086361229419708
O que é autonomia e opacidade algorítmica?,escrita_academica_ia.md,43,"O segundo risco envolve o descarregamento cognitivo ( cognitive offloading ). A delegação de tarefas mentais diminui o engajamento com o pensamento crítico e a aprendizagem autônoma. Evidências mostram que o uso de IA sem salvaguardas resulta em desempenho inferior em avaliações posteriores, sugerindo que o suporte tecnológico contínuo mina a resolução independente de problemas (Jin et al., 2025; Lee et al., 2025). Com o tempo, essa dependência pode atrofiar capacidades cognitivas essenciais (Lopes et al., 2024; Sampaio et al., 2024).",0.4588792622089386
O que é autonomia e opacidade algorítmica?,escrita_academica_ia.md,45,"O terceiro risco tange à privacidade e propriedade intelectual. Ao interagir com ferramentas de IA, pesquisadores expõem ideias e rascunhos ao treinamento de modelos, gerando questões de confidencialidade (Winberg et al., 2024). A falta de transparência sobre o uso de dados protegidos agrava o cenário (Bai et al., 2024; Sampaio et al., 2024). Além disso, a natureza derivativa dos modelos cria riscos tangíveis de plágio inadvertido (Pereira et al., 2024).",0.4513076841831207
O que é autonomia e opacidade algorítmica?,escrita_academica_ia.md,47,"Este artigo busca preencher a lacuna de orientação prática, oferecendo um guia metodológico para o escrita acadêmica ética, responsável e humana com inteligência artificial com ênfase na Ciência Política e voltado especialmente para jovens pesquisadores e estudantes ainda receosos em utilizar a IA em seus trabalhos. O uso ético refere-se à adesão aos princípios de integridade científica (não fabricar dados, não plagiar); o uso responsável tange à transparência algorítmica e à privacidade de dados de pesquisa; já o uso humano diz respeito à preservação da agência e da voz do pesquisador, impedindo que a tecnologia substitua o pensamento crítico.",0.42203500866889954
O que é autonomia e opacidade algorítmica?,escrita_academica_ia.md,49,"O guia é estruturado em cinco fases que orientam o pesquisador para uma colaboração ética e responsável, assegurando que a autoria humana permaneça central no processo. Nesse sentido, em vez de focar somente no que evitar, o objetivo é mostrar como unir a eficiência da máquina com a prevalência do pensamento humano, lidando diretamente com os três riscos aqui apresentados.",0.3405803442001343
O que é autonomia e opacidade algorítmica?,escrita_academica_ia.md,51,"## II. Guia prático para uso ético, responsável e humano da IA generativa na escrita acadêmica",0.3841298818588257
O que é autonomia e opacidade algorítmica?,escrita_academica_ia.md,53,"Diante de tais desafios, elaboramos um guia prático composto por sete etapas a serem observadas durante a escrita com IA buscando equilíbrio entre um uso ético, responsável e que valorize o humano. O Quadro 1 resume as etapas para efeitos didáticos.",0.34161803126335144
O que é autonomia e opacidade algorítmica?,escrita_academica_ia.md,55,"Quadro 1 - Etapas para uso ético, responsável e humano da IA na escrita acadêmica",0.38636282086372375
O que é autonomia e opacidade algorítmica?,escrita_academica_ia.md,57,|              | Fase                                       | Foco Principal                                                 | Objetivo                                                                                                   |,0.2305799126625061
O que é autonomia e opacidade algorítmica?,escrita_academica_ia.md,58,|--------------|--------------------------------------------|----------------------------------------------------------------|------------------------------------------------------------------------------------------------------------|,0.16954109072685242
O que é autonomia e opacidade algorítmica?,escrita_academica_ia.md,59,"| Pré- escrita | 1. Planejamento humano para o uso de IA    | Estruturação pré-IA, proteção de dados e engenharia de prompts | Garantir a intenção autoral, proteger dados de pesquisa e dominar princípios de interação com IA.          |",0.38326773047447205
O que é autonomia e opacidade algorítmica?,escrita_academica_ia.md,60,"| Escrita      | 2. Escrita assistida e cu- radoria crítica | Brainstorming , análise e revisão contínua                     | Usar a IA para expandir ideias, aprofundar refle- xão crítica e refinar progressivamente o conteúdo.       |",0.39056336879730225
O que é autonomia e opacidade algorítmica?,escrita_academica_ia.md,61,"|              | 3. Apropriação e reescrita autoral         | Transformação e personalização do texto                        | Infundir a voz, pensamento e estilo do autor, ga- rantindo originalidade e evitando marcas algorít- micas. |",0.35962870717048645
O que é autonomia e opacidade algorítmica?,escrita_academica_ia.md,62,"| Pós- escrita | 4. Verificação rigorosa de fatos e fontes  | Validação independente de infor- mações                        | Assegurar a precisão factual, bibliográfica, lógica e ausência de plágio.                                  |",0.2994414269924164
O que é autonomia e opacidade algorítmica?,escrita_academica_ia.md,63,|              | 5. Responsabilidade final e transparência  | Accountability e declaração de uso                             | Assumir responsabilidade integral pelo trabalho e declarar transparentemente o uso de IA.                  |,0.47855833172798157
O que é autonomia e opacidade algorítmica?,escrita_academica_ia.md,65,Fonte: elaborado pelo autor (2025).,0.2390412539243698
O que é autonomia e opacidade algorítmica?,escrita_academica_ia.md,67,## II.1. Fase 1: planejamento humano para o uso de IA,0.2982601523399353
O que é autonomia e opacidade algorítmica?,escrita_academica_ia.md,69,"A proteção de dados sensíveis que possam identificar participantes de uma pesquisa é uma consideração central ao utilizar inteligência artificial. A inserção de qualquer informação confidencial, como relatos pessoais ou dados que permitam a identificação de indivíduos, deve ser evitada em plataformas públicas de IA. O manejo inadequado dessas informações pode levar a violações de privacidade e ao descumprimento de regulamentações de proteção de dados (Trindade &amp; Oliveira, 2024). A anonimização completa dos dados, removendo quaisquer identificadores pessoais antes da interação com ferramentas de IA, é recomendada para salvaguardar a confidencialidade dos participantes.",0.4004751443862915
O que é autonomia e opacidade algorítmica?,escrita_academica_ia.md,71,"Outra dimensão de cuidado refere-se à preservação do ineditismo e do capital intelectual da pesquisa. Pesquisadores manifestam apreensão de que seus achados originais, uma vez inseridos em uma plataforma de IA, possam se tornar parte da informação geral disponível online. Os modelos de linguagem são continuamente treinados com os dados que recebem, e qualquer informação fornecida pode ser incorporada ao seu conjunto de treinamento e, eventualmente, ser reapresentada em interações com outros usuários (Pereira et al., 2024; Sampaio et al., 2024). Como cada plataforma estabelece suas próprias regras quanto à privacidade dos dados e ao uso dessas informações para treinamento dos modelos, o pesquisador deve conhecer as políticas de cada ferramenta antes de seu uso.",0.4280087649822235
O que é autonomia e opacidade algorítmica?,escrita_academica_ia.md,73,"Ainda antes da escrita com IA, a principal orientação é: 'nunca comece pelo chat'. Toda escrita acadêmica rigorosa deve ser iniciada fora das ferramentas de inteligência artificial. O pesquisador deve primeiro estabelecer as fundações intelectuais do trabalho mapeando a tese central, formulando perguntas de pesquisa e esboçando o esqueleto do texto. Essa estruturação prévia fortalece a intenção autoral e mitiga que o algoritmo dite a narrativa ou limite o escopo criativo (Pereira et al., 2024; Mollick &amp; Mollick, 2024). A criatividade genuína emerge de conexões inesperadas e pensamento que vão além de dados de treinamento, enquanto a IA opera com padrões estatísticos de alta probabilidade, tornando-se usualmente inadequada para inovação conceitual (Lopes et al., 2024; Resnik &amp; Hosseini, 2025).",0.39726799726486206
O que é autonomia e opacidade algorítmica?,escrita_academica_ia.md,75,"Na pesquisa em Ciência Política, isso significa, entre outras coisas, definir o desenho de pesquisa de forma independente. Antes de solicitar à IA que",0.3514983057975769
O que é autonomia e opacidade algorítmica?,escrita_academica_ia.md,77,"'escreva uma introdução', o pesquisador deve ter clareza sobre quatro elementos. O primeiro é a pergunta de pesquisa, que delimita o que está sendo investigado e, preferencialmente, explicita uma relação causal a ser testada, por exemplo 'Qual o impacto das emendas parlamentares na coesão partidária no Brasil pós-2018?'. O segundo é a hipótese de trabalho, que oferece uma resposta provisória para guiar o estudo. O terceiro é o marco teórico, que define as lentes conceituais da análise, como institucionalismo de escolha racional ou sociologia política. O quarto é a estratégia metodológica, que define como a hipótese será testada empiricamente, seja por métodos quantitativos, qualitativos ou mistos.",0.24765467643737793
O que é autonomia e opacidade algorítmica?,escrita_academica_ia.md,79,"Definido o planejamento, o pesquisador deve escolher as ferramentas e dominar os princípios de interação com a IA. Há uma vasta gama de ferramentas disponíveis (ver Sampaio et al., 2024; Trindade &amp; Oliveira, 2024). As plataformas de IA geralmente oferecem algum tipo de editor de texto com possibilidades de escrita, dentre os quais você deverá escolher (ver Apêndice). Não obstante, muitas ferramentas funcionam como extensões que você pode adicionar ao seu editor de texto, como o Microsoft Word e o Google Docs, sendo que as próprias empresas já embutiram ferramentas do tipo em seus editores. Aqui, o principal cuidado é que algumas ferramentas são especializadas na escrita acadêmica e outras são generalistas, merecendo mais cuidado, além disso, cada plataforma estabelece suas próprias regras quanto à privacidade dos dados e ao uso dessas informações para treinamento dos modelos.",0.39059025049209595
O que é autonomia e opacidade algorítmica?,escrita_academica_ia.md,81,"Os chats dos modelos de linguagem, como ChatGPT, DeepSeek e afins, também podem auxiliar na escrita acadêmica. A qualidade dos resultados é diretamente proporcional à precisão do comando fornecido, prática conhecida como 'engenharia de prompts ' (Trindade &amp; Oliveira, 2024). Em vez de fazer perguntas genéricas, o pesquisador deve assumir o papel de um 'designer de narrativas', como sugere Floridi (2025), especificando os requisitos, restrições e parâmetros da tarefa (para mais, ver Sampaio &amp; Figueiredo, 2025).",0.3702146112918854
O que é autonomia e opacidade algorítmica?,escrita_academica_ia.md,83,"Grosso modo, deve-se atribuir um papel ou função específica à IA para converte-la em uma assistente especializada e não em ferramenta generalista. Comandos como 'atue como pesquisador sênior especialista em instituições políticas e relações Executivo Legislativo' ou 'assuma o papel de um parecerista de periódico e me dê sugestões e pontos a serem melhorados no seguinte texto' tendem a ser efetivos. Essa definição ajuda a IA a compreender o tipo de saída ( output ) esperado e aumenta a precisão das respostas (Mollick &amp; Mollick, 2024).",0.3908361792564392
O que é autonomia e opacidade algorítmica?,escrita_academica_ia.md,85,"Além de definir um papel, o prompt deve fornecer um contexto claro, incluindo a tarefa exata a ser realizada, incluindo o formato , o público-alvo , e o estilo de escrita desejado, o que maximiza a relevância do resultado (Trindade &amp; Oliveira, 2024), como 'corrija esta seção de discussão teórica sobre a governabilidade na Nova República pós-1988. O público-alvo são pares acadêmicos especializados em instituições políticas brasileiras. Mantenha tom analítico e formal. Utilize o vocabulário conceitual consagrado pela literatura brasileira sobre o presidencialismo de coalizão, incluindo conceitos como 'poderes de agenda', 'disciplina partidária', 'formação de gabinetes' e 'custos de transação legislativos'. A seção deve ter entre 1.500 e 2.000 palavras, estruturada em parágrafos argumentativos sem uso de listas ou marcadores. Justifique as alterações realizadas ao texto'. Em muitos casos, é bom fornecer contextos maiores, como anexar um artigo ou colar um texto dentro da temática que você deseja escrever.",0.2832798957824707
O que é autonomia e opacidade algorítmica?,escrita_academica_ia.md,87,"## II.2. Fase 2: geração de insumos, curadoria crítica e refinamento iterativo",0.28395429253578186
O que é autonomia e opacidade algorítmica?,escrita_academica_ia.md,89,"Uma vez escolhidas as ferramentas e dominados os princípios de engenharia de prompts , torna-se possível interagir com a inteligência artificial de maneira controlada, utilizando-a como um recurso de apoio para ampliar o repertório criativo e analítico, sem substituir a capacidade de análise crítica. Um uso profícuo consiste em solicitar à IA a geração de listas de ideias sobre um tópico, a sugestão de diferentes ângulos para um argumento, a criação de exemplos para ilustrar conceitos ou a elaboração de analogias para teorias complexas (Mollick &amp; Mollick, 2024). Essa abordagem transforma a IA em uma 'parceira de brainstorming ' ou em uma 'fonte de inspiração' e uma 'bússola' que aponta novas direções (Jin et al., 2025). A IA pode aumentar a fluência e a flexibilidade do pensamento divergente, auxiliando na superação de bloqueios criativos.",0.38712796568870544
O que é autonomia e opacidade algorítmica?,escrita_academica_ia.md,91,"Assim como o trabalho não começa no chat, ele também não termina nele. Nenhuma resposta produzida por IA deve ser tratada como versão final. Cada trecho de texto produzido pela máquina é um protótipo, um rascunho inicial que exige um rigoroso processo de curadoria e apropriação humana. Em vez de aceitar passivamente a primeira sugestão, que frequentemente é genérica e carece de profundidade (Pereira et al., 2024), o pesquisador deve guiar a ferramenta com comandos específicos, a exemplo de 'sua sugestão anterior foi útil, mas agora a refine para incorporar o debate sobre a execução de emendas parlamentares como moeda de troca nas relações Executivo-Legislativo e remover as generalizações sobre barganha política em sistemas presidencialistas'.",0.3467453420162201
O que é autonomia e opacidade algorítmica?,escrita_academica_ia.md,93,"Esta fase se define por ciclos curtos e contínuos de revisão, nos quais o pesquisador lê criticamente o material, identifica imprecisões, superficialidades ou lacunas argumentativas ('Escrever', 'Filtrar', 'Verificar'), e utiliza essas observações para refinar seus prompts em um diálogo contínuo com a ferramenta (Bai et al., 2024). Ess e ciclo de interação e refinamento progressivo não só melhora a qualidade do resultado da máquina, mas também ajuda o próprio pesquisador a clarificar seus objetivos e a aprofundar seu pensamento crítico (Lee et al., 2025), mantendo total agência e controle sobre o conteúdo (Floridi, 2025).",0.35791975259780884
O que é autonomia e opacidade algorítmica?,escrita_academica_ia.md,95,"Uma forma de aprofundar esse processo é inverter a dinâmica da interação, solicitando que a IA atue como uma 'entrevistadora' ou 'crítica socrática' para desafiar a lógica do trabalho humano. Comandos como 'leia este parágrafo sobre o conceito de polarização afetiva e aponte três falhas lógicas ou contra-argumentos baseados na literatura recente' ou 'aja como um aluno iniciante e peça para eu explicar este conceito em termos simples' forçam o autor a defender e a clarificar suas ideias, quebrando o que Mollick &amp; Mollick (2024) denominam 'ilusão de profundidade explanatória', quando acreditamos entender um tópico mais profundamente do que de fato entendemos.",0.4415524899959564
O que é autonomia e opacidade algorítmica?,escrita_academica_ia.md,97,"Muitas ferramentas de escrita com IA permitem você selecionar um texto e pedir para a máquina 'melhorar a escrita', 'deixar mais formal', 'simplificar a linguagem', 'corrigir ortografia e gramática', 'encurtar', 'alongar' ou 'mudar o tom', como é o exemplo do Gemini, que é capaz de editar o texto diretamente no Google Docs (ver Apêndice). Prefira esse tipo de opção mais detida em pequenos trechos, evitando opções generalistas que escrevem trechos completos, como 'escrever introdução (conclusão)' ou 'escrever com argumentos opostos' (ver Apêndice). Mas todas essas opções, na prática, significam que seu texto vai ser reescrito por uma IA generativa.",0.34556522965431213
O que é autonomia e opacidade algorítmica?,escrita_academica_ia.md,99,"Da mesma maneira, ao usar chats de grandes modelos de linguagem, como ChatGPT, Qwen, DeepSeek e afins, sempre prefira prompts que peçam para revisar ou melhorar o trecho com 'justificativas para as mudanças', o que garante que você compreenda as razões pelas quais a máquina está mexendo no seu texto e te exercita a compreender tais sugestões. Esse exercício de avaliação das justificativas funciona como prática reflexiva, utilizando a IA como um 'espelho' para testar a robustez dos próprios argumentos (Jin et al., 2025). Uma alternativa é solicitar que o chat ofereça 'duas ou mais opções de correção'. Dessa maneira, você poderá observar as diferentes alternativas e construir seu próprio texto. A experiência mostra que a familiaridade com as ferramentas de IA leva os pesquisadores a se tornarem mais críticos e exigentes com os resultados, desenvolvendo uma postura de validação contínua (Lee et al., 2025; Winberg et al., 2024).",0.39289766550064087
O que é autonomia e opacidade algorítmica?,escrita_academica_ia.md,101,## II.3. Fase 3: apropriação e reescrita autoral,0.3158714175224304
O que é autonomia e opacidade algorítmica?,escrita_academica_ia.md,103,"Como já dito, frequentemente você estará revisando, refinando e se apropriando diretamente do texto que está sendo escrito com auxílio de IA. Entretanto, mesmo após curadoria e verificação, deve acontecer uma apropriação e reescrita autoral.",0.3872983455657959
O que é autonomia e opacidade algorítmica?,escrita_academica_ia.md,105,"A fase de apropriação autoral é o momento em que o pesquisador transforma esse material em sua própria produção intelectual por meio da reescrita ativa. Este processo envolve muito mais do que simples correções, exigindo que cada trecho seja reformulado com as próprias palavras do autor, ajustando o vocabulário, o tom e o estilo para garantir que o texto reflita sua voz única (Lopes et al., 2024b; Pereira et al., 2024; Trindade &amp; Oliveira, 2024).",0.36220070719718933
O que é autonomia e opacidade algorítmica?,escrita_academica_ia.md,107,"O pesquisador deve reorganizar parágrafos, inserir transições lógicas e acrescentar sua interpretação e análise original, elementos que a IA frequentemente não pode fornecer (Floridi, 2025). Portanto, estamos falando de uma apropriação que acrescenta de modo significativo a parte humana da autoria , como o pensamento crítico, a criatividade, ou simplesmente a 'alma ao texto', já que textos de IA usualmente soam muito genéricos, técnicos e justamente sem o toque humano. A leitura do texto em voz alta é uma técnica profícua para identificar dissonâncias e garantir que o resultado soe coeso, com as 'costuras' que revelem a origem mecânica de certas passagens.",0.41215893626213074
O que é autonomia e opacidade algorítmica?,escrita_academica_ia.md,109,"Aqui, é preciso cuidado especial com o que Floridi (2025) chama de dataprint , ou seja, as marcas deixadas pelos dados de treinamento e técnicas de desenvolvimento dos grandes modelos de linguagem. Como já sabemos, as IAs foram treinadas nos dados disponíveis na internet, o que significa que reproduzem todos os vieses ali presentes, como a maior presença de textos em língua inglesa e de países do norte global.",0.3506424129009247
O que é autonomia e opacidade algorítmica?,escrita_academica_ia.md,111,"Sem o cuidado devido, todos esses vieses irão diretamente para o seu texto e os 'vícios de linguagem das máquinas' se transformarão nos seus próprios, como pode ser visto nos atuais usos abusivos de certas palavras ('crucial', 'essencial'); expressões (' insights valiosos'); traduções incorretas, como 'rica tapeçaria' que vem do inglês ' rich tapestry '; marcadores de texto ('-') e formas de construir orações subordinadas com dois pontos ':' e ponto e vírgula ';'(ver Sampaio &amp; Figueiredo, 2025). Em suma, o objetivo é não deixar que a IA 'lave' a sua escrita.",0.3477937579154968
O que é autonomia e opacidade algorítmica?,escrita_academica_ia.md,113,## II.4. Fase 4: verificação rigorosa de fatos e fontes,0.2093125879764557
O que é autonomia e opacidade algorítmica?,escrita_academica_ia.md,115,"Após a curadoria e reescrita do texto, o pesquisador deve verificar de forma independente e meticulosa cada informação, dado, estatística e referência bibliográfica gerada pela ferramenta. É um erro assumir que a fluidez e a aparente coerência do texto da IA são sinônimos de precisão (Pereira et al., 2024).",0.38542038202285767
O que é autonomia e opacidade algorítmica?,escrita_academica_ia.md,117,"Modelos de linguagem são propensos a 'alucinações', um fenômeno que consiste na fabricação de informações, dados e citações que parecem plausíveis, mas são falsos ou imprecisos (Trindade &amp; Oliveira, 2024; Lopes et al., 2024). Confiar cegamente nessas saídas, sem uma validação rigorosa, compromete a integridade da pesquisa, podendo configurar má conduta acadêmica e minar a credibilidade do autor.",0.3852306306362152
O que é autonomia e opacidade algorítmica?,escrita_academica_ia.md,119,"A verificação deve acontecer especialmente em termos de quatro elementos. Primeiramente, a verificação factual , na qual o pesquisador confirma datas, nomes e estatísticas em fontes primárias ou em bases de dados confiáveis. Em segundo lugar, a verificação bibliográfica , que envolve checar a existência real de cada obra citada, validando seus DOIs e autores em plataformas como Scopus, Web of Science ou Google Scholar, porém sugerimos nunca usar citações geradas por IA , e, especialmente, nunca citar textos que não foram lidos pelo autor (algo já possível com certas ferramentas, ver Apêndice).",0.28577661514282227
O que é autonomia e opacidade algorítmica?,escrita_academica_ia.md,121,"Não se trata apenas de citações inventadas ou falsas, mas a IA pode citar textos e autores que existem, mas citar incorretamente. Por exemplo, ela pode gerar uma citação correta ao clássico trabalho de 'Bowling Alone' de Robert Putnam, mas atribuir a ele uma ideia que é da literatura de cultura política, mas não presente na obra ou mesmo citar uma ideia do próprio Putnam, mas presente em outro trabalho. Por isso, a regra é absoluta e não admite exceções. Nunca cite um texto que você não leu na íntegra, mesmo que a referência pareça perfeita.",0.2781887650489807
O que é autonomia e opacidade algorítmica?,escrita_academica_ia.md,123,"Em terceiro lugar, a verificação de plágio , pois ideias e textos gerados por IA podem estar baseados em ideias e textos já publicados, podendo gerar um plágio inadvertido. Finalmente, a verificação lógica , que consiste em avaliar a coerência interna do argumento e a ausência de contradições (Lee et al., 2025). Esse processo de validação é o componente final do ciclo proposto por Bai et al. (2024), sendo a etapa que efetivamente garante a qualidade e a confiabilidade do trabalho.",0.3875657916069031
O que é autonomia e opacidade algorítmica?,escrita_academica_ia.md,125,## II.5. Fase 5: responsabilidade final e transparência,0.3185846209526062
O que é autonomia e opacidade algorítmica?,escrita_academica_ia.md,127,"A etapa final do processo de escrita é assumir responsabilidade total e inequívoca sobre o manuscrito. Como autor humano, você deve assumir a precisão das informações, a integridade dos argumentos e a originalidade da contribuição, mesmo que partes do texto tenham sido sugeridas ou refinadas com o auxílio da IA. A autoria acadêmica implica uma prestação de contas ( accountability ) que é intransferível. Uma IA, por ser uma ferramenta sem consciência, intencionalidade ou personalidade jurídica, não pode ser responsabilizada por erros, plágio ou quaisquer outras implicações éticas do trabalho. A responsabilidade é, e sempre deve ser, inteiramente do autor humano (Resnik &amp; Hosseini, 2025; Sampaio et al., 2024).",0.4235519468784332
O que é autonomia e opacidade algorítmica?,escrita_academica_ia.md,129,"Oprincipal consenso sobre o uso de IA na escrita acadêmica é a declaração transparente de sua utilização. Essa não é uma mera formalidade, mas um pilar da integridade acadêmica. As políticas de periódicos e instituições convergem para a exigência de que os autores declarem o uso de ferramentas de IA, geralmente na seção de metodologia, nos agradecimentos ou em uma declaração final específica (Trindade &amp; Oliveira, 2024; Sampaio et al., 2024). Essa declaração deve nomear a ferramenta, a versão e a data de utilização, como 'ChatGPT 5.1, Gemini 3.0 pro, usados em novembro de 2025'. A inclusão da data é particularmente relevante porque os modelos de IA são atualizados com frequência, mas nem sempre alteram o nome de sua versão. Registrar quando a ferramenta foi utilizada facilita a replicabilidade da pesquisa e permite que futuros leitores compreendam o contexto tecnológico em que o trabalho foi produzido.",0.39916181564331055
O que é autonomia e opacidade algorítmica?,escrita_academica_ia.md,131,"Além disso, é importante descrever como as ferramentas foram utilizadas e para que finalidade, documentando o processo, mantendo um registro dos prompts utilizados e das principais versões do texto, é uma prática recomendada que assegura a rastreabilidade do trabalho e prepara o autor para responder a quaisquer questionamentos de revisores ou editores. A transparência demonstra uma conduta ética e responsável perante a comunidade científica, reforçando o agente humano como plenamente responsável pela qualidade, veracidade e originalidade de sua obra (Winberg et al., 2024). É importante esclarecer que a transparência no uso da IA ainda é um ponto que pode gerar avaliações paradoxais. Em certos cenários, ela elevou a aceitação moral do trabalho (Mei et al., 2025), em outros, aumentou a desconfiança sobre a qualidade do trabalho (Schilke &amp; Reimann, 2005).",0.42760762572288513
O que é autonomia e opacidade algorítmica?,escrita_academica_ia.md,133,"Para estruturar essa declaração de forma sistemática, os pesquisadores podem utilizar frameworks como o desenvolvido por Resnik &amp; Hosseini (2025), que oferecem modelos para diferentes níveis de contribuição da IA, desde a geração de ideias até a edição, conforme o Quadro 2.",0.39525526762008667
O que é autonomia e opacidade algorítmica?,escrita_academica_ia.md,135,"Antes de submeter o manuscrito, uma boa prática é realizar uma verificação final, consultando as políticas institucionais (do periódico, evento, associação, editora etc.) relativas ao uso de Inteligência Artificial e ao cumprimento dos requisitos de transparência exigidos. Como é natural, algumas instituições são mais restritivas que outras e já conhecer a regra facilita o processo.",0.3372642695903778
O que é autonomia e opacidade algorítmica?,escrita_academica_ia.md,137,## III. Refletindo sobre o processo de escrita com IA,0.38627782464027405
O que é autonomia e opacidade algorítmica?,escrita_academica_ia.md,139,"Como uma fase adicional e não obrigatória, recomenda-se que o uso de IA seja permeado pela reflexão do pesquisador, notadamente para aqueles que ainda não dominam o texto acadêmico. Após cada escrita com IA, realiza-se um exercício de documentação do processo, uma espécie de 'diário de bordo da IA'. Esse documento, que geralmente não integra o trabalho final, funciona como um exercício de autoavaliação.",0.393722265958786
O que é autonomia e opacidade algorítmica?,escrita_academica_ia.md,141,"O pesquisador registra sistematicamente como utilizou a ferramenta, observando pontos como as etapas do trabalho em que a IA foi acionada e com quais prompts , e de que maneira a ferramenta impactou o processo em termos de eficiência, satisfação e aprendizado, por exemplo, ao sugerir novas perspectivas (Pereira et al., 2024). Também são registrados os principais obstáculos encontrados, como a geração de conteúdo genérico ou 'alucinações' que",0.40526652336120605
O que é autonomia e opacidade algorítmica?,escrita_academica_ia.md,143,Quadro 2 - Divulgação do uso de IA em pesquisa e escrita,0.35094499588012695
O que é autonomia e opacidade algorítmica?,escrita_academica_ia.md,145,| Categoria de divul- gação   | Uso da IA (Exemplos)                                                                                                                                                                                                                                                                                                                                                                                                                                                                                                 |,0.3835471272468567
O que é autonomia e opacidade algorítmica?,escrita_academica_ia.md,146,|-----------------------------|----------------------------------------------------------------------------------------------------------------------------------------------------------------------------------------------------------------------------------------------------------------------------------------------------------------------------------------------------------------------------------------------------------------------------------------------------------------------------------------------------------------------|,0.1763184815645218
O que é autonomia e opacidade algorítmica?,escrita_academica_ia.md,147,| Divulgação desne- cessária  | A IA atua em tarefas menores ou como parte de uma operação integrada que não gera conteúdo nem toma decisões de pesquisa. Para sugerir palavras ou frases que melhorem a clareza ou inteligibilidade de uma frase existente. Como parte de uma operação maior na qual a IA não está gerando ou sintetizando conteúdo nem tomando decisões de pesquisa (ex.: IA integrada a outros sistemas/máquinas). Como assistente digital (ex.: ajudar a organizar e manter ativos digitais e fluxos de trabalho de um projeto). |,0.39675405621528625
O que é autonomia e opacidade algorítmica?,escrita_academica_ia.md,148,"| Divulgação opcional         | A IA foi usada como ferramenta auxiliar para aprimoramento ou suporte, mas não afetou o conteúdo central. Para editar texto existente quanto à gramática, ortografia ou organização. Para localizar e gerar exemplos para conteúdo existente. Para fazer brainstorming e sugerir formas de organizar um artigo ou o título de um artigo/seção. Para validar e/ou oferecer feedback sobre ideias, texto e código existentes.                                                                                          |",0.37518051266670227
O que é autonomia e opacidade algorítmica?,escrita_academica_ia.md,149,"| Divulgação obrigatória      | A IA teve impacto na geração, síntese ou decisão do conteúdo central da pesquisa. Para formular perguntas, hipóteses, elaborar e conduzir experimentos. Para redigir partes do artigo, resumir, parafrasear, revisar significativamente ou sintetizar conteúdo textual. Para traduzir partes ou a totalidade do artigo.                                                                                                                                                                                              |",0.3242284655570984
O que é autonomia e opacidade algorítmica?,escrita_academica_ia.md,151,Fonte: baseado em Resnik &amp; Hosseini (2025).,0.23407278954982758
O que é autonomia e opacidade algorítmica?,escrita_academica_ia.md,153,"exigiram verificação (Trindade &amp; Oliveira, 2024). Essa análise permite identificar o que a interação revelou sobre o próprio processo de escrita.",0.3250412940979004
O que é autonomia e opacidade algorítmica?,escrita_academica_ia.md,155,"Este exercício de documentação não visa apenas à transparência, mas ao desenvolvimento de uma consciência crítica sobre a colaboração, permitindo um uso mais intencional e controlado em projetos futuros e consolidando a agência e a responsabilidade do autor humano, além de ser um exercício em si de escrita humana e reflexão.",0.37386849522590637
O que é autonomia e opacidade algorítmica?,escrita_academica_ia.md,157,"Este artigo apresentou um roteiro em cinco fases para uma interação ética, responsável e humana com a inteligência artificial generativa na escrita acadêmica, estruturado em torno de três riscos centrais: o sentimento de perda da autoria, o descarregamento cognitivo e a exposição de dados de pesquisa. As fases foram numeradas por razões didáticas e não exigem aplicação sequencial ou integral em cada atividade de escrita. Além disso, uma possível limitação é que ao seguir fielmente as fases, todo o ganho da eficiência trazido pela IA pode se perder nos processos de curadoria e reflexão. Entretanto, o objetivo principal era desenvolver um método detalhado para esse uso crítico da IA para a escrita acadêmica, garantindo que a tecnologia sirva ao aprimoramento do pensamento, e não à sua substituição. Acreditamos que com o treino, os jovens pesquisadores irão fazer as etapas de forma mais natural e poderão também sentir ganhos de produtividade.",0.38310539722442627
O que é autonomia e opacidade algorítmica?,escrita_academica_ia.md,159,"Para além do guia, recomenda-se que pesquisadores reservem uma porção do tempo de redação para a prática deliberada sem auxílio da IA, como estratégia concreta para mitigar os riscos de descarregamento cognitivo e atrofia de",0.3544505834579468
O que é autonomia e opacidade algorítmica?,escrita_academica_ia.md,161,## IV. Conclusão,0.22750326991081238
O que é autonomia e opacidade algorítmica?,escrita_academica_ia.md,163,## Declaração de uso de IA,0.38925057649612427
O que é autonomia e opacidade algorítmica?,escrita_academica_ia.md,165,## Financiamento,0.2871685326099396
O que é autonomia e opacidade algorítmica?,escrita_academica_ia.md,167,## Conflito de interesses,0.29837194085121155
O que é autonomia e opacidade algorítmica?,escrita_academica_ia.md,169,"habilidades. A documentação dessas experiências em um diário reflexivo auxilia na construção de maturidade intelectual e tecnológica, permitindo o refinamento contínuo de diretrizes pessoais para projetos futuros.",0.33089935779571533
O que é autonomia e opacidade algorítmica?,escrita_academica_ia.md,171,"Emúltima análise, o uso ético da IA na pesquisa não se resume a seguir um conjunto de regras, mas a cultivar uma postura de vigilância intelectual e responsabilidade. Ao aderir aos princípios de rigor, transparência e reprodutibilidade, dentro dos limites do que a tecnologia permite, o pesquisador assegura a integridade de seu trabalho e contribui para uma cultura acadêmica que valoriza a inovação sem sacrificar a profundidade.",0.4209260940551758
O que é autonomia e opacidade algorítmica?,escrita_academica_ia.md,173,"Durante a preparação deste texto, o autor utilizou Claude (versão 4.5 Opus), Gemini (versões 2.5Pro, 3.0 Pro) e GLM 4.5 da Z.ai entre julho e novembro de 2025 para brainstorming , avaliação do texto e melhorias gramaticais e semânticas ao texto. Após o uso destas ferramentas, o autor revisou e editou o conteúdo em conformidade com o método científico e assume total responsabilidade pelo conteúdo da publicação.",0.315121054649353
O que é autonomia e opacidade algorítmica?,escrita_academica_ia.md,175,## Contribuição de autoria (CRediT),0.3365253806114197
O que é autonomia e opacidade algorítmica?,escrita_academica_ia.md,177,"Rafael Cardoso Sampaio: conceitualização, análise formal, investigação, metodologia, escrita do artigo original.",0.3192363381385803
O que é autonomia e opacidade algorítmica?,escrita_academica_ia.md,179,Esta pesquisa contou com financiamento do CNPq e com o apoio da Associação Brasileira de Ciência Política (ABCP).,0.2527463436126709
O que é autonomia e opacidade algorítmica?,escrita_academica_ia.md,181,## Declaração de disponibilidade de dados,0.3259022831916809
O que é autonomia e opacidade algorítmica?,escrita_academica_ia.md,183,Nenhum dado de pesquisa gerado ou utilizado.,0.2360764890909195
O que é autonomia e opacidade algorítmica?,escrita_academica_ia.md,185,Oautor declara não haver nenhum conflito de interesses.,0.2627890408039093
O que é autonomia e opacidade algorítmica?,escrita_academica_ia.md,187,"Rafael Cardoso Sampaio (cardososampaio@gmail.com) é professor permanente do programa de Pós-graduação em Ciência Política (UFPR). Pesquisador do Instituto Nacional de Ciência e Tecnologia Transformações da Participação, do Associativismo e do Confronto Político (INCT Participa). Bolsista produtividade do CNPq.",0.30629587173461914
O que é autonomia e opacidade algorítmica?,escrita_academica_ia.md,189,## Referências,0.25650230050086975
O que é autonomia e opacidade algorítmica?,escrita_academica_ia.md,191,"- Bai, S., Gonda, D.E. &amp; Hew, K.F. (2024) Write-curate-verify: a case study of leveraging generative AI for scenario writing in scenario-based learning. IEEE Transactions on Learning Technologies , 17, pp. 1301-1312. DOI",0.23354630172252655
O que é autonomia e opacidade algorítmica?,escrita_academica_ia.md,192,"- Floridi, L. (2025) Distant writing: Literary production in the age of artificial intelligence. Minds and Machines , 35(3), 30. DOI",0.23315690457820892
O que é autonomia e opacidade algorítmica?,escrita_academica_ia.md,193,"- Jin, F., Sun, L. &amp; Pan, Y., et al. (2025) High heels, compass, spider-man, or drug? Metaphor analysis of generative artificial intelligence in academic writing. Computers &amp; Education , 228, 105248. DOI",0.17800401151180267
O que é autonomia e opacidade algorítmica?,escrita_academica_ia.md,195,"- Lee, H., Sarkar, A. &amp; Tankelevitch, L., et al. (2025) The impact of generative AI on critical thinking: self-reported reductions in cognitive effort and confidence effects from a survey of knowledge workers. Proceedings of the 2025 CHI Conference on Human Factors in Computing Systems. Yokohama, Japão. DOI",0.3163253962993622
O que é autonomia e opacidade algorítmica?,escrita_academica_ia.md,196,"- Lopes, C., Forgas, R.C. &amp; Cerdà-Navarr, A. (2024) Tese de doutorado em educação escrita por inteligência artificial? Revista Brasileira de Educação , 29, e290065. DOI",0.3523167073726654
O que é autonomia e opacidade algorítmica?,escrita_academica_ia.md,197,"- Mei, P., Brewis, D. &amp; Nwaiwu, F., et al. (2025) If ChatGPT can do it, where is my creativity? Generative AI boosts performance but diminishes experience in creative writing. Computers in Human Behavior: Artificial Humans , 4, 100140. DOI",0.20489324629306793
O que é autonomia e opacidade algorítmica?,escrita_academica_ia.md,198,"- Mollick, E.R. &amp; Mollick, L. (2024) Instructors as innovators: a future-focused approach to new AI learning opportunities, with prompts. SSRN Electronic Journal [Preprint]. DOI",0.2514469027519226
O que é autonomia e opacidade algorítmica?,escrita_academica_ia.md,199,"- Pereira, R., Reis, I.W. &amp; Ulbricht, V., et al. (2024) Generative artificial intelligence and academic writing: an analysis of the perceptions of researchers in training. Management Research: Journal of the Iberoamerican Academy of Management , 22(4), pp. 429-450. DOI",0.33454611897468567
O que é autonomia e opacidade algorítmica?,escrita_academica_ia.md,200,"- Resnik, D. &amp; Hosseini, M. (2025) Disclosing artificial intelligence use in scientific research and publication: when should disclosure be mandatory, optional, or unnecessary? Accountability in Research , 2025, pp. 1-13. DOI",0.3253701627254486
O que é autonomia e opacidade algorítmica?,escrita_academica_ia.md,201,"- Sampaio, R. &amp; Figueiredo, D. (2025) Prompts (infalíveis!) para pesquisa acadêmica com inteligência artificial. Teresina: EDUFPI.",0.32945162057876587
O que é autonomia e opacidade algorítmica?,escrita_academica_ia.md,202,"- Sampaio, R., Sabbatini, M. &amp; Limongi, R. (2024) Diretrizes para o uso ético e responsável da inteligência artificial generativa: um guia prático para pesquisadores. São Paulo: Sociedade Brasileira de Estudos Interdisciplinares da Comunicação.",0.36211496591567993
O que é autonomia e opacidade algorítmica?,escrita_academica_ia.md,203,"- Schilke, O. &amp; Reimann, M. (2005) The transparency dilemma: how AI disclosure erodes trust. Organizational Behavior and Human Decision Processes , 188, 104405. DOI",0.3966379165649414
O que é autonomia e opacidade algorítmica?,escrita_academica_ia.md,204,"- Trindade, A. &amp; Oliveira, H. (2024) Inteligência artificial generativa e competência em informação: habilidades informacionais necessárias ao uso de ferramentas de IA generativa em demandas informacionais acadêmico-científicas. Perspectivas em Ciência da Informação , 29, e-47485. DOI",0.3586885333061218
O que é autonomia e opacidade algorítmica?,escrita_academica_ia.md,205,"- Winberg, C., Engel-Hills, P. &amp; Winberg, S. (2024) 'Am I in control of my own writing?' Training postgraduate candidates in the responsible use of generative artificial intelligence in academic writing. African Journal of Inter/Multidisciplinary Studies , 6(1), pp. 1-12. DOI",0.26254746317863464
O que é autonomia e opacidade algorítmica?,escrita_academica_ia.md,207,## Recursos de internet,0.15167349576950073
O que é autonomia e opacidade algorítmica?,escrita_academica_ia.md,209,MaxAI: https://maxai.co/.,0.3041151762008667
O que é autonomia e opacidade algorítmica?,escrita_academica_ia.md,211,Gemini: https://gemini.google.com/.,0.11749798059463501
O que é autonomia e opacidade algorítmica?,escrita_academica_ia.md,213,SciSpace: https://scispace.com/.,0.1600295454263687
O que é autonomia e opacidade algorítmica?,escrita_academica_ia.md,215,"## Towards ethical, responsible, and human-centered academic writing with AI",0.27628540992736816
O que é autonomia e opacidade algorítmica?,escrita_academica_ia.md,217,"Keywords: academic writing, scientific integrity, Generative Artificial Intelligence, authorship, narrative review.",0.2770233154296875
O que é autonomia e opacidade algorítmica?,escrita_academica_ia.md,219,"ABSTRACT Introduction: The rapid spread of generative artificial intelligence (GenAI) has transformed academic writing, both enhancing efficiency and prompting concerns about authorship, integrity, privacy, and cognitive development. Although recent scholarship has focused largely on normative debates and institutional policies concerning authorship and transparency, it offers little practical guidance on how to use AI without compromising intellectual formation, particularly for early-career researchers. This article addresses that gap by proposing a structured method for the ethical, responsible, and human-centered use of AI. Materials and methods: The study conducts a narrative review of the literature examining the risks associated with AI-assisted writing, such as diluted authorship, cognitive offloading, bias, privacy concerns, and 'hallucinations', and integrates this review with normative documents and institutional guidelines. Building on this synthesis, the article develops a practical guide organized into five methodological phases designed to foster critical and responsible engagement with AI technologies. Results: The proposed guide structures the writing process into five stages: initial human-centered planning; AI-assisted drafting paired with critical curation; authorial appropriation and rewriting; rigorous verification of facts, sources, and argumentative coherence; and final accountability through transparent disclosure of AI use. Each stage provides safeguards to mitigate cognitive, ethical, and epistemic risks while preserving authorial agency. Discussion: The argument advanced here is that ethical AI use depends less on formal prohibitions and more on cultivating practices of intellectual vigilance, meticulous documentation, and continuous reflection. While the proposed process may limit some of the efficiency gains associated with AI, it strengthens cognitive capacities, safeguards scientific integrity, and helps balance technological innovation with human responsibility.",0.29855939745903015
O que é autonomia e opacidade algorítmica?,escrita_academica_ia.md,221,<!-- image -->,0.11903730034828186
O que é autonomia e opacidade algorítmica?,escrita_academica_ia.md,223,"This is an Open Access article distributed under the terms of the Creative Commons Attribution License, which permits unrestricted use, distribution, and reproduction in any medium, provided the original work is properly cited.",0.19635024666786194
O que é autonomia e opacidade algorítmica?,escrita_academica_ia.md,225,## Apêndice,0.24106362462043762
O que é autonomia e opacidade algorítmica?,escrita_academica_ia.md,227,- Figura 1 - Opções presentes no Gemini acessado diretamente do Google Docs.,0.2608366012573242
O que é autonomia e opacidade algorítmica?,escrita_academica_ia.md,228,- Figura 2 - Opções presentes no Gemini para inserir um texto corrigido abaixo ou para substituir o trecho presente na seleção original.,0.2048499435186386
O que é autonomia e opacidade algorítmica?,escrita_academica_ia.md,229,"- Figura 3 - Ferramenta de IA MaxAI que ao ser acionada quando selecionado um texto, apresenta todas essas opções para reformular o texto e mesmo um espaço para um prompt personalizado.",0.33115601539611816
O que é autonomia e opacidade algorítmica?,escrita_academica_ia.md,230,"- Figura 4 - Opções da ferramenta de escrita acadêmica do SciSpace, que apresenta diversas possibilidades consideradas antiéticas pelo autor, como 'continuar escrevendo com citações', 'escreva a introdução'/'escreva a conclusão' e ainda 'escreva usando argumentos opostos' (tradução minha).",0.32900476455688477
O que é autonomia e opacidade algorítmica?,escrita_academica_ia.md,232,Figura 1 - Opções de ferramenta de escrita com IA,0.3738785982131958
O que é autonomia e opacidade algorítmica?,escrita_academica_ia.md,234,<!-- image -->,0.11903730034828186
O que é autonomia e opacidade algorítmica?,escrita_academica_ia.md,236,Fonte: captura de tela realizada pelo autor. Acesso em: 28 de nov. 2025.,0.23324352502822876
O que é autonomia e opacidade algorítmica?,escrita_academica_ia.md,238,Figura 2 - Opções de inserção do texto modificado pela ferramenta de IA,0.30196285247802734
O que é autonomia e opacidade algorítmica?,escrita_academica_ia.md,240,"(Floridi, 2025). Portanto, estamos falando de uma apropriação que acrescenta de modo significativo a parte humana da autoria, como o pensamento crítico, a criatividade, ou simplesmente a ""alma ao texto"", já que textos de IA usualmente soam com muito genéricos, técnicos e justamente sem o toque humano. A leitura do texto em voz alta é uma técnica profícua para identificar dissonâncias e garantir que o resultado soe coeso, sem ""costuras"" que revelem a origem mecânica de certas passagens.",0.4073123335838318
O que é autonomia e opacidade algorítmica?,escrita_academica_ia.md,242,<!-- image -->,0.1189589723944664
O que é autonomia e opacidade algorítmica?,escrita_academica_ia.md,244,Fonte: captura de tela realizada pelo autor. Acesso em: 28 de nov. 2025.,0.23324352502822876
O que é autonomia e opacidade algorítmica?,escrita_academica_ia.md,246,Figura 3 - opções de ferramenta MaxAI de escrita com IA,0.3831913471221924
O que é autonomia e opacidade algorítmica?,escrita_academica_ia.md,248,<!-- image -->,0.11903730034828186
O que é autonomia e opacidade algorítmica?,escrita_academica_ia.md,250,Fonte: captura de tela realizada pelo autor. Acesso em: 23 de jul. 2025,0.2448812872171402
O que é autonomia e opacidade algorítmica?,escrita_academica_ia.md,252,Figura 4 - Ferramenta de escrita com IA da SciSpace,0.35000377893447876
O que é autonomia e opacidade algorítmica?,escrita_academica_ia.md,254,<!-- image -->,0.11903730034828186
O que é autonomia e opacidade algorítmica?,escrita_academica_ia.md,256,Fonte: captura de tela realizada pelo autor. Acesso em: 23 de jul. 2025.,0.24052700400352478
O que é autonomia e opacidade algorítmica?,bioetica_e_ia.md,1,273,0.07624074816703796
O que é autonomia e opacidade algorítmica?,bioetica_e_ia.md,3,<!-- image -->,0.11903730034828186
O que é autonomia e opacidade algorítmica?,bioetica_e_ia.md,5,## Entre o algoritmo e o Juramento de Hipócrates: bioética na era da inteligência artificial,0.40732064843177795
O que é autonomia e opacidade algorítmica?,bioetica_e_ia.md,7,"Juracy Barbosa dos Santos 1 , Guilhermina Rego 1 , Rui Nunes 1",0.269674688577652
O que é autonomia e opacidade algorítmica?,bioetica_e_ia.md,9,"1. Faculdade de Medicina da Universidade do Porto, Porto, Portugal.",0.16555148363113403
O que é autonomia e opacidade algorítmica?,bioetica_e_ia.md,11,## Resumo,0.3069719672203064
O que é autonomia e opacidade algorítmica?,bioetica_e_ia.md,13,"O avanço da inteligência artificial tem transformado profundamente a prática médica. De sistemas de apoio à decisão clínica a algoritmos de triagem e diagnóstico, a inteligência artificial tem demons -trado potencial para diagnósticos precoces, terapias personalizadas, otimização de recursos, redução de erros e ampliação do acesso a cuidados especializados. Contudo, essa revolução tecnológica impõe desafios éticos significativos aos princípios clássicos da bioética, como beneficência, não maleficência, confidencialidade e respeito à autonomia do doente, consagrados desde o Juramento de Hipócrates. A incorporação da inteligência artificial na medicina suscita tensões entre eficiência automatizada e valores humanos. Este artigo revisa a literatura sobre os principais dilemas éticos da aplicação da inteli -gência artificial na prática médica e avalia em que medida os princípios hipocráticos podem ser preser -vados ou adaptados diante das transformações tecnológicas, a fim de contribuir para o debate sobre os rumos éticos da medicina contemporânea em um cenário de crescente automação.",0.3482302129268646
O que é autonomia e opacidade algorítmica?,bioetica_e_ia.md,15,Palavras-chave: Bioética. Inteligência artificial. Ética médica. Autonomia pessoal.,0.42676666378974915
O que é autonomia e opacidade algorítmica?,bioetica_e_ia.md,17,## Resumen,0.15808294713497162
O que é autonomia e opacidade algorítmica?,bioetica_e_ia.md,19,## Entre el algoritmo y el Juramento Hipocrático: bioética en la era de la inteligencia artificial,0.34190306067466736
O que é autonomia e opacidade algorítmica?,bioetica_e_ia.md,21,"El avance de la inteligencia artificial ha transformado profundamente la práctica médica. Desde sistemas de apoyo a la decisión clínica hasta algoritmos de triaje y diagnóstico, la inteligencia artificial ha demostrado potencial para diagnósticos precoces, terapias personalizadas, optimización de recursos, reducción de errores y ampliación del acceso a cuidados especializados. No obstante, esta revolución tecnológica impone desafíos éticos significativos a los principios clásicos de la bioética, tales como la beneficencia, la no maleficencia, la confidencialidad y el respeto a la autonomía del paciente, consagrados desde el Juramento Hipocrático. La incorporación de la inteligencia artificial en la medicina suscita tensiones entre la eficiencia automatizada y los valores humanos. Este artículo revisa la literatura sobre los principales dilemas éticos de la aplicación de la inteligencia artificial en la práctica médica y evalúa en qué medida los principios hipocráticos pueden preservarse o adaptarse ante las transformaciones tecnológicas, con el fin de contribuir al debate sobre los rumbos éticos de la medicina contemporánea en un escenario de creciente automatización.",0.2742791771888733
O que é autonomia e opacidade algorítmica?,bioetica_e_ia.md,23,Palabras clave: Bioética. Inteligencia artificial. Ética médica. Autonomía personal.,0.36040234565734863
O que é autonomia e opacidade algorítmica?,bioetica_e_ia.md,25,## Abstract,0.2611905634403229
O que é autonomia e opacidade algorítmica?,bioetica_e_ia.md,27,## Between the algorithm and the Hippocratic Oath: bioethics in the age of artificial intelligence,0.2857869863510132
O que é autonomia e opacidade algorítmica?,bioetica_e_ia.md,29,"The advancement of artificial intelligence has profoundly transformed medical practice. From clinical decisionsupport systems to screening and diagnostic algorithms, artificial intelligence has demonstrated potential for early diagnosis, personalized therapies, resource optimization, error reduction, and expanded access to specialized care. However, this technological revolution imposes significant ethical challenges on the classic principles of bioethics, such as beneficence, non-maleficence, confidentiality, and respect for patient autonomy, enshrined since the Hippocratic Oath. The incorporation of artificial intelligence into medicine raises tensions between automated efficiency and human values. This article reviews the literature on the primary ethical dilemmas of applying artificial intelligence in medical practice and evaluates to what extent Hippocratic principles can be preserved or adapted in the face of technological transformations, aiming to contribute to the debate on the ethical directions of contemporary medicine in a scenario of increasing automation.",0.24262981116771698
O que é autonomia e opacidade algorítmica?,bioetica_e_ia.md,31,"Keywords: Bioethics. Artificial intelligence. Ethics, medical. Personal autonomy.",0.3018868863582611
O que é autonomia e opacidade algorítmica?,bioetica_e_ia.md,33,Declaram não haver conflito de interesse.,0.24990588426589966
O que é autonomia e opacidade algorítmica?,bioetica_e_ia.md,35,"A introdução da inteligência artificial (IA) na medicina representa um dos maiores saltos tecno -lógicos da história recente da saúde. De sistemas de apoio à decisão clínica a algoritmos de triagem e diagnóstico, a IA tem demonstrado potencial para diagnósticos  precoces,  terapias  personalizadas, otimização de recursos, redução de erros médicos e ampliação do acesso a cuidados especializados, especialmente em regiões remotas ou com escas -sez de profissionais de saúde qualificados  1,2 . Em áreas como dermatologia, radiologia e cardiologia, algoritmos baseados em deep learning (apren -dizado  profundo)  já  demonstram  desempenho comparável, ou mesmo superior, ao de especialis -tas humanos em tarefas específicas 3 .",0.368401437997818
O que é autonomia e opacidade algorítmica?,bioetica_e_ia.md,37,"No entanto, a rápida expansão e incorporação da IA à prática clínica não ocorre sem desafios. A  adoção  acelerada  dessas  tecnologias  suscita preocupações éticas significativas, especialmente no que diz respeito aos princípios fundamentais da bioética. Desde seus primórdios, a medicina tem sido regida por princípios éticos que visam à proteção e ao bem-estar do paciente. O Juramento de Hipócrates, datado do século V a.C., consagrou valores  fundamentais  como  beneficência,  não maleficência, confidencialidade e respeito à auto -nomia do doente - pilares da bioética ainda hoje 4 . Tais valores foram reforçados no século XX por documentos como o Código de Nüremberg e  a Declaração de Helsinki , que consolidaram as bases para a ética em pesquisa e prática médica 3 .",0.2523641288280487
O que é autonomia e opacidade algorítmica?,bioetica_e_ia.md,39,"Contudo, o advento da IA na medicina introduz novos e complexos desafios éticos que tensionam esses princípios. Entre os dilemas que emergem estão  a  opacidade  e  a  não  explicabilidade  dos algoritmos - os chamados black boxes -, que difi -cultam a compreensão e a validação das decisões automatizadas por parte de médicos e pacientes, e essa falta de transparência algorítmica compro -mete o princípio da autonomia, pois impede o con -sentimento plenamente informado. Além disso, surgem questões sobre a responsabilização por erros clínicos decorrentes de decisões baseadas em IA, com dúvidas sobre se a culpa recai sobre o médico, o programador, a instituição de saúde ou o próprio algoritmo  2,5,6 .",0.5296275615692139
O que é autonomia e opacidade algorítmica?,bioetica_e_ia.md,41,"A privacidade e a proteção de dados sensíveis dos pacientes são outros pontos críticos. Como a IA depende de grandes volumes de dados para treinamento e operação, é essencial garantir que o  tratamento  das  informações  esteja  em  con -formidade com legislações e regulamentações, como  a  Lei  14.510/2022,  que  dispõe  sobre  a prestação de serviços de telessaúde 7 , a Lei Geral de Proteção de Dados (LGPD, Lei 13.709/2018)  8 , e a Resolução do Conselho Federal de Medicina (CFM) 2.314/2022, que define e regulamenta a telemedicina como forma de prestação de servi -ços médicos  9 , no Brasil; o General Data Protection Regulation (GDPR)  10  e a Network and Information Systems  (NIS  Directive) 11 ,  na  União  Europeia; o Health Insurance Portability and Accountability Act (HIPAA) 12 e o Health Information Technology for Economic and Clinical Health Act (HITECH) 13 , nos  Estados  Unidos.  A  violação  da  privacidade ou o uso indevido de dados médicos podem ter consequências devastadoras para os pacientes, incluindo discriminação, estigmatização e danos morais e financeiros.",0.32885414361953735
O que é autonomia e opacidade algorítmica?,bioetica_e_ia.md,43,"Adicionalmente, há o risco de ampliar desi -gualdades no acesso à saúde. A implantação de soluções baseadas em IA, muitas vezes desen -volvidas em contextos de alta renda, pode não considerar  adequadamente  as  necessidades, idiomas e realidades socioculturais de populações vulneráveis  ou  de  países  em  desenvolvimento. Isso pode acentuar disparidades já existentes no sistema de saúde e comprometer o princípio da justiça distributiva, fundamental para a equidade no cuidado médico 14 .",0.3219732344150543
O que é autonomia e opacidade algorítmica?,bioetica_e_ia.md,45,"Também  merece  preocupação  a  possível desumanização na medicina. A relação médico --paciente,  historicamente  centrada  na  escuta, no cuidado e na empatia, pode ser afetada nega -tivamente  se  a  confiança  for  deslocada  para sistemas  automatizados.  O  excesso  de  depen -dência tecnológica pode tornar o atendimento mais impessoal, comprometendo a integralidade do cuidado e a dimensão subjetiva da experiên -cia do adoecimento  15 . A formação médica, nesse cenário, também deve ser repensada, uma vez que habilidades como pensamento crítico, julgamento clínico e sensibilidade ética precisam ser preserva -das e fortalecidas, mesmo em ambiente cada vez mais orientado por dados  16 .",0.3216696083545685
O que é autonomia e opacidade algorítmica?,bioetica_e_ia.md,47,"O  descompasso  entre  a  velocidade  da  ino -vação tecnológica e a capacidade de regulação ética e jurídica impõe, portanto, a necessidade urgente  de  revisar  os  fundamentos  bioéticos sob nova perspectiva. Tais questões exigem não apenas análise técnica, mas abordagem bioética rigorosa, que considere o impacto da IA nos valo -res  fundamentais que regem a prática médica. A literatura recente reforça que princípios éticos isolados não são suficientes para garantir a inte -gridade moral das aplicações de IA: é necessário um sistema de governança robusto, transparente, participativo e que envolva múltiplos stakeholders, incluindo médicos, engenheiros, pacientes, juristas e representantes da sociedade civil 17,18 .",0.3677904009819031
O que é autonomia e opacidade algorítmica?,bioetica_e_ia.md,49,"Este artigo tem como objetivo revisar a lite -ratura  existente  sobre  os  principais  dilemas éticos  relacionados  à  aplicação  da  inteligência artificial na prática médica, resgatar os princípios hipocráticos e analisar como eles podem (ou não) ser preservados diante das transformações tec -nológicas em curso. Por meio de análise crítica e multidisciplinar, pretende-se contribuir para o debate sobre os rumos éticos da medicina contem -porânea em um cenário de crescente automação.",0.3663295805454254
O que é autonomia e opacidade algorítmica?,bioetica_e_ia.md,51,## Método,0.2901303768157959
O que é autonomia e opacidade algorítmica?,bioetica_e_ia.md,53,"Este artigo caracteriza-se como pesquisa de natureza  qualitativa,  do  tipo  exploratória,  com abordagem  metodológica  baseada  em  revisão bibliográfica narrativa. O objetivo é reunir, analisar e interpretar criticamente a literatura científica acerca dos dilemas éticos emergentes na aplicação da IA artificial na prática médica, à luz dos princí -pios clássicos da bioética, conforme estabelecidos no Juramento de Hipócrates.",0.3531242311000824
O que é autonomia e opacidade algorítmica?,bioetica_e_ia.md,55,"Segundo Gil  19 ,  a  pesquisa  bibliográfica  per -mite o exame de contribuições teóricas já con -solidadas  e  é  especialmente  útil  em  estudos que visam compreender e discutir temas ainda em consolidação no meio acadêmico, como é o caso da interface entre bioética e IA. Abordagem exploratória, por sua vez, é adequada para o apro -fundamento inicial de um problema ainda pouco delimitado, na medida em que permite identifi -car categorias e lacunas relevantes para futuras investigações empíricas  20 .",0.30447909235954285
O que é autonomia e opacidade algorítmica?,bioetica_e_ia.md,57,O percurso metodológico seguiu as seguintes etapas:,0.24736545979976654
O que é autonomia e opacidade algorítmica?,bioetica_e_ia.md,59,- 1) Definição do tema e do problema de pesquisa mediante  delimitação  do  escopo  bioético  da atuação da IA em contextos clínicos e hospitalares.,0.34845277667045593
O que é autonomia e opacidade algorítmica?,bioetica_e_ia.md,60,"- 2)  Levantamento  bibliográfico  sistemático, realizado nas bases de dados PubMed, Scopus,",0.17863789200782776
O que é autonomia e opacidade algorítmica?,bioetica_e_ia.md,62,"SciELO e Web of Science, com os seguintes des -critores  e  combinações:  'bioethics',  'artificial intelligence', 'machine learning', 'medical ethics', 'Hippocratic  Oath',  'clinical  decision  support', 'algorithmics bias', entre outros, com o auxílio do operador booleano 'and'. Foram incluídos artigos publicados entre 2015 e 2024, nos idiomas por -tuguês e inglês, que abordassem diretamente os aspectos éticos da IA em saúde.",0.32025420665740967
O que é autonomia e opacidade algorítmica?,bioetica_e_ia.md,64,"3) Seleção e triagem das fontes com base na lei -tura dos títulos, resumos e, posteriormente, textos completos. Os critérios de inclusão foram: relevân -cia para o tema, publicação em periódicos revisa -dos por pares e contribuição teórica ou prática para o debate ético. Foram excluídas publicações duplicadas, resumos de conferências sem texto completo e artigos com foco estritamente técnico ou computacional da IA, sem discussão ética.",0.31079187989234924
O que é autonomia e opacidade algorítmica?,bioetica_e_ia.md,66,"4) Análise e síntese dos resultados por meio de leitura crítica e categorização temática, com ênfase em tópicos recorrentes, como autonomia médica, responsabilidade  por  decisões  automatizadas, explicabilidade algorítmica e equidade no acesso a tecnologias baseadas em IA.",0.5068253874778748
O que é autonomia e opacidade algorítmica?,bioetica_e_ia.md,68,"A  metodologia  adotada  visa  não  apenas mapear o estado da arte dos dilemas bioéticos da IA médica, mas também contextualizá-los à luz dos princípios hipocráticos clássicos - como beneficência, não maleficência e confidencialidade - e, com isso, identificar pontos de convergência e tensão com nossos paradigmas tecnológicos. Tal abordagem contribui para o amadurecimento crítico do debate e fornece subsídios conceituais para formulação de políticas públicas e diretrizes clínicas e desenvolvi -mento de tecnologias mais sensíveis aos princípios éticos da medicina.",0.3837173581123352
O que é autonomia e opacidade algorítmica?,bioetica_e_ia.md,70,## Discussão,0.3197447955608368
O que é autonomia e opacidade algorítmica?,bioetica_e_ia.md,72,## A ética médica entre Hipócrates e a era digital,0.28983864188194275
O que é autonomia e opacidade algorítmica?,bioetica_e_ia.md,74,"Desde  a  Antiguidade,  a  medicina  tem  se norteado por princípios éticos que refletem com -promisso moral com o bem-estar do paciente. O Juramento de Hipócrates, datado do século V a.C., sintetiza  esse  legado  e  constitui-se  em  marco simbólico e normativo da ética médica ocidental, na  medida  em  que  enuncia  compromissos fundamentais como promoção do bem, abstenção de causar danos, respeito à confidencialidade e conduta moral do profissional de saúde 3 .  Esses valores, que deram origem aos pilares bioéticos da  beneficência,  não  maleficência,  autonomia e  justiça,  permaneceram  como  bússola  moral ao  longo  de  séculos,  mesmo  diante  das  trans -formações científicas e socioculturais. Contudo, a  ascensão  da  inteligência  artificial  representa novo ponto de inflexão, pois desafia a aplicabili -dade e a suficiência dessas diretrizes tradicionais para orientar práticas médicas mediadas por tec -nologias que tomam decisões, aprendem autono -mamente e operam em escala 2 .",0.26443934440612793
O que é autonomia e opacidade algorítmica?,bioetica_e_ia.md,76,"Tal  transformação  cria  desafios  éticos,  pois a lógica algorítmica que rege os sistemas de IA nem sempre é transparente ou compatível com os valores humanísticos da medicina tradicional 4 . A medicina digital, ao incorporar algoritmos de machine learning ,  sistemas  de  apoio  a  decisão clínica e tecnologias preditivas baseadas em big data ,  expande  as  possibilidades  diagnósticas  e terapêuticas, mas também desloca a centralidade do juízo clínico humano. Ou seja, a IA pode ampliar exponencialmente a capacidade diagnóstica e pre -ditiva da prática médica, mas também deslocar a autoridade decisória do profissional para modelos estatísticos complexos, frequentemente opacos. Nesse contexto, surge a tensão entre a tradição ética  -  ancorada  na  relação  interpessoal  e  no julgamento prudente - e a nova racionalidade algorítmica, cuja lógica frequentemente se torna incompreensível, não auditável ou incontrolável 2 .",0.4854927957057953
O que é autonomia e opacidade algorítmica?,bioetica_e_ia.md,78,"Essa  transição  tecnológica  impõe  à  bioética tradicional o desafio de reconfigurar seus funda -mentos para que esta seja capaz de orientar prá -ticas em ambientes tecnologizados, ou seja, nos quais as decisões não são mais tomadas exclusi -vamente por sujeitos humanos, mas por sistemas híbridos em que o médico delega ou compartilha responsabilidades com máquinas  5,21 . A medicina do futuro será, assim, além de prática humana apoiada pela técnica, uma coprodução entre humanos e algoritmos  6 .  Tal  cenário  exige  profunda  recon -figuração ética,  capaz  de  lidar  com  questões  de responsabilidade compartilhada, justiça algorítmica, transparência e governança de dados. Ao mesmo tempo, a ética hipocrática continua a oferecer refe -rencial fundamental, desde que reinterpretada à luz das novas mediações tecnológicas. Como destacam Floridi e colaboradores 17 , o desenvolvimento ético da IA deve integrar princípios humanísticos desde sua concepção, visando à construção de uma socie -dade digital justa, transparente e digna.",0.40425461530685425
O que é autonomia e opacidade algorítmica?,bioetica_e_ia.md,80,## Autonomia e opacidade algorítmica,0.8036293387413025
O que é autonomia e opacidade algorítmica?,bioetica_e_ia.md,82,"O princípio da autonomia é central na ética médica  moderna  e  representa  o  direito  do paciente  de  tomar  decisões  informadas  sobre seu  próprio  cuidado.  A  realização  plena  desse princípio, fundamentado na transparência da rela -ção médico-paciente, depende de comunicação clara, compreensão dos riscos e participação ativa do paciente no processo terapêutico. Contudo, a ascensão da IA, especialmente em formas de deep learning , ameaça minar essa transparência essencial. Algoritmos complexos, treinados com grandes  volumes  de  dados,  frequentemente operam como 'caixas-pretas', ou seja, são inca -pazes de explicar, de forma compreensível, como chegaram a determinada recomendação  1,2,4,22 .",0.551838219165802
O que é autonomia e opacidade algorítmica?,bioetica_e_ia.md,84,"Tal opacidade compromete a base do consenti -mento informado, já que nem mesmo profissionais de saúde compreendem integralmente os crité -rios utilizados pelos algoritmos. Como destacam Morley e colaboradores 21 , quando o médico não consegue explicar ao paciente como uma decisão foi tomada - seja um diagnóstico, classificação de risco ou proposta terapêutica -, o próprio pacto ético que fundamenta a autonomia acaba sendo abalado. O paciente, em vez de decidir livremente, torna-se dependente de um sistema cuja lógica lhe é inacessível.",0.5397703051567078
O que é autonomia e opacidade algorítmica?,bioetica_e_ia.md,86,"Além  disso,  a  opacidade  algorítmica  intro -duz novas camadas de assimetria informacional. Pacientes com menor escolaridade, acesso digital limitado ou baixo letramento em saúde são ainda mais vulneráveis a perda de autonomia, uma vez que enfrentam barreiras adicionais à compreen -são dos processos decisórios. Como defendido por Gerke, Minssen e Cohen, a autonomia não é ape -nas direito individual, mas fenômeno relacional que exige contextos adequados para ser exercida - entre eles, o acesso a informação clara e inteligível 6 .",0.6156072020530701
O que é autonomia e opacidade algorítmica?,bioetica_e_ia.md,88,"A questão se agrava quando consideramos a ambiguidade em torno da responsabilidade ética e jurídica das decisões tomadas com auxílio de IA. Quando uma decisão clínica é tomada com base em recomendação algorítmica, quem deve ser responsabilizado por seus resultados? O médico? O desenvolvedor do algoritmo? A instituição  5 ? A ausência de clareza quanto à responsabilização moral - o que é chamado por alguns autores de 'vácuo ético' 23 - compromete não apenas a auto -nomia, mas a própria legitimidade do cuidado.",0.5126987099647522
O que é autonomia e opacidade algorítmica?,bioetica_e_ia.md,90,"Nesse cenário, torna-se urgente avançar na direção de sistemas mais explicáveis e auditáveis 24 . A transparência algorítmica, aliada ao desenvolvi -mento de mecanismos participativos de consen -timento e mediação, é condição essencial para preservar a autonomia do paciente em uma era dominada por decisões automatizadas.",0.5515618324279785
O que é autonomia e opacidade algorítmica?,bioetica_e_ia.md,92,## Beneficência e risco de viés algorítmico,0.5386415719985962
O que é autonomia e opacidade algorítmica?,bioetica_e_ia.md,94,"A  beneficência,  enquanto  obrigação  moral de agir no melhor interesse do paciente, adquire novos  contornos  em  uma  medicina  mediada por  inteligência  artificial.  Ferramentas  de  IA têm demonstrado, em diversos estudos, acurá -cia comparável ou superior à humana em tare -fas como interpretação de imagens radiológicas para  classificação  de  câncer  de  pele 1 e  predi -ção de eventos cardiovasculares 22 .  No  entanto, essa superioridade técnica não implica neutra -lidade  ética.  Como  advertem  alguns  autores, o  desempenho  dos  algoritmos  depende  forte -mente da qualidade, diversidade e representativi -dade dos dados utilizados em seu treinamento 21 .",0.4274881184101105
O que é autonomia e opacidade algorítmica?,bioetica_e_ia.md,96,"Diversos estudos apontam que sistemas trei -nados  com  dados  historicamente  enviesados tendem a replicar e até amplificar desigualdades preexistentes.  Um  exemplo  emblemático  é  o algoritmo  de  gerenciamento  populacional  de saúde que subestimava a gravidade da condição de pacientes negros, pois utilizava como proxy o custo com cuidados de saúde 14 -  um indica -dor  influenciado  por  desigualdade  estrutural. A  aplicação  acrítica  desses  sistemas  pode, portanto, violar o princípio da beneficência por produzir resultados discriminatórios e ineficazes para determinados grupos.",0.34342432022094727
O que é autonomia e opacidade algorítmica?,bioetica_e_ia.md,98,"Além disso,  o  risco  de  viés  algorítmico  não se limita a questões raciais ou socioeconômicas. Até mesmo sistemas desenvolvidos para recru -tamento  automatizado  apresentaram  viés  de gênero,  penalizando  candidatas  mulheres  25 ,  e, ainda,  demonstraram desempenho inferior em populações  negras,  idosos  ou  pacientes  com comorbidades múltiplas, refletindo vieses de repre -sentatividade dos dados de treinamento. Quando esse tipo de lógica é transferido para o campo da saúde, o potencial de dano ético aumenta, pois decisões clínicas podem determinar desfechos de vida ou morte. Em vez de promover o bem, a IA pode, inadvertidamente, reforçar padrões discri -minatórios e dificultar o acesso equitativo a cuida -dos de qualidade - o que infringe o princípio da beneficência e fere o ideal hipocrático de tratar igualmente todos os pacientes.",0.3994600176811218
O que é autonomia e opacidade algorítmica?,bioetica_e_ia.md,100,"Nesse  contexto,  a  beneficência  exige  não apenas eficácia técnica, mas também vigilância constante sobre a equidade dos sistemas de IA. É necessário desenvolver metodologias de audi -toria algorítmica capazes de identificar padrões discriminatórios,  corrigir  vieses  e  garantir  que os benefícios da IA sejam distribuídos de forma justa 6 . A avaliação ética deve fazer parte do pró -prio ciclo de vida do sistema, desde o design até a implementação clínica  25 .",0.46167442202568054
O que é autonomia e opacidade algorítmica?,bioetica_e_ia.md,102,## Não maleficência e danos invisíveis,0.27925869822502136
O que é autonomia e opacidade algorítmica?,bioetica_e_ia.md,104,"A não maleficência, princípio ético expresso pela  máxima  ' primum  non  nocere '  -  ou  seja, 'primeiro, não causar dano' -, exige do profis -sional  o  compromisso  de  evitar  ou  minimizar quaisquer prejuízos à saúde e ao bem-estar do paciente durante o cuidado médico. No contexto da IA, no entanto, esse entendimento deve ser ampliado para englobar riscos não intencionais, já que os danos nem sempre são visíveis, imediatos ou diretos, o que não minimiza o potencial de prejuízos significativos à saúde, à integridade ou à dignidade dos pacientes. O uso de sistemas auto -matizados pode acarretar consequências clínicas, psicológicas  e  sociais  não  intencionais,  muitas vezes imperceptíveis no início, mas com efeitos profundos em médio e longo prazos  21,23 .",0.38818642497062683
O que é autonomia e opacidade algorítmica?,bioetica_e_ia.md,106,"Entre os riscos mais discutidos estão os erros diagnósticos causados por mau funcionamento do  sistema,  interpretação  inadequada  ou  uso fora de escopo. Mesmo que a IA possa oferecer precisão  superior  em  determinados  contextos, ela é tão falível quanto seus dados e parâmetros. Decisões clínicas automatizadas podem ignorar singularidades do paciente e levar a condutas ina -dequadas em situações complexas ou atípicas  26 . Isso pode ser ainda mais problemático quando há",0.39049777388572693
O que é autonomia e opacidade algorítmica?,bioetica_e_ia.md,108,"excesso de confiança dos profissionais na reco -mendação algorítmica, fenômeno conhecido como automation bias (viés de automação).",0.459577351808548
O que é autonomia e opacidade algorítmica?,bioetica_e_ia.md,110,"Outro risco ético relevante é a desumanização do cuidado, uma vez que, com o avanço da tec -nologia, tende-se a valorizar o que é quantificável e  previsível  em  detrimento  da  subjetividade 27 . A substituição da escuta clínica pela interação com interfaces digitais pode reduzir o espaço para a expressão do sofrimento, do medo e da vulnera -bilidade do paciente e resultar em desumanização do cuidado e negligência de aspectos subjetivos e afetivos essenciais à experiência do adoecer 27 . Esse esvaziamento afetivo, embora difícil de medir, constitui um tipo de dano invisível - emocional e existencial - que contraria a integralidade do cuidado hipocrático.",0.3162705600261688
O que é autonomia e opacidade algorítmica?,bioetica_e_ia.md,112,"Além disso, o uso de IA em saúde pode gerar efeitos coletivos adversos. Falhas de segurança, vazamento  de  dados  ou  decisões  sistêmicas enviesadas  minam  a  confiança  da  sociedade nos  sistemas  de  saúde.  A  não  maleficência, aqui,  deve  ir  além  da  dimensão  individual e  considerar  os  impactos  éticos  sistêmicos  e institucionais da automação.",0.3896923065185547
O que é autonomia e opacidade algorítmica?,bioetica_e_ia.md,114,"A fim de mitigar esses riscos, é essencial incorpo -rar medidas de robustez, rastreabilidade e auditoria contínua 23 . Transparência, capacidade de revisão e a possibilidade de ' override humano' (capacidade de  intervir  ou  substituir  a  decisão  tomada  pela IA por um ser humano) são componentes éticos indispensáveis  para  que  a  IA  médica  opere  sob o princípio da não maleficência 24 . A tecnologia deve ser  testada não apenas quanto a sua eficiência, mas também quanto a sua resiliência ética.",0.44637924432754517
O que é autonomia e opacidade algorítmica?,bioetica_e_ia.md,116,"## Justiça, equidade e o acesso digital à IA em saúde",0.3540284335613251
O que é autonomia e opacidade algorítmica?,bioetica_e_ia.md,118,"O princípio  da  justiça,  entendido  como  a obrigação de tratar todos com equidade e de promover acesso justo aos recursos em saúde, adquire novas camadas de complexidade na era da inteligência artificial. Se, por um lado, a IA promete ampliar o alcance do cuidado médico por meio de telemedicina, triagem remota e diagnósticos automatizados, por outro, esses avanços tecnológicos frequentemente esbarram em barreiras estruturais que aprofundam desi -gualdades já existentes  21,28,29 .",0.37122398614883423
O que é autonomia e opacidade algorítmica?,bioetica_e_ia.md,120,"A  literatura  evidencia  que  países  de  baixa e  média renda, assim como regiões periféricas e comunidades vulneráveis, frequentemente care -cem da  infraestrutura  mínima  necessária  para implementar soluções baseadas em IA: conectivi -dade, interoperabilidade de sistemas, qualificação profissional,  equipamentos  e  políticas  públicas orientadas para inclusão digital  29,30 .  A  ausência dessas condições compromete não apenas a efi -cácia das tecnologias, mas também a equidade na distribuição de seus benefícios.",0.31978633999824524
O que é autonomia e opacidade algorítmica?,bioetica_e_ia.md,122,"A justiça social deve ser princípio norteador no  desenvolvimento  de  tecnologias  de  IA,  de modo a evitar a criação de uma medicina 'em duas velocidades': uma de alta performance e precisão, para quem pode pagar; outra, limitada e convencional, para quem depende do sistema público 17 . A mercantilização da IA na saúde pode ampliar o abismo entre pacientes de diferentes classes  sociais  e  consolidar  o  que  foi  chamado de 'injustiça automatizada' 31 .",0.37371471524238586
O que é autonomia e opacidade algorítmica?,bioetica_e_ia.md,124,"Esse risco exige abordagem regulatória cen -trada em justiça distributiva. As diretrizes éticas globais sobre IA convergem para a necessidade de políticas que promovam acesso inclusivo, dados representativos  e  participação  de  populações sub-representadas no design e na validação dos sistemas  5 .  No Brasil, por exemplo, a implemen -tação ética da IA depende de investimentos em saúde digital pública, incentivo à interoperabili -dade e capacitação profissional  28 .",0.3576846420764923
O que é autonomia e opacidade algorítmica?,bioetica_e_ia.md,126,"Portanto, a justiça na era da IA não é apenas questão de distribuição de recursos, mas também de  inclusão  epistemológica.  Grupos  historica -mente marginalizados devem ser incorporados ao processo de desenvolvimento tecnológico, desde a produção de dados até a formulação de crité -rios de validação. Só assim será possível construir uma inteligência artificial verdadeiramente plural e comprometida com os valores hipocráticos da medicina universal.",0.3800119459629059
O que é autonomia e opacidade algorítmica?,bioetica_e_ia.md,128,"## Confidencialidade, LGPD e a nova ética da privacidade",0.3785991668701172
O que é autonomia e opacidade algorítmica?,bioetica_e_ia.md,130,"Sigilo médio é um dos pilares mais antigos da ética profissional em saúde. Desde o Juramento de Hipócrates, preservar o segredo das informações obtidas durante o cuidado é considerado dever moral e jurídico. No entanto, a IA, por operar com grandes volumes de dados sensíveis, impõe desa -fios inéditos a esse princípio 6,21 .",0.32499897480010986
O que é autonomia e opacidade algorítmica?,bioetica_e_ia.md,132,"Sistemas de IA dependem de dados clínicos extensivos para treinamento, validação e opera -ção em tempo real. Muitas vezes, há informações altamente identificáveis, como imagens médicas, genomas,  prontuários  e  metadados  pessoais. Mesmo  técnicas  de  anonimização  podem  ser ineficazes, já que algoritmos conseguem reiden -tificar  indivíduos por cruzamento de dados  15,30 . A coleta massiva desses dados, muitas vezes em segundo plano (via aplicativos, wearables , portais on-line), desafia a capacidade de obtenção de con -sentimento informado e a governança ética desses bancos de informação.",0.4234161376953125
O que é autonomia e opacidade algorítmica?,bioetica_e_ia.md,134,"No Brasil, a LGPD  8 ,  que estabelece diretrizes para o tratamento de dados pessoais, exige base legal clara, minimização de dados, mecanismos de revogação, direito a portabilidade, eliminação e  consentimento  informado,  especialmente em  relação  aos  chamados  'dados  sensíveis', como os de saúde.",0.281552255153656
O que é autonomia e opacidade algorítmica?,bioetica_e_ia.md,136,"A regulamentação da telessaúde no Brasil, por meio da Lei 14.510/2022 7 ,  reforça a obrigatorie -dade de preservar a integridade, confidencialidade e disponibilidade das informações digitais em aten -dimentos remotos. Já a Resolução CFM 2.314/2022  9 estabelece que o médico deve garantir, por meios tecnológicos adequados, a proteção dos dados do paciente e informá-lo sobre os riscos do atendi -mento virtual. Assim, essas normativas convergem para construir um ecossistema digital seguro, ético e centrado no paciente quando o serviço médico é prestado em território brasileiro.",0.23472455143928528
O que é autonomia e opacidade algorítmica?,bioetica_e_ia.md,138,"No  contexto  internacional,  destacam-se  o HIPAA 12 e  o  HITECH 13 ,  nos Estados Unidos, que definem  padrões  de  segurança,  integridade  e auditoria de dados clínicos digitais; e o GDPR  10 e a NIS Directive 11 , na Europa, que estabelecem o  princípio  de privacy  by  design (princípio  de proteção de dados segundo o qual privacidade deve ser incorporada desde as fases iniciais do desenvolvimento de sistemas, produtos, serviços ou  processos)  e  exigem accountability (dever de responsabilização e prestação de contas) dos controladores de dados e segurança cibernética em setores críticos, como a saúde.",0.32870206236839294
O que é autonomia e opacidade algorítmica?,bioetica_e_ia.md,140,"Essas legislações indicam que a ética médica contemporânea deve incorporar uma bioética dos dados: um conjunto de responsabilidades éticas e técnicas voltadas à proteção da privacidade e da autodeterminação informacional dos pacientes. Vivemos em uma era de 'capitalismo de vigilân -cia', na qual dados pessoais são continuamente coletados e comercializados, de modo que a pro -teção da confidencialidade não é apenas questão técnica, mas também política e cultural 32 .",0.31520888209342957
O que é autonomia e opacidade algorítmica?,bioetica_e_ia.md,142,## Responsabilidade moral e accountability em sistemas híbridos,0.45709428191185
O que é autonomia e opacidade algorítmica?,bioetica_e_ia.md,144,"Com a introdução da inteligência artificial na prática clínica, a noção tradicional de responsa -bilidade moral - centrada na figura do médico como decisor autônomo - passa por profunda transformação. Em ambientes onde decisões clíni -cas são compartilhadas entre humanos e algorit -mos, a linha entre causalidade, responsabilidade e culpa torna-se nebulosa  4,6 .",0.44094347953796387
O que é autonomia e opacidade algorítmica?,bioetica_e_ia.md,146,"Essa ambiguidade é conhecida na literatura como 'vácuo de responsabilidade' 23 e caracteriza-se pela dificuldade de atribuir responsabilidade em casos de erro médico assistido por IA. Por exemplo, se um algoritmo recomenda uma conduta baseada em evi -dência estatística e o médico, ao segui-la, causa dano ao paciente, quem responde?",0.4851517677307129
O que é autonomia e opacidade algorítmica?,bioetica_e_ia.md,148,"A  literatura  propõe  o  conceito  de  'respon -sabilidade  dividida',  que  reconhece  a  mul -tiplicidade  de  agentes  envolvidos,  desde  os programadores e cientistas de dados até os fato -res hospitalares e médicos 17 . Entretanto, o simples reconhecimento dessa complexidade não resolve o dilema ético, pois pode gerar efeito de dilui -ção  de  culpa,  enfraquecendo  os  mecanismos de accountability institucional 33 .",0.3716531991958618
O que é autonomia e opacidade algorítmica?,bioetica_e_ia.md,150,"Como resposta a esse desafio, autores defen -dem o desenvolvimento de normas éticas e legais que responsabilizem todas as partes envolvidas, com ênfase na auditabilidade dos sistemas e na rastreabilidade  das  decisões.  Isso  implica,  por exemplo,  que  todo  sistema  de  IA  utilizado  em saúde deve manter registros acessíveis dos dados que foram utilizados, dos modelos que foram apli -cados e das recomendações que foram emitidas, dos contextos em que o foram e por quem  5 .",0.45881855487823486
O que é autonomia e opacidade algorítmica?,bioetica_e_ia.md,152,"Na prática clínica, é essencial que o médico man -tenha autonomia crítica diante dos sistemas auto -matizados e os utilize como ferramentas de apoio, e  não  como  substitutos  do  julgamento  clínico.",0.36531639099121094
O que é autonomia e opacidade algorítmica?,bioetica_e_ia.md,154,"A  IA  deve  ser  uma  'inteligência  aumentada' 2 , e  não  autoridade  autônoma.  Retomar  a  cen -tralidade  do  médico  como  guardião  do  julga -mento clínico, mesmo em contextos tecnológicos avançados, pode ser um caminho para reequili -brar o princípio hipocrático da prudência com a inovação. Nesse sentido, preservar a centralidade ética do médico no processo decisório é medida de proteção tanto à segurança do paciente quanto à integridade da profissão médica.",0.3605727553367615
O que é autonomia e opacidade algorítmica?,bioetica_e_ia.md,156,## Crise da relação médico-paciente na era algorítmica,0.422478049993515
O que é autonomia e opacidade algorítmica?,bioetica_e_ia.md,158,"A  medicina  tradicional  sempre  foi  cons -truída sobre uma relação interpessoal complexa, marcada  por  escuta  ativa,  empatia,  confiança e  julgamento  clínico  humanizado.  No  entanto, a crescente mediação da prática médica por sis -temas  digitais  -  desde  triagens  automatizadas por chatbots (programas  desenvolvidos  para simular conversa com seres humanos, por meio de linguagem natural) até algoritmos de decisão clínica  -  ameaça  reduzir  a  dimensão  subjetiva e ética da interação entre médico e paciente  15,21 .",0.30483245849609375
O que é autonomia e opacidade algorítmica?,bioetica_e_ia.md,160,"Alguns  autores  apontam  que,  ao  priorizar eficiência, padronização e objetividade, sistemas baseados em IA tendem a marginalizar aspectos humanísticos  do  cuidado,  como  compreensão do  sofrimento,  da  dor  ou  das  expectativas  do paciente 27 . O modelo hipocrático pressupõe um médico que conhece o paciente em sua integra -lidade - biológica, emocional e social - e que, portanto, é capaz de adaptar condutas de maneira ética e prudente. Todavia, o uso excessivo de tec -nologias pode levar à chamada 'despersonalização algorítmica' do cuidado, na qual a subjetividade do paciente é reduzida a variáveis numéricas ou pro -babilísticas, sem espaço para narrativas pessoais ou singularidades  28 . Além disso, a confiança, que é componente essencial da aliança terapêutica, pode ser transferida para a tecnologia - fenômeno conhecido como trust displacement -, o que fragi -liza o vínculo com o profissional, prejudica a ade -são ao tratamento e cria expectativas infundadas de infalibilidade técnica 34 .",0.40030571818351746
O que é autonomia e opacidade algorítmica?,bioetica_e_ia.md,162,"Adicionalmente, o uso de IA em etapas ini -ciais  do  cuidado,  como  triagem  automatizada por chatbots , pode reduzir o contato humano em momentos decisivos para o paciente, o que gera insegurança, solidão ou sensação de abandono. A  tecnologia  tende  a  desvalorizar  a  escuta  e  a intuição clínica - capacidades que, embora não quantificáveis,  são  essenciais  para  reconhecer o sofrimento humano em sua complexidade 27 .",0.31432044506073
O que é autonomia e opacidade algorítmica?,bioetica_e_ia.md,164,"Esse cenário desafia a própria identidade do médico. Se antes ele era visto como cuidador e conselheiro, hoje corre o risco de ser reduzido a operador técnico de sistemas, perdendo espaço para o raciocínio clínico e para a aética do encon -tro. É importante resgatar a noção de que a medi -cina deve ser, antes de tudo, compromisso com o bem do outro 3 - algo que não pode ser delegado a máquinas, por mais eficientes que sejam.",0.3469799757003784
O que é autonomia e opacidade algorítmica?,bioetica_e_ia.md,166,"Para  enfrentar  essa  crise,  torna-se  urgente promover uma formação médica voltada à ética digital,  ao  pensamento  crítico  sobre  IA  e  ao desenvolvimento de competências comunicacio -nais para interações mediadas por tecnologia  16 . Restaurar  a  centralidade  da  relação  humana no  cuidado  é  imperativo  ético  que  nenhuma inovação pode substituir.",0.2429792881011963
O que é autonomia e opacidade algorítmica?,bioetica_e_ia.md,168,## Reinterpretação dos princípios hipocráticos no século XXI,0.2644401490688324
O que é autonomia e opacidade algorítmica?,bioetica_e_ia.md,170,"A  análise  dos  estudos  revisados  revela  que os  princípios  éticos  enunciados  por  Hipócrates continuam sendo uma base moral valiosa para a medicina contemporânea, mas necessitam de reinterpretação diante dos desafios da inteligência artificial. Essa reinterpretação pode ser sintetizada em quatro movimentos:",0.2779443860054016
O que é autonomia e opacidade algorítmica?,bioetica_e_ia.md,172,"1) Autonomia 2.0: a autonomia do paciente, no contexto da IA, não se limita à escolha de trata -mentos e inclui o direito a explicação, não discrimi -nação algorítmica e proteção de dados sensíveis. Surge a necessidade de consentimento informado ampliado, capaz de abordar riscos tecnológicos e o funcionamento de sistemas automatizados 24 .",0.5403684377670288
O que é autonomia e opacidade algorítmica?,bioetica_e_ia.md,174,"2) Beneficência inclusiva: fazer o bem requer assegurar que os benefícios das tecnologias sejam distribuídos  de  forma  equitativa.  Isso  implica monitorar vieses de dados, priorizar desenvolvi -mento ético de algoritmos e evitar que inovações aumentem desigualdades sociais 14 .",0.3988281488418579
O que é autonomia e opacidade algorítmica?,bioetica_e_ia.md,176,"3) Não maleficência sistêmica: prevenir danos não  significa  apenas  evitar  erros  clínicos,  mas também  antecipar  consequências  sistêmicas da automação, como exclusão digital, perda de competências  médicas  e  descaracterização  do cuidado baseado nos princípios hipocráticos 23 .",0.3331184685230255
O que é autonomia e opacidade algorítmica?,bioetica_e_ia.md,178,"4) Justiça digital: a justiça na era da IA exige que todos os envolvidos tenham acesso a tecnologias seguras, eficazes e eticamente projetadas. A gover -nança algorítmica deve considerar o pluralismo cultural, a diversidade de contextos e o respeito aos direitos fundamentais dos pacientes 17 .",0.3928457200527191
O que é autonomia e opacidade algorítmica?,bioetica_e_ia.md,180,"Assim,  o  legado  hipocrático  não  é  descar -tado, mas atualizado, funcionando como matriz ética viva que pode orientar decisões morais em ambientes tecnocientíficos complexos.",0.3215365409851074
O que é autonomia e opacidade algorítmica?,bioetica_e_ia.md,182,## Propostas bioéticas para uma IA centrada no paciente,0.3318093717098236
O que é autonomia e opacidade algorítmica?,bioetica_e_ia.md,184,"Com base na literatura revisada, é possível deli -near algumas diretrizes bioéticas para o desenvol -vimento e a aplicação da IA na medicina:",0.2813231945037842
O que é autonomia e opacidade algorítmica?,bioetica_e_ia.md,186,"1) Transparência e explicabilidade algorítmica: os sistemas devem ser auditáveis e compreensí -veis, para permitir ao médico e ao paciente enten -derem os critérios das decisões sugeridas  4,24 .",0.5804020166397095
O que é autonomia e opacidade algorítmica?,bioetica_e_ia.md,188,2) Consentimento informado dinâmico: mecanis -mos de consentimento contínuo e contextualizado devem ser desenvolvidos de modo que se adaptem à natureza interativa das tecnologias digitais 35 .,0.4010656774044037
O que é autonomia e opacidade algorítmica?,bioetica_e_ia.md,190,"3) Participação inclusiva: o desenvolvimento de IA deve incluir múltiplos atores, com especial atenção às vozes dos usuários finais - médicos e pacientes -, para assegurar alinhamento com valores clínicos 25,35 .",0.35430940985679626
O que é autonomia e opacidade algorítmica?,bioetica_e_ia.md,192,"4) Governança ética: a implementação da IA deve ser acompanhada por comitês éticos multidisciplina -res que revisem seus impactos em tempo real, a fim de promover ajustes de responsabilização 18,36 .",0.37700334191322327
O que é autonomia e opacidade algorítmica?,bioetica_e_ia.md,194,"5) Educação médica para a era digital: os currí -culos de medicina devem incluir formação em ética da tecnologia, literacia de dados e pensamento crí -tico sobre IA, para evitar dependência acrítica ou delegação irresponsável  16 .",0.3328559994697571
O que é autonomia e opacidade algorítmica?,bioetica_e_ia.md,196,"Essas  propostas,  embora  ainda  em  construção, apontam caminhos para uma medicina algorítmica mais ética, transparente e centrada na dignidade humana.",0.4017558991909027
O que é autonomia e opacidade algorítmica?,bioetica_e_ia.md,198,## Limitações da literatura atual e lacunas para pesquisa futura,0.25440627336502075
O que é autonomia e opacidade algorítmica?,bioetica_e_ia.md,200,"Apesar da crescente produção científica sobre ética  da  IA  na  medicina,  a  literatura  apresenta lacunas importantes. Em primeiro lugar, há pre -domínio de estudos teóricos e normativos, com escassez de dados empíricos sobre a experiência de médicos e pacientes em contextos reais de uso de IA. A ausência de estudos qualitativos limita a compreensão de como os dilemas éticos se mani -festam na prática cotidiana 21 .",0.31997233629226685
O que é autonomia e opacidade algorítmica?,bioetica_e_ia.md,202,"Em segundo lugar, muitas pesquisas têm enfo -que euro-americano e, portanto, desconsideram desigualdades digitais e especificidades culturais, legais e sociais de outros contextos, como de países da América Latina e da África. Estudos sobre justiça algorítmica precisam incorporar perspectivas pós --coloniais e de saúde global, sob risco de repetir padrões tecnocêntricos e excludentes 37 e reprodu -zir exclusões históricas com roupagem tecnológica.",0.3769489824771881
O que é autonomia e opacidade algorítmica?,bioetica_e_ia.md,204,"Além disso, observa-se falta de integração entre marcos legais, clínicos e éticos. Poucos modelos oferecem orientações práticas que articulem em um só framework as exigências da LGPD, da ética médica e da eficiência clínica. Nesse sentido, há demanda urgente por pesquisas interdisciplinares que dialoguem com direito, sociologia, ciência da computação e fisiologia moral, e o engajamento com pacientes e a ampliação dos fóruns de deli -beração ética podem ser caminhos promissores, sem perder a inovação.",0.3143286108970642
O que é autonomia e opacidade algorítmica?,bioetica_e_ia.md,206,"O avanço ético da IA na medicina exige não apenas inovação técnica, mas também compro -metimento  público  e  institucional  com  digni -dade humana. Preservar o espírito do Juramento de Hipócrates ao adaptá-lo aos tempos digitais é  o  maior  desafio  -  e  a  maior  oportunidade  da bioética contemporânea.",0.30527377128601074
O que é autonomia e opacidade algorítmica?,bioetica_e_ia.md,208,## Considerações finais,0.2689211666584015
O que é autonomia e opacidade algorítmica?,bioetica_e_ia.md,210,"A inteligência artificial representa uma das transformações mais significativas da prática médica no século XXI. Ao mesmo tempo que oferece recursos poderosos para diagnósticos, prognósticos  e  terapias  personalizadas,  sua adoção  em  larga  escala  impõe  desafios  éti -cos profundos que reconfiguram os alicerces tradicionais da medicina. Tais transformações demandam não apenas atualização técnica dos profissionais de saúde, mas também reflexão crítica sobre os valores que devem nortear o uso dessas tecnologias.",0.31072932481765747
O que é autonomia e opacidade algorítmica?,bioetica_e_ia.md,212,"A  análise  crítica  da  literatura  revela  que  os princípios hipocráticos da beneficência, não male -ficência,  autonomia  e  justiça  continuam  sendo fundamentais, mas precisam ser reinterpretados à luz dos riscos e potencialidades da era digital. Autonomia, por exemplo, já não pode ser garan -tida  apenas  pelo  consentimento  informado tradicional:  ela  requer  explicabilidade  algorít -mica e transparência das decisões automatizadas. Beneficência demanda vigilância constante con -tra vieses nos dados e nos sistemas de aprendi -zagem da máquina, que podem comprometer a qualidade e a equidade do cuidado. Não malefi -cência exige abordagem sistêmica e interdiscipli -nar, que leve em conta os efeitos não intencionais dos algoritmos na prática clínica. E justiça implica compromisso com a democratização do acesso a tecnologias, a fim de evitar a concentração de recursos em contextos privilegiados.",0.4656999111175537
O que é autonomia e opacidade algorítmica?,bioetica_e_ia.md,214,"Adicionalmente,  os  marcos  legais  nacio -nais e internacionais oferecem importante base normativa, mas ainda insuficiente para dar conta da complexidade ética que os sistemas de IA em saúde introduzem. Embora forneçam diretrizes relevantes para proteção de dados e segurança da informação, muitos desses regulamentos ainda não abrangem integralmente os dilemas ligados à autonomia algorítmica, à responsabilidade em",0.45741763710975647
O que é autonomia e opacidade algorítmica?,bioetica_e_ia.md,216,## Referências,0.25650230050086975
O que é autonomia e opacidade algorítmica?,bioetica_e_ia.md,218,"1. Esteva A, Kuprel B, Novoa RA, Ko J, Swetter SM, Blau HM et al .  Dermatologist-level classification of skin cancer with deep neural networks. Nature [Internet]. 2017 [acesso 5 jun 2025];542(7639):115-8. DOI: 10.1038/nature21056",0.2005709707736969
O que é autonomia e opacidade algorítmica?,bioetica_e_ia.md,219,2. Topol EJ. High-performance medicine: the convergence of human and artificial intelligence. Nat Med [Internet]. 2019 [acesso 5 jun 2025];25(1):44-56. DOI: 10.1038/s41591-018-0300-7,0.2658926844596863
O que é autonomia e opacidade algorítmica?,bioetica_e_ia.md,220,"3. Pellegrino  ED,  Thomasma  DC.  For  the  patient's  good:  the  restoration  in  health  care.  New  York: Oxford University Press; 1998.",0.051725152879953384
O que é autonomia e opacidade algorítmica?,bioetica_e_ia.md,221,4. London  AJ.  Artificial  intelligence  and  black-box  medical  decisions:  accuracy  versus  explainability. Hastings Cent Rep [Internet]. 2019 [acesso 5 jun 2025];49(1):15-21. DOI: 10.1002/hast.973,0.4060942232608795
O que é autonomia e opacidade algorítmica?,bioetica_e_ia.md,222,"5. Jobin A, lenca M, Vayena E. The global landscape of AI ethics guidelines. Nat Mach Intell [Internet]. 2019 [acesso 5 jun 2025];1(9):389-99. DOI: 10.1038/s42256-019-0088-2",0.2946203351020813
O que é autonomia e opacidade algorítmica?,bioetica_e_ia.md,223,"6. Gerke S, Minssen T, Cohen G. Ethical and legal challenges of artificial intelligence-driven healthcare. Artificial Intelligence in Healthcare. 2020:295-336. DOI: 10.1016/B978-0-12-818438-7.00012-5",0.2208271473646164
O que é autonomia e opacidade algorítmica?,bioetica_e_ia.md,224,"7. Brasil. Lei nº 14.510, de 27 de dezembro de 2022. Dispõe sobre a prestação de serviços de telessaúde. Diário Oficial da União [Internet]. Brasília, 28 dez 2022 [acesso 6 jun 2025]. Disponível: https://tinyurl.com/ mr39srpb",0.13711348176002502
O que é autonomia e opacidade algorítmica?,bioetica_e_ia.md,226,"sistemas híbridos (homem-máquina) e à trans -parência em modelos de aprendizado profundo, muitas vezes considerados 'caixas-pretas'.",0.47309279441833496
O que é autonomia e opacidade algorítmica?,bioetica_e_ia.md,228,"Nesse contexto, a bioética contemporânea pre -cisa evoluir para incorporar, de forma verdadeira -mente interdisciplinar, os conceitos de governança algorítmica, proteção de dados sensíveis, justiça distributiva e responsabilização moral. Isso envolve a  participação  ativa  de  profissionais  da  saúde, juristas, engenheiros, filósofos e representantes da sociedade civil na formulação de políticas públicas e diretrizes clínicas. O desenvolvimento ético da IA em saúde não pode ser responsabilidade exclusiva dos programadores ou das empresas de tecno -logia:  deve ser um esforço conjunto, orientado pelo bem-estar humano.",0.38741037249565125
O que é autonomia e opacidade algorítmica?,bioetica_e_ia.md,230,"A  preservação do espírito  do  Juramento  de Hipócrates  não  significa  resistir  ao  progresso tecnológico, mas assegurar que a inovação seja colocada a serviço da dignidade humana, da equi -dade e do cuidado compassivo. Cabe à medicina, à ética e ao direito construírem juntos um modelo de inteligência artificial que, mais do que aprender com dados, respeite valores fundamentais da vida e do cuidado. Afinal, o verdadeiro avanço da medi -cina digital dependerá da capacidade não apenas de prever doenças, mas também de promover humanidade em cada decisão automatizada.",0.32528284192085266
O que é autonomia e opacidade algorítmica?,bioetica_e_ia.md,232,"8. Brasil. Lei nº 13.709, de 14 de agosto de 2018. Lei Geral de Proteção de Dados Pessoais (LGPD). Diário Oficial da União [Internet]. Brasília, 15 ago 2018 [acesso 6 jun 2025]. Disponível: https://bit.ly/4b4cssd",0.21556474268436432
O que é autonomia e opacidade algorítmica?,bioetica_e_ia.md,233,"9. Conselho Federal de Medicina. Resolução nº 2.314, de 20 de abril de 2022. Define e regulamenta a telemedicina como forma de prestação de serviços médicos. Diário Oficial da União [Internet]. Brasília, p. 227, 5 maio 2022 [acesso 6 jun 2025]. Seção 1. Disponível: https://tinyurl.com/hyrzwr3f",0.16490770876407623
O que é autonomia e opacidade algorítmica?,bioetica_e_ia.md,234,"10. European Parliament and Council. Regulation (EU) 2016/679 on the protection of natural persons with regard to the processing of personal data and on the free movement of such data, and repealing Directive 95/46/EC (General Data Protection Regulation). Official Journal of the European Union [Internet]. Geneva, 2016 [acesso 5 jun 2025]. Disponível: https://bit.ly/409B7qj",0.18222463130950928
O que é autonomia e opacidade algorítmica?,bioetica_e_ia.md,235,11. European Commission. Directive (EU) 2016/1148 on Security of Network and INformation Systems (NIS  Directive).  Official  Journal  of  the  European  Union  [Internet].  2016  [acesso  6  jun  2025]. Disponível: https://bit.ly/4aQwtUa,0.20291948318481445
O que é autonomia e opacidade algorítmica?,bioetica_e_ia.md,236,"12. United States. Public Law 104-191. Health Insurance Portability and Accountability Act of 1996 (HIPAA). Federal Register [Internet]. Washington, 20 ago 1996 [acesso 6 jun 2025]. Disponível: https://tinyurl.com/ vvkr9vm8",0.2185792326927185
O que é autonomia e opacidade algorítmica?,bioetica_e_ia.md,237,"13. United States. Health Information Technology for Economic and Clinical Health Act (HITECH). Federal Register [Internet]. Washington, nº 209, Rules and Regulations, 30 out 2009 [acesso 10 set 2024]. Disponível: https://bit.ly/4d4yRYR",0.1701536476612091
O que é autonomia e opacidade algorítmica?,bioetica_e_ia.md,238,"14. Obermeyer Z,  Powers  B,  Vogeli  C,  Mullainathan  S.  Dissecting  racial  bias  in  an  algorithm  used  to manage the health of populations. Science [Internet]. 2019 [acesso 6 jun 2025];366(6464):447-53. DOI: 10.1126/science.aax2342",0.28993692994117737
O que é autonomia e opacidade algorítmica?,bioetica_e_ia.md,239,15. Lupton D. The digitally engaged patient: self-monitoring and self-care in the digital health era. Soc Theory Health [Internet]. 2013 [acesso 8 jun 2025];11(3):256-70. DOI: 10.1057/sth.2013.10,0.2170584499835968
O que é autonomia e opacidade algorítmica?,bioetica_e_ia.md,240,16. Masters  K.  Artificial  intelligence  in  medical  education.  Med  Teach  [Internet].  2019  [acesso  14  jun 2025];41(9):976-80. DOI: 10.1080/0142159X.2019.1595557,0.2781001925468445
O que é autonomia e opacidade algorítmica?,bioetica_e_ia.md,241,"17. Floridi L, Cowls J, Beltrametti M, Chatila R, Chazerand P, Dignum V et al . AI4People - an ethical framework for a good AI society: opportunities, risks, principles, and recommendations. Minds Mach [Internet]. 2018 [acesso 6 jun 2025];28(4):689-707. DOI: 10.1007/s11023-018-9482-5",0.34047800302505493
O que é autonomia e opacidade algorítmica?,bioetica_e_ia.md,242,18. Mittelstadt BD. Principles alone cannot guarantee ethical AI. Nat Mach Intell [Internet]. 2019 [acesso 6 jun 2025];1(11):501-7. DOI: 10.1038/s42256-019-0114-4,0.3331107497215271
O que é autonomia e opacidade algorítmica?,bioetica_e_ia.md,243,19. Gil AC. Métodos e técnicas de pesquisa social. 6ª ed. São Paulo: Atlas; 2008.,0.2289929986000061
O que é autonomia e opacidade algorítmica?,bioetica_e_ia.md,244,20. Severino AJ. Metodologia do trabalho científico. 24ª ed. São Paulo: Cortez; 2016.,0.2357654869556427
O que é autonomia e opacidade algorítmica?,bioetica_e_ia.md,245,"21. Morley J, Machado C, Burr C, Cowls J, Taddeo M, Floridi L. The ethics od AI in health care: a mapping review. Soc Sci Med [Internet]. 2020 [acesso 5 jun 2025];260:113172. DOI: 10.1016/j.socscimed.2020.113172",0.3206374943256378
O que é autonomia e opacidade algorítmica?,bioetica_e_ia.md,246,"22. Krittanawong C, Johnson KW, Rosenson RS, Wang Z, Aydar M, Narayan SM. Deep learning for cardiovascular medicine:  a  practical  primer.  Eur  Heart  J  [Internet].  2019  [acesso  6  jun  2025];40(25):2058-73. DOI: 10.1093/eurheartj/ehz056",0.13771356642246246
O que é autonomia e opacidade algorítmica?,bioetica_e_ia.md,247,"23. Mittelstadt BD, Floridi L. The ethics of big data: current and foreseeable issues in biomedical contexts. Sci Eng Ethics [Internet]. 2016 [acesso 6 jun 2025];22(2):303-41. DOI: 10.1007/s11948-015-9652-2",0.26518067717552185
O que é autonomia e opacidade algorítmica?,bioetica_e_ia.md,248,"24. Wachter S, Mittelstadt B, Floridi L. Transparent, explainable, and accountable AI for robotics. Sci Robot [Internet]. 2017 [acesso 8 jun 2025];2(6):eaan6080. DOI: 10.1126/scirobotics.aan6080",0.46898698806762695
O que é autonomia e opacidade algorítmica?,bioetica_e_ia.md,249,25. Dastin J. Amazon scraps secret AI recruiting tool that showed bias against women. Reuters [Internet]. 10 out 2018 [acesso 2 jul 2025]; Disponível: https://bit.ly/4rhewTv,0.24604283273220062
O que é autonomia e opacidade algorítmica?,bioetica_e_ia.md,250,"26. Shortliffe EH, Sepúlveda MJ. Clinical decision support in the era of artificial intelligence. JAMA [Internet]. 2018 [acesso 6 jun 2025];320(21):2199-200. DOI: 10.1001/jama.2018.17163",0.2394622266292572
O que é autonomia e opacidade algorítmica?,bioetica_e_ia.md,251,27. Harari YN. Homo Deus: a brief history of tomorrow. New York: Harper; 2017.,0.11226589232683182
O que é autonomia e opacidade algorítmica?,bioetica_e_ia.md,252,"28. Silva AG, Oliveira TC, Lima MADS. Artificial intelligence in Brazilian health care: a viewpoint. JMIR Med Inform [Internet]. 2020 [acesso 7 jun 2025];8(10):e23557. DOI: 10.2196/23557",0.3063746392726898
O que é autonomia e opacidade algorítmica?,bioetica_e_ia.md,254,"29. Whitelaw  S,  Mamas  MA,  Topol  E,  Van  Spall  HGC.  Applications  of  digital  technology  in  COVID-19 pandemic planning and response. Lancet Digit Health [Internet]. 2020 [acesso 7 jun 2025];2(8):e435-40. DOI: 10.1016/S2589-7500(20)30142-4",0.17419442534446716
O que é autonomia e opacidade algorítmica?,bioetica_e_ia.md,255,30. Goodman B. The algorithmic governance of health: a case study of the United States. Health Care Anal [Internet]. 2021 [acesso 8 jun 2025];29(1):39-57. DOI: 10.1007/s10728-019-00385-0,0.3442000448703766
O que é autonomia e opacidade algorítmica?,bioetica_e_ia.md,256,"31. Eubanks  V.  Automating  inequality:  how  high-tech  tools  profile,  police,  and  punish  the  poor. New York: Picador; 2019.",0.21374469995498657
O que é autonomia e opacidade algorítmica?,bioetica_e_ia.md,257,32. Zuboff S. The age of surveillance capitalism. New York: PublicAffairs; 2019.,0.1743067502975464
O que é autonomia e opacidade algorítmica?,bioetica_e_ia.md,258,33. Nemitz P. Constitutional democracy and technology in the age of artificial intelligence. Philos Trans A Math Phys Eng Sci [Internet]. 2018 [acesso 7 jun 2025];376(2133):20180089. DOI: 10.1098/rsta.2018.0089,0.35025298595428467
O que é autonomia e opacidade algorítmica?,bioetica_e_ia.md,259,"34. Zhang B, Dafoe A. Artificial intelligence: American attitudes and trends [Internet]. Oxford: University of Oxford; 2019 [acesso 8 jun 2025]. DOI: 10.2139/ssrn.3312874",0.307432621717453
O que é autonomia e opacidade algorítmica?,bioetica_e_ia.md,260,35. Sadan  T.  Toward  participatory  design  of  ethical  AI.  Philos  Technol  [Internet].  2020  [acesso  8  jun 2025];33(2):167-88. DOI: 10.1007/s13347-019-00371-1,0.31813499331474304
O que é autonomia e opacidade algorítmica?,bioetica_e_ia.md,261,"36. Dove ES, Townend D, Meslin EM, Bobrow M, Littler K, Nicol D et al .  Ethics review for international data-intensive  research.  Science  [Internet].  2016  [acesso  8  jun  2025];351(6280):1399-400. DOI: 10.1126/science.aad5269",0.2002798467874527
O que é autonomia e opacidade algorítmica?,bioetica_e_ia.md,262,37. Benjamin R. Race after technology: abolitionist tools for the New Jim Code [Internet]. Cambridge: Polity Press; 2019 [acesso 8 jun 2025]. Disponível: https://tinyurl.com/272s7b8z,0.2594850957393646
O que é autonomia e opacidade algorítmica?,bioetica_e_ia.md,264,## Juracy Barbosa dos Santos - Doutorando - drjuracybarbosa@gmail.com,0.3053291440010071
O que é autonomia e opacidade algorítmica?,bioetica_e_ia.md,266,0009-0009-1729-9778,0.10790745913982391
O que é autonomia e opacidade algorítmica?,bioetica_e_ia.md,268,<!-- image -->,0.11903730034828186
O que é autonomia e opacidade algorítmica?,bioetica_e_ia.md,270,Guilhermina Rego - Doutora - guilherminarego@med.up.pt,0.22922535240650177
O que é autonomia e opacidade algorítmica?,bioetica_e_ia.md,272,0000-0002-8590-9832,0.14444400370121002
O que é autonomia e opacidade algorítmica?,bioetica_e_ia.md,274,<!-- image -->,0.11903730034828186
O que é autonomia e opacidade algorítmica?,bioetica_e_ia.md,276,Rui Nunes - Doutor - ruinunes@med.up.pt,0.18483878672122955
O que é autonomia e opacidade algorítmica?,bioetica_e_ia.md,278,0000-0002-1377-9899,0.1478886604309082
O que é autonomia e opacidade algorítmica?,bioetica_e_ia.md,280,<!-- image -->,0.1189589723944664
O que é autonomia e opacidade algorítmica?,bioetica_e_ia.md,282,## Correspondência,0.2549740970134735
O que é autonomia e opacidade algorítmica?,bioetica_e_ia.md,284,"Juracy Barbosa dos Santos -Faculdade de Medicina/Universidade do Porto. Al. Professor Hernani Monteiro, CP 4200-319. Porto, Portugal.",0.2017953246831894
O que é autonomia e opacidade algorítmica?,bioetica_e_ia.md,286,## Contribuição dos autores,0.27269232273101807
O que é autonomia e opacidade algorítmica?,bioetica_e_ia.md,288,"Juracy  Barbosa  dos  Santos  foi  responsável  pela  concepção  do  estudo,  análise  de  dados  e redação do manuscrito. Guilhermina Rego revisou o manuscrito. Rui Nunes realizou a análise crítica e a revisão final do manuscrito.",0.23802980780601501
O que é autonomia e opacidade algorítmica?,bioetica_e_ia.md,290,Disponibilidade de dados: Todos os dados utilizados ou gerados na pesquisa estão integralmente descritos e apresentados no corpo do artigo.,0.23753932118415833
O que é autonomia e opacidade algorítmica?,bioetica_e_ia.md,292,Editora responsável: Dilza Teresinha Ambrós Ribeiro,0.17809396982192993
O que é autonomia e opacidade algorítmica?,bioetica_e_ia.md,294,Recebido:,0.17199234664440155
O que é autonomia e opacidade algorítmica?,bioetica_e_ia.md,296,24.8.2025,0.11337600648403168
O que é autonomia e opacidade algorítmica?,bioetica_e_ia.md,298,Revisado:,0.14432838559150696
O que é autonomia e opacidade algorítmica?,bioetica_e_ia.md,300,18.12.2025,0.08656982332468033
O que é autonomia e opacidade algorítmica?,bioetica_e_ia.md,302,Aprovado:,0.2538502514362335
O que é autonomia e opacidade algorítmica?,bioetica_e_ia.md,304,27.1.2026,0.10590507835149765
O que é o diário de bordo da IA?,twitter_algoritmo.md,1,ARTIGOS                                                            E-ISSN: 2176-6665,0.20639771223068237
O que é o diário de bordo da IA?,twitter_algoritmo.md,3,## DOI: 10.5433/2176-6665.2025v30e52669,0.13701532781124115
O que é o diário de bordo da IA?,twitter_algoritmo.md,5,Recebido em 30/03/2025; aprovado em 18/096/2025; publicado em 10/11/2025.,0.2409934252500534
O que é o diário de bordo da IA?,twitter_algoritmo.md,7,"## O caso Twitter/X: algoritmo, espaço público e ultraliberalismo digital",0.2421882599592209
O que é o diário de bordo da IA?,twitter_algoritmo.md,9,"## The Twitter/X Case: algorithm, public space, and digital ultra-liberalism",0.08697440475225449
O que é o diário de bordo da IA?,twitter_algoritmo.md,11,<!-- image -->,0.10345049947500229
O que é o diário de bordo da IA?,twitter_algoritmo.md,13,<!-- image -->,0.10345049947500229
O que é o diário de bordo da IA?,twitter_algoritmo.md,15,*Ettore Schimid Batalha 1 *Jefferson Ribeiro da Silva 2,0.19226369261741638
O que é o diário de bordo da IA?,twitter_algoritmo.md,17,*Bruno Daniel Vendruscolo Espinosa Velásquez 3,0.09163026511669159
O que é o diário de bordo da IA?,twitter_algoritmo.md,19,## Resumo,0.30615147948265076
O que é o diário de bordo da IA?,twitter_algoritmo.md,21,"Este  artigo  investiga  a  dinâmica  das  redes  sociais  na  formação  do  debate público, com ênfase no Twitter (atualmente denominado X) e na influência dos  algoritmos  na  regulação  do  conteúdo.  Por  meio  de  uma  abordagem interdisciplinar que integra os conceitos da Sociologia Digital e das Ciências da  Computação,  o  estudo  analisa  como  os  mecanismos  de  curadoria  e moderação -operados  por  empresas  privadas -afetam  a  construção  dos discursos e a propagação das informações. O trabalho reúne um levantamento inicial  de  dados  empíricos,  análises  acadêmicas  e  reportagens  jornalísticas para demonstrar que as alterações nas políticas de moderação, sobretudo após a aquisição do Twitter por Elon Musk, impactaram significativamente tanto a  qualidade  do  conteúdo  gerado  quanto  a  confiança  dos  usuários  e  a sustentabilidade econômica da plataforma. Os resultados indicam que, embora a  flexibilização  das  diretrizes  de  moderação  possa  ampliar  o  acesso  e  a visibilidade de diversas vozes, ela também favorece o aumento do discurso de ódio, a proliferação de bots e a retirada de anunciantes, configurando um cenário desafiador para a manutenção de um debate público plural e transparente.",0.20661115646362305
O que é o diário de bordo da IA?,twitter_algoritmo.md,23,Palavras-chave: redes sociais; espaço público; algoritmos; Twitter/X; desinformação.,0.2108083963394165
O que é o diário de bordo da IA?,twitter_algoritmo.md,25,## Abstract,0.19319917261600494
O que é o diário de bordo da IA?,twitter_algoritmo.md,27,"This article  investigates  the  dynamics  of  social  networks  in shaping public debate, with an emphasis on Twitter (currently called X) and the influence of algorithms on content regulation. Using an interdisciplinary approach that integrates concepts from Digital Sociology and Computer Science, the study analyzes how curation and moderation mechanisms -operated  by private companies -affect  the  construction  of  discourses  and  the  dissemination  of information. The research brings together empirical data, academic analyses and journalistic reports to demonstrate that changes in moderation policies,",0.06574726104736328
O que é o diário de bordo da IA?,twitter_algoritmo.md,29,"1  Universidade Federal de São Carlos, Centro de Ciências Humanas e Sociais, Programa de Pós-Graduação em Sociologia (PPGS/UFSCar, São Carlos, São Paulo, Brasil). ORCID: https://orcid.org/0000-0002-7179-8713.",0.1124970093369484
O que é o diário de bordo da IA?,twitter_algoritmo.md,31,"2  Universidade Federal de Mato Grosso do Sul, Faculdade de Educação, Programa de Pós-Graduação em  Educação  (PPGEdu-FAED/UFMS,  Campo  Grande,  Mato  Grosso  do  Sul,  Brasil).  ORCID: https://orcid.org/0009-0002-9985-9212.",0.05207712948322296
O que é o diário de bordo da IA?,twitter_algoritmo.md,33,"3  Universidade de São Paulo, Escola de Artes, Ciências e Humanidades, Programa de Pós-Graduação em Modelagem  de  Sistemas  Complexos  (PGSCX-EACH/USP,  São  Paulo,  São  Paulo,  Brasil).  ORCID: https://orcid.org/0000-0002-5705-9359.",0.11169115453958511
O que é o diário de bordo da IA?,twitter_algoritmo.md,35,<!-- image -->,0.10345049947500229
O que é o diário de bordo da IA?,twitter_algoritmo.md,37,1,0.11067665368318558
O que é o diário de bordo da IA?,twitter_algoritmo.md,39,<!-- image -->,0.10345049947500229
O que é o diário de bordo da IA?,twitter_algoritmo.md,41,"especially after Elon Musk's acquisition of Twitter, have significantly impacted both  the  quality  of  the  content  generated  and  the  trust  of  users  and  the platform's economic  sustainability.  The  results  indicate  that,  although  the relaxation  of  moderation  guidelines  can  increase  access  and  visibility  of diverse voices, it also favors the increase in hate speech, the proliferation of bots  and  the  removal  of  advertisers,  creating  a  challenging  scenario  for maintaining a plural and transparent public debate.",0.02418433502316475
O que é o diário de bordo da IA?,twitter_algoritmo.md,43,Keywords: social networks; public space; algorithms; Twitter/X; disinformation.,0.09299673140048981
O que é o diário de bordo da IA?,twitter_algoritmo.md,45,## Introdução,0.33738797903060913
O que é o diário de bordo da IA?,twitter_algoritmo.md,47,"Este estudo pretende analisar a maneira pela qual as redes sociais digitais, por meio de suas dinâmicas, reivindicam para si o status de  um 'espaço público' para debates  neste  contexto  da  normatização  do  ultraliberalismo  no  cenário  político.  A relação entre internet e espaço público, observada como relevante nos últimos anos, protagonizou uma série de movimentos que produziram tensões diversas ao redor do mundo.  Por  exemplo,  a  partir  do  compartilhamento  maciço  de  informações  e  do desenvolvimento  das  Tecnologias  de  Informação  e  Comunicação,  as  redes  sociais digitais se destacaram em diversas mobilizações nas últimas duas décadas, como as jornadas de junho de 2013 no Brasil e a Primavera Árabe, nas quais a utilização de redes  sociais  resultou  em  formas  de  engajamento  e  organização  popular  para  a derrubada do regime incumbente (Castells, 2013).",0.18280644714832306
O que é o diário de bordo da IA?,twitter_algoritmo.md,49,"Atualmente, outra forma de engajamento, pautada na participação online como demonstração de força na arena política, tem assumido o protagonismo nesse campo. Essa  participação,  pautada  na  veiculação  de  informações,  transforma  algumas plataformas  em  palcos  de  debates,  entendendo  que  desta  maneira  o  alcance  de discursos e práticas políticas pode ser metrificado. Neste domínio, as ideias vinculadas à noção de 'liberdade de expressão' se destacam em relação às demais.",0.2181515246629715
O que é o diário de bordo da IA?,twitter_algoritmo.md,51,"Assim, a problemática torna-se um desafio sociológico e conduz a algumas questões: o que leva estes espaços de um domínio privado, estadunidense e ultraliberal, a  reivindicarem  legitimidade  como  espaço  de  debate  público?  De  que  maneira  o borramento da fronteira entre liberdade e democracia se manifesta nesses espaços?",0.2066563367843628
O que é o diário de bordo da IA?,twitter_algoritmo.md,53,"Para demonstrar como essa dinâmica opera, sugerimos a investigação do caso Twitter/X  como  norte  para  análise  desses  discursos  e  de  seus  impactos  políticos posteriores. Discutiremos, a partir de uma revisão bibliográfica, como o desenvolvimento do digital orientou-se por uma ética liberal contraditória que, por um lado,  naturalizou  o  uso  das  plataformas  como  um  espaço  de  participação  e  livre expressão, ao mesmo tempo que, por outro, a propriedade comercial das plataformas digitais se torna uma problemática. A aquisição do Twitter por Elon Musk -exemplo de como a questão da propriedade é atual -afetou significativamente as interações e a qualidade das informações veiculadas, impacto da mudança das políticas de regulação de conteúdo.",0.20226961374282837
O que é o diário de bordo da IA?,twitter_algoritmo.md,55,"No  plano  metodológico,  um  levantamento  bibliométrico,  por  meio  da utilização de APIs de sites de catalogação de trabalhos científicos, foi realizado para identificar  como  o  debate  sobre  o  Twitter/X  se  apresenta  na  literatura  acadêmica, procurando  responder  a  questão  a  respeito  de  sua  relevância  enquanto  objeto  de estudo das formas de participação política.",0.16499140858650208
O que é o diário de bordo da IA?,twitter_algoritmo.md,57,①,0.13196805119514465
O que é o diário de bordo da IA?,twitter_algoritmo.md,59,"Assim,  este  trabalho  orienta-se  por  esta  área  multifacetada  da  Sociologia Digital, na qual diversos campos de pesquisa são envolvidos, movidos pela necessidade de fazer um esforço interdisciplinar na busca de fontes históricas e teóricas, assim como na metodologia (Miskolci, 2017, p. 14).",0.19750192761421204
O que é o diário de bordo da IA?,twitter_algoritmo.md,61,"O objetivo da pesquisa, portanto, é identificar os impactos da construção dos algoritmos das redes como um espaço público e do engajamento de informações do Twitter/X  nas  decisões  e  acontecimentos  políticos  atuais,  demonstrando  como  este debate está presente na política e na academia.",0.19084523618221283
O que é o diário de bordo da IA?,twitter_algoritmo.md,63,"Dessa maneira, a fim de facilitar a compreensão da dinâmica do diálogo entre algoritmos privados e a noção de espaço público , o artigo foi estruturado da seguinte forma: 1. O espaço público e as impressões sobre o impacto da internet na participação política; 2. Entre a ética hacker e o ultraliberalismo; 3. O caso do Twitter/X: moderação, desinformação e impacto na democracia; e 4. Dados sobre o Twitter e análises bibliométricas.",0.2682652473449707
O que é o diário de bordo da IA?,twitter_algoritmo.md,65,## 1 O espaço público e o impacto da internet para a participação política,0.19975684583187103
O que é o diário de bordo da IA?,twitter_algoritmo.md,67,"A ' r evolução tecnológica concentrada nas tecnologias da informação', como aponta  Castells  (1999,  p.  23),  além  de  impor  sua  onipresença  em  nosso  cotidiano, encaminha-se na direção da criação de um espaço virtual de informação que pluraliza as  formas  de  comunicação  discursiva.  Neste  sentido,  a  popularização  da  internet  a partir  da  década  de  1990,  suscitada  pela  tendência  de diminuição das  exigências de competências técnicas para seu uso, promoveu uma rápida expansão da web como um bem comum, não mais restrito às corporações e às instituições de ensino (Cardon, 2019). Esta expansão é, em um primeiro momento, permeada pela ideia otimista de que essa nova  etapa  do  desenvolvimento  tecnológico  humano  poderia  promover  de  alguma maneira a distribuição democrática do saber e abrir espaço para a realização de uma nova etapa da política democrática (Lévy, 1999).",0.18057583272457123
O que é o diário de bordo da IA?,twitter_algoritmo.md,69,"O novo milênio comprova de maneiras opostas as consequências efetivas das dinâmicas virtuais no meio social, seja por meio das 'redes de indignação' que são o fermento  para  a  irrupção  da  Primavera  Árabe  (Castells,  2013),  seja  pela  alegada interferência  da  empresa  Cambridge  Analytica  nos  processos  eleitorais  da  eleição presidencial dos Estados Unidos e no plebiscito pelo Brexit, ambos ocorridos em 2016 (Chun, 2021). Nesse contexto, não é surpreendente que o campo das mídias digitais tenha  se  tornado  o  principal  espaço  de  veiculação  de  discursos  públicos,  onde  o engajamento funciona pela métrica da aprovação ou desaprovação.",0.19321571290493011
O que é o diário de bordo da IA?,twitter_algoritmo.md,71,"Deste  modo,  o layout típico  de  todas  as  principais  plataformas  (Facebook, Instagram, TikTok, LinkedIn, Twitter/X) reconfigura o sentido semântico sobre o que é curtir,  responder  e  compartilhar 4 (Van  Djick,  2016,  p.  174).  Do  mesmo  modo, lives , stories ,  curtidas,  engajamentos  e  cancelamentos  tornam-se  parte  do  vocabulário  dos indivíduos ativos em redes sociais. Da linguagem à imagem, observa-se como o virtual influencia  as  relações  sociais  em  diversas  esferas.  No  campo  político  isso  possui implicações de outra grandeza.",0.22319059073925018
O que é o diário de bordo da IA?,twitter_algoritmo.md,73,"4   Compartilhar,  no contexto das  mídias  digitais,  funciona  de modo ambíguo:  um  se  relaciona  com  a conexão, a ideia de que os usuários distribuam informação pessoal entre eles (o maior exemplo da força dos laços fracos), que, pela interface, impulsiona o compartilhamento de informação. E o outro se relaciona com a conectividade, que supõe o uso dessa informação para terceiros a partir do app OpenGraph  e  o  botão  'curtir',  por  exemplo.  Estes  terceiros  podem  ser  entendidos  como  os interessados em comprar essas informações.",0.24086026847362518
O que é o diário de bordo da IA?,twitter_algoritmo.md,75,3,0.08641891181468964
O que é o diário de bordo da IA?,twitter_algoritmo.md,77,①,0.13193930685520172
O que é o diário de bordo da IA?,twitter_algoritmo.md,79,"As grandes plataformas digitais, por sua vez, atuam como mediadoras dessa racionalização dos discursos, ou seja, como o lugar onde as pessoas escrevem e postam suas impressões. Assumem, assim, o papel de um espaço privilegiado para o debate 'público', embora esse debate seja pré-estruturado e dominado pelas mídias de massa (Habermas, 2023, p. 29). Nesse sentido, os veículos de informação definem o espaço de debate na modernidade.",0.2762637436389923
O que é o diário de bordo da IA?,twitter_algoritmo.md,81,"Historicamente, a construção da esfera pública esteve associada à emergência dos meios de comunicação de massa, assim como à consolidação de espaços de debate que possibilitaram a crítica social e política. De acordo  com Habermas (2003, p. 3), a origem  do  espaço  público  remonta  ao  século  XIX,  período  no  qual  a  burguesia  se organizou a partir da desagregação do social entre dois domínios, isto é, o público e o privado.  Nesse  sentido,  a  esfera  privada,  sob  domínio  patriarcal,  era  um  espaço eminentemente  feminino,  distanciado das discussões  contemporâneas  sobre direitos individuais. Em contraste, a esfera pública se constituiu por intermédio da politização da vida social burguesa, manifestada pela emergência da imprensa de opinião e pela luta contra a censura em defesa da liberdade de expressão. A politização das redes de comunicação pública transforma, dessa maneira, a natureza de sua função, e, por outro lado,  a  expansão  de  tais  redes  é  incessante  desde  então.  Em  vista  disso,  o  filósofo alemão, ao observar o início da participação política tecnológica, sugere que há neste espaço uma horizontalização dos sujeitos, similar à época dos caçadores/coletores, e uma desestruturação das fronteiras sociais (Habermas, 2003, p. 22). Sob este panorama, ele sugere, ao debater sobre as tecnologias de mídia de massa, que o espaço público",0.1659592241048813
O que é o diário de bordo da IA?,twitter_algoritmo.md,83,"Tornou-se uma verdadeira arena vassalizada pelo poder, no seio do qual  se  luta  por  temas,  por  contribuições,  não  somente  por influência, mas também para um controle (tão dissimulado quanto possível) dos fluxos de comunicação eficazes. [...] [essa] arena [é] dominada pela mass-media, na qual se chocam tendências contraditórias. O nível de vassalização do poder deve se medir em função do grau segundo o qual as opiniões informais, não-públicas, são  curto-circuitadas  pelo  fluxo  de  opiniões  formais  (Habermas, 2003, p. 11-12).",0.24132607877254486
O que é o diário de bordo da IA?,twitter_algoritmo.md,85,"Assim, ao compreendermos as mídias de massa como uma rede comunicacional empresarial que funciona de modo semelhante a uma arena de disputa de narrativas, podemos examinar criticamente a ética que orienta este novo ambiente digital. Pois, como  afirmam  Richard  Barbrook  e  Andy  Cameron  (2003),  este  desenvolvimento tecnológico computacional se sustenta sobre uma ambiguidade ideológica: de um lado, os ideais de liberdade e descentralização do poder, de outro, a adesão aos princípios do laissez-faire e  ao  espírito  empreendedor.  Assim,  esta  ambiguidade  se  traduz  nessa disputa pelo status primordial do digital entre ser a ágora do mundo moderno ou um mercado ( marketplace ).",0.22535181045532227
O que é o diário de bordo da IA?,twitter_algoritmo.md,87,"Sob uma perspectiva atual, é preciso considerar também que a estrutura do digital se modifica consideravelmente com o desenvolvimento da web , assim como pela popularização de computadores pessoais e a facilitação do acesso à rede (Cardon, 2019; Lévy, 1999). Essa  transformação  traz  consigo  alguns  elementos  novos  fundamentais para a compreensão do que é o espaço público digital hoje.",0.18270865082740784
O que é o diário de bordo da IA?,twitter_algoritmo.md,89,①,0.13193930685520172
O que é o diário de bordo da IA?,twitter_algoritmo.md,91,"Desta maneira, essa dinâmica do desenvolvimento do ciberespaço se aprofundou no início do milênio, em uma nova etapa da história da internet na qual sua natureza se  modifica em relação  ao momento anterior. Esta nova configuração da rede ficou conhecida pelo termo web 2.0, que, segundo Tim O'Reilly (2005), é de um conceito sem fronteiras  definidas,  e  sua  caracterização  é  dependente  de  sua  proximidade  de  um centro gravitacional composto por determinados princípios, sendo o primeiro  deles descrito pela seguinte proposição: 'A web como uma plataforma'.",0.19491182267665863
O que é o diário de bordo da IA?,twitter_algoritmo.md,93,"Uma das principais  manifestações  da web 2.0,  fundamental  para  evento  da plataformização da rede, é essa ascensão de sites/serviços denominados 'rede sociais' ; estas, de acordo Boyd e Ellison, são definidas 'como serviços web nos quais usuários podem criar um perfil, construir e disponibilizar uma lista de conexões com outros usuários na rede' (Helmond, 2019, p. 53) . Assim, as redes sociais assumem, desde seu surgimento, um papel central no ecossistema da rede.",0.21852438151836395
O que é o diário de bordo da IA?,twitter_algoritmo.md,95,"As  características  fundamentais  das  redes  sociais online são:  dinamicidade, flexibilidade e caráter relacional. A dinamicidade refere-se à constante interação entre os usuários, influenciada diretamente pela estrutura tecnológica por meio da qual as informações  circulam.  Já  a  flexibilidade  diz  respeito  à  fluidez  e  à  volatilidade  dos vínculos formados entre os indivíduos nessas redes, destacando-se sua capacidade de expansão ou retração conforme novos usuários chegam ou outros se afastam (Martino, 2015, p. 56). Por último, o caráter relacional remete à interação entre diferentes atores -sejam eles indivíduos, empresas ou organizações -cuja ação contínua no ambiente online influencia  diretamente  padrões  de  comportamento offline ,  reconfigurando-os, segundo argumento central proposto pelo autor.",0.20031535625457764
O que é o diário de bordo da IA?,twitter_algoritmo.md,97,"Em consequência disso, a comunicação, antes mediada por veículos tradicionais  como  jornais,  rádios  e  televisões,  passa  agora  a  ser  processada  por algoritmos que filtram, priorizam e distribuem os conteúdos de acordo com métricas de engajamento, popularidade e relevância -parâmetros estes que escapam muitas vezes à compreensão dos próprios usuários (Cardon, 2015, p. 19). Essa transformação implica  uma  dualidade:  por  um  lado,  a  ampliação  do  acesso  à  informação  e  a democratização  do  debate;  por  outro,  a  emergência  de  mecanismos  que  podem restringir a diversidade de opiniões, promovendo a formação de bolhas informacionais e a polarização dos discursos.",0.23975960910320282
O que é o diário de bordo da IA?,twitter_algoritmo.md,99,"Este aspecto negativo é ressaltado pela socióloga Wendy Chun quando afirma que a lógica de agrupamento promovida por algoritmos de redes sociais realiza um ataque aos princípios democráticos, pois, ao relegar as 'noções de igualdade' em favor de uma agregação baseada 'em semelhanças e interesses especializados' , o princípio da diversidade encontra-se ameaçado (Chun, 2021, p. 89). Assim, a própria economia dos discursos é afetada por essa nova forma de ser do espaço público.",0.1597638726234436
O que é o diário de bordo da IA?,twitter_algoritmo.md,101,"Portanto,  considerando  esse  cenário  no  qual  o  controle  disciplinar  sobre  o discurso público está presente também nas plataformas digitais privadas orientadas por  algoritmos,  torna-se  necessário  investigar  quais  são  as  origens  ideológicas  que fundamentam essa transformação. Neste sentido, a chamada ética hacker (Vaz, 2002, p. 87),  surgida  entre  os  programadores  estadunidenses  a  partir  da  década  de  1960, emerge como um ponto fundamental para compreender os princípios que, ainda hoje, guiam a lógica do funcionamento dessas plataformas digitais.",0.23556813597679138
O que é o diário de bordo da IA?,twitter_algoritmo.md,103,5,0.045306771993637085
O que é o diário de bordo da IA?,twitter_algoritmo.md,105,①,0.13193930685520172
O que é o diário de bordo da IA?,twitter_algoritmo.md,107,## 2 Entre a ética hacker e o ultraliberalismo,0.2124984860420227
O que é o diário de bordo da IA?,twitter_algoritmo.md,109,"A  sistematização  da  ética hacker ,  ocorrida  na  década  de  1980,  estabelece princípios que apontam para uma forma distinta -e por vezes distorcida -de entender a produção e o compartilhamento da informação. No sentido de compartilhar o poder de processamento dos computadores, as premissas que orientavam os programadores estadunidenses forjam um discurso liberal extremado, como, por exemplo: 'o acesso a computadores e a qualquer coisa que possa ensinar sobre como o mundo funciona deve ser ilimitado e total'; 'toda informação quer ser livre'; 'renda -se ao imperativo do trabalho'; 'faça você mesmo'; 'alimente o barulho do sistema'; 'navegue' 5 (Vaz, 2002, p. 87). Ao discorrer sobre o funcionamento desta ética, Barbrook (2003, p. 148) define a 'netiqueta' como o padrão de comportamentos que expressam uma ideia a respeito da liberdade de informação, segundo os princípios dos primeiros modulares de softwares.",0.21229961514472961
O que é o diário de bordo da IA?,twitter_algoritmo.md,111,"A forma instrumental do funcionamento digital das redes sociais, operando por meio dessa ética, estabelece a liberdade de expressão como sinônimo da liberdade de informação. Afinal, a ética hacker fornece a hipótese de que o próprio funcionamento da computação  reitera  a  lógica  de  que  informação  é  qualquer  dado  que  possa  ser digitalizado. Da mesma maneira, Barbrook (2003) também sugere que havia entre os primeiros usuários a ideia de que a liberdade de informação na era digital era 'o direito de fazer barulho [...] de criar seu próprio código e trabalhar [...] o direito de fazer a escolha livre e irrevogável de se interligar ao código dos outros -isto  é,  o  direito  de resolver a vida' (Barbrook, 2003, p. 148).",0.2358705848455429
O que é o diário de bordo da IA?,twitter_algoritmo.md,113,"Essa transformação da noção de informação é fundamental para compreender como seu impacto reestruturou a ideia sobre espaço público. Com o advento das Novas Tecnologias de Informação e Comunicação, há uma crise entre o processo autoral, que deve ser devida mente regulado e controlado, como forma de 'proteção ao autor', e a máxima de excluir da autoria o poder sobre a informação digital. Com essas mudanças, a informação ganha novos traços ao ser amplamente divulgada. Ela é ubíqua , pois pode estar em qualquer lugar do mundo, e, ao mesmo tempo, liberta do contexto de geração, opaca a toda referência à origem;  também  é anônima ,  pois  a  comunicação  de  um  a muitos, de forma industrializada, dissolve a categoria de autor; e é dependente ,  pois agora, antes das esferas institucionalizadas de discurso, são os códigos de instrumentos (softwares, interfaces) que condicionam as pragmáticas institucionais, antes soberanas em seu poder disciplinar (Malini, 2003, p. 164).",0.25152233242988586
O que é o diário de bordo da IA?,twitter_algoritmo.md,115,"É interessante ressaltar que essa ética pautou o funcionamento das formas de se entender o que é internet desde o início de seu uso comercial. A própria internet, como  a  conhecemos  hoje,  foi  criada  a  partir  de  uma  ideia  técnica  fundamental,  a arquitetura aberta de redes (Martino, 2015, p. 82), ou seja, a escolha de uma tecnologia específica  da  rede  não  seria  ditada  pela  arquitetura  da  rede,  mas  poderia  antes  ser definida por um fornecedor, e em seguida essa rede poderia interligar-se a outras.",0.184984490275383
O que é o diário de bordo da IA?,twitter_algoritmo.md,117,"5   Essa  dinâmica  é  bastante  presente  nas school  hackings ,  onde,  principalmente  nos  EUA,  jovens programadores montam  casas em  que passam a trabalhar em softwares e compartilham conhecimentos de programação. Esse fenômeno passa a ganhar mais força com a crise universitária estadunidense, onde estudantes endividados com a universidade visualizam o school hacking como um caminho mais efetivo e imediato para a inserção no mercado de trabalho (Rossi, 2014).",0.22225813567638397
O que é o diário de bordo da IA?,twitter_algoritmo.md,119,①,0.13193930685520172
O que é o diário de bordo da IA?,twitter_algoritmo.md,121,"Para efetivar essa arquitetura aberta, sua execução deriva do desenvolvimento do hipertexto,  que  usa  o  sistema  de links .  Segundo  Martino (2015,  p.  87),  o  uso  dos hyperlinks representa uma  conexão entre informações que não é organizada hierarquicamente e de modo linear. Assim, um texto em hipertexto não tem margem nem define, em sua materialidade, uma totalidade, como fazem o livro e o jornal. Os limites da compreensão de uma informação são dados pela curiosidade do leitor. A forma  de  comunicação  também  sofre  um  impacto  econômico  significativo,  pois  os usuários, ao invés de comprar, doam as informações e bens para, no final, criar uma lógica pública. Como define Barbrook (2003, p. 152),",0.2374272346496582
O que é o diário de bordo da IA?,twitter_algoritmo.md,123,"A constituição desse ethos (o compartilhamento de informações) tem amparo tecnológico na arquitetura das redes com base em protocolos iguais,  que  pressupõem  que  múltiplas  cópias  dos  documentos possam ser facilmente capturadas em toda rede. Cada um recebe da rede  muito  mais  do  que  fornece  ao  outro.  E,  acima  de  tudo,  doa tempo e ideias, e produz relação social.",0.2640124261379242
O que é o diário de bordo da IA?,twitter_algoritmo.md,125,"Um exemplo da formação desse tipo  de  troca  de  dados  é  o  surgimento  e  a popularização do email. Criado em 1972 (Martino, 2015, p. 90), ele muda também a lógica de consumo das informações: instantâneo e assíncrono, o email dota o indivíduo da capacidade de enviar a mesma mensagem para várias pessoas, e também permite a criação de uma comunidade de interesses em comum, sem que a proximidade espacial e/ou a social fossem determinantes para reunir pessoas.",0.2011457234621048
O que é o diário de bordo da IA?,twitter_algoritmo.md,127,"Malini  (2003,  p.  161)  tece  a  ideia  de  economia  da  doação,  onde  a  relação cooperativa de compartilhamento de arquivos gera uma comunidade que arquiva tudo e  todos  para  que  todos  acessem  tudo  e  todos.  Sem  essa  relação  cooperativa  entre usuários  não  há  produção  de  informação.  Por  se  caracterizar  pela  coletividade,  a produção de informação, segundo o autor, traz à tona o debate sobre a desinformação e sobre o direito à informação. Porém, esse debate não passa pela esfera jurídica, e sim pelo  que  é  público  no  interior  de  cada  informação.  A  partir  disso,  conclui-se  que  o debate por meio da troca de informações entre usuários da rede se torna um debate sobre o espaço público.",0.22867527604103088
O que é o diário de bordo da IA?,twitter_algoritmo.md,129,"Neste primeiro momento,  havia um  certo otimismo  nos  movimentos posteriores à troca de mensagens por email. No início dos anos 2000, o termo peer-topeer (P2P) era utilizado para referenciar práticas em que os usuários de softwares de compartilhamento de dados piratas como o Napster 6  se comunicavam entre si sem a intermediação de nenhum agente (Malini, 2003, p. 163). Essa 'igualdade' de funções que diferenciava os usuários nas trocas P2P propiciou a ideia de que o debate público teria uma arena nova a ser regulada.",0.1391943395137787
O que é o diário de bordo da IA?,twitter_algoritmo.md,131,"Se  não  há  intermediários,  como  pode  haver  um  controle  para  a  grande quantidade de dados veiculados entre usuários? Barbrook (2003) apresenta o conceito de  'ideologia  californiana'  para  demonstrar  como  as  dinâmicas  dos  primeiros programadores pautaram as novas formas de comunicação e informação. Segundo tal ideologia, os governos nacionais são incapazes de controlar o sistema de comunicações por computador. Em vez disso, indivíduos e empresas competirão para fornecer bens e serviços nos mercados online . Assim, o autor sugere que tal ideologia retoma o debate",0.27886319160461426
O que é o diário de bordo da IA?,twitter_algoritmo.md,133,"6   Rede social do início dos anos 2000 que tinha como principal veiculação de informações a troca de arquivos mp3, considerada um grande marco da pirataria online .",0.2066231369972229
O que é o diário de bordo da IA?,twitter_algoritmo.md,135,7,0.08970410376787186
O que é o diário de bordo da IA?,twitter_algoritmo.md,137,①,0.13193930685520172
O que é o diário de bordo da IA?,twitter_algoritmo.md,139,"do liberalismo  pós-revolução  norte-americana  (Barbrook,  2003,  p.  134):  um  mercado virtual de intercâmbio de mercadorias de informação, onde as instituições públicas só serão  necessárias  para  prover  'regras  do  jogo'  mínimas,  para  as  pessoas  poderem comercializar informação umas com as outras.",0.15718184411525726
O que é o diário de bordo da IA?,twitter_algoritmo.md,141,"Essa retomada do liberalismo clássico é o mote do desenvolvimento posterior das regulações comerciais da internet e, por conseguinte, das redes sociais digitais. Com o advento das empresas .com no segmento P2P 7 , este método dá lugar ao formato payper-use ao invés da liberdade irrestrita de informações. Afinal, 'à diferença da censura política, os liberais acreditavam que a censura econômica era essencial para a liberdade da mídia' (Barbrook, 2003, p. 135). Esse mote estabelece que a propriedade intelectual na internet seria baseada nessa interpretação da Primeira Emenda da Constituição dos EUA, a liberdade irrestrita de expressão. Com a organização comercial tomando conta das  relações  'horizontais'  e  'públicas',  tem -se,  portanto,  um  resultado  híbrido  da noção de informação (Barbrook, 2003, p. 139) nas redes: como dádiva, ao estabelecer a diluição  de  fronteiras  e  ampla  participação  pela  economia  de  doação,  e  como mercadoria, ao estabelecer a lógica de que é a oferta que determina a demanda por informação (Barreto, 1995, p. 3).",0.1527499258518219
O que é o diário de bordo da IA?,twitter_algoritmo.md,143,"Com essa concepção, conseguimos visualizar qual o argumento aqui proposto: que  a  internet  e  as  formas  de  comunicação  presentes  nessa  rede  dialogam  com  as premissas de liberdade comercial, borrando a ideia de liberdade de expressão.Tem-se, portanto, a ideia de que o espaço da internet remete ao debate público, mas possui como dinâmica  primordial  de  seu  funcionamento  a  regulação  comercial,  advinda  das próprias empresas, juntamente com um papel reduzido do Estado. A ética hacker , aliada ao rearranjo capitalista para as grandes plataformas digitais, estabelece em seu layout o favorecimento do que chamamos ultraliberalismo: a liberdade de expressão existindo como mercadoria de mídia estabelece a noção de participação dos usuários, deslocando o poder do Estado e concentrando as decisões das empresas de plataformas digitais nos algoritmos de veiculação de informações.",0.23876850306987762
O que é o diário de bordo da IA?,twitter_algoritmo.md,145,"## 3 O caso do Twitter/X: moderação, desinformação e impacto na democracia",0.223000168800354
O que é o diário de bordo da IA?,twitter_algoritmo.md,147,"Neste contexto no qual 'a internet tornou -se a principal arena de comunicação política'  (Cesarino,  2022,  p.  39 -40)  estamos  diante  deste  cenário  em  que  as  práticas democráticas se encontram sob risco, pois, como sugere a autora, a infraestrutura das novas mídias seria, em última instância, favorável à direita liberal, aos conspiracionismos e a forças antiestruturais (Cesarino, 2022, p. 70).",0.19387520849704742
O que é o diário de bordo da IA?,twitter_algoritmo.md,149,"O aprimoramento da tecnologia algorítmica é relevante para a compreensão desta questão. De início, nos primórdios da web , os algoritmos serviam para classificação de reputação de sites (Cardon, 2015, p. 19); no entanto, novas necessidades levaram ao surgimento de novas famílias de algoritmos e, de acordo com Cardon, cada uma destas utilizava formas de classificação determinadas por valores específicos: a popularidade, a  autoridade,  a  reputação  ou  a  predição  (Cardon,  2015,  p.  16).  Resumidamente,  os algoritmos de popularidade eram os mais simples entre eles -como o ranqueamento de sites baseado no número de clicks recebidos -enquanto os de predição eram mais sofisticados,  por  alimentarem-se  de  dados  provenientes  de  técnicas  de Machine",0.19545462727546692
O que é o diário de bordo da IA?,twitter_algoritmo.md,151,"7 Peer-to-peer , forma de comunicação direta entre dois usuários, trocando mensagens instantâneas.",0.21097268164157867
O que é o diário de bordo da IA?,twitter_algoritmo.md,153,c,0.17293070256710052
O que é o diário de bordo da IA?,twitter_algoritmo.md,155,①,0.13196805119514465
O que é o diário de bordo da IA?,twitter_algoritmo.md,157,"Learning . Apesar de suas diferenças, há um elo unificador entre as diferentes formas de  cálculo  apresentadas  por  cada  uma  destas  famílias:  todas  são  alimentadas  por dados produzidos por usuários da web .",0.19925063848495483
O que é o diário de bordo da IA?,twitter_algoritmo.md,159,"A partir deste quadro, a problemática da privacidade dos dados produzidos pelos usuários é pautada a partir da seguinte perspectiva: a consciência da ascensão do big  data como  a  forma  primordial  de  funcionamento  dos  algoritmos  conduz  à reflexão  de  que  métricas  sociais  importantes  são  realizadas  por  meio  de  cálculos protegidos por direitos de propriedade intelectual e inacessíveis ao público. Assim, segundo  Cardon  (2015),  estas  novas  técnicas  de  medição  de  comportamento  vêm suplantar os antigos modelos estatísticos -estes que, até a virada do século passado, representavam  a  principal  referência  para  a  compreensão  daquilo  que  se  pode denominar vagamente de 'opinião pública'. As estatísticas, nesse sentido, possuíam a  qualidade de serem 'abertas, acessíveis, e destinadas a um uso público garantido pelo Estado' (Cardon, 201 5, p. 45). Os algoritmos, por outro lado, pertencem a empresas que fazem dos dados de centenas de milhões de pessoas um uso mercadológico.",0.26025068759918213
O que é o diário de bordo da IA?,twitter_algoritmo.md,161,"A falta de transparência dos mecanismos gerenciadores dos dados de usuários, assim como dos conteúdos da web , coloca-se como uma questão fundamental para a democracia  contemporânea  (Cardon,  2015,  p.  9).  Pois,  segundo  este  sociólogo,  a natureza dos algoritmos atuais carrega consigo consequências impactantes para além da interação virtual. A título de exemplo, a padronização é um fenômeno no qual a agência algorítmica pode ser observada: no momento em que o sujeito deixa de fazer uma  escolha  para  aderir  às  recomendações  de  um  determinado  serviço,  ele  está delegando sua vontade às escolhas realizadas previamente pelos algoritmos. Assim, 'uma quantidade considerável de escolhas práticas é feita por outros em nome das pessoas que desfrutam da comodidade de não precisar se dedicar a mil e uma decisões do  dia  a  dia'  (Cardon,  201 5,  p.  120).  A  escolha  de  não  escolher  tem  repercussões sociais  claras,  já  que  permite  a  reprodução  em  massa de determinados padrões de escolha. No plano do entretenimento, esta parece ser uma questão menor; no entanto, este fenômeno não se restringe a este domínio da vida social.",0.24218419194221497
O que é o diário de bordo da IA?,twitter_algoritmo.md,163,"O  caso  Twitter/X  reflete  diversos  aspectos  citados  até  agora:  em  primeiro lugar,  a  atuação  constante  e  direta  de  agentes  políticos  confere  a  este  espaço  certa relevância  no  interior  da  opinião  pública;  e  uma  das  discussões  mais  destacáveis nesse ambiente é a noção de liberdade -interpretada como maximização irrestrita da liberdade de expressão -,  que  é  frequentemente contraposta à ideia de democracia institucional.",0.195123091340065
O que é o diário de bordo da IA?,twitter_algoritmo.md,165,"Assim, a aquisição do Twitter/X representa um  dos episódios mais emblemáticos  e  controversos  da  história  recente  das  redes  sociais.  Originalmente lançado em 2006 como uma plataforma para compartilhamento de micromensagens e interação em tempo real, o Twitter consolidou-se como uma importante ferramenta para a disseminação de informações e para o debate público global. Ao longo dos anos, o serviço evoluiu de um espaço meramente informativo para uma arena onde discursos políticos, culturais e sociais se confrontam, tornando-se um termômetro das dinâmicas comunicacionais contemporâneas.",0.229057177901268
O que é o diário de bordo da IA?,twitter_algoritmo.md,167,"A  compra  do  Twitter  por  Elon  Musk  ocorreu  em  um  contexto  de  grande polarização política e social, em que as redes sociais se tornaram palco central para a expressão de divergências e para a mobilização de diferentes grupos. A promessa de uma  suposta  maior  liberdade  de  expressão,  defendida  pelo  novo  proprietário,  foi",0.12394557148218155
O que é o diário de bordo da IA?,twitter_algoritmo.md,169,<!-- image -->,0.10345049947500229
O que é o diário de bordo da IA?,twitter_algoritmo.md,171,9,0.09381873905658722
O que é o diário de bordo da IA?,twitter_algoritmo.md,173,acompanhada por preocupações acerca de uma eventual flexibilização das políticas de moderação -medidas que poderiam favorecer a proliferação de discursos de ódio e desinformação.,0.2176087200641632
O que é o diário de bordo da IA?,twitter_algoritmo.md,175,"A transição de gestão no Twitter/X evidenciou uma reconfiguração profunda das  políticas  de  moderação  e  da  governança  interna  da  plataforma.  Como  afirma Cardon (2019, tradução nossa) , 'os algoritmos não são neutros. Eles contêm uma visão da sociedade que lhes foi dada por aqueles que os programam -e  por  aqueles  que pagam aqueles que os programam' . Desta forma, eles são instrumentos de poder que determinam quais vozes serão amplificadas e quais serão silenciadas.",0.20747298002243042
O que é o diário de bordo da IA?,twitter_algoritmo.md,177,"Além disso, a reconfiguração das diretrizes de moderação deve ser entendida dentro do contexto do 'capitalismo de vigilância', onde a coleta e análise massiva de dados permitem não apenas a personalização dos conteúdos, mas também a manipulação das interações dos usuários para maximizar receitas publicitárias. Segundo Shoshana Zuboff (2020), 'o capitalismo de vigilância reivindica de maneira unilateral a experiência humana como matériaprima gratuita para a tradução em dados comportamentais'. Essa  dinâmica  demonstra  que  a  moderação  de  conteúdo  vai  além  da  proteção  dos usuários -ela se torna também uma ferramenta para a exploração comercial dos dados dos usuários, direcionando as estratégias de monetização da plataforma. Nesse cenário, a redução dos filtros e a maior dependência de métricas quantitativas representam uma aposta no modelo de engajamento, mas que, ao mesmo tempo, fragiliza os mecanismos de proteção contra abusos e discursos de ódio.",0.23941409587860107
O que é o diário de bordo da IA?,twitter_algoritmo.md,179,"Em síntese, a reconfiguração das diretrizes de moderação no Twitter/X reflete um  reposicionamento  ideológico  que,  sob  o  pretexto  de  promover  a  liberdade  de expressão,  acaba  por  intensificar  os  riscos  associados  à  propagação  de  conteúdo polarizador.  Essa  mu dança  está  em  consonância  com  a  ideia  de  que  'pressões  de natureza competitiva provocaram  a  mudança,  na  qual processos  de  máquina automatizados  não  só conhecem nosso  comportamento,  como  também moldam nosso comportamento  em  escala'  (Zuboff,  2020 ,  p.  19).  A  partir  disso,  torna-se  relevante ressaltar que neste contexto a ausência de uma intervenção humana crítica permite que discursos  prejudiciais  ganhem  espaço.  A  transformação  do  modelo  de  moderação, portanto, não só altera o equilíbrio entre liberdade e segurança, mas também insere a plataforma  em  um  contexto  de  intensificação  da  polarização  e  do  capitalismo  de vigilância -fatores que, em conjunto, comprometem a integridade do debate público e a proteção dos usuários.",0.2144569456577301
O que é o diário de bordo da IA?,twitter_algoritmo.md,181,## 4 Dados sobre o Twitter e análises bibliométricas,0.18133947253227234
O que é o diário de bordo da IA?,twitter_algoritmo.md,183,"A  metodologia  adotada  neste  capítulo  articula  procedimentos  de  coleta, tratamento,  análise  estatística  e  mineração  de  texto  para  mapear  a  evolução  da produção  acadêmica  sobre  Twitter/X  e  aferir  sua  legitimação  como  espaço  público digital. Em virtude da complexidade dos dados e das múltiplas fontes, cada etapa foi desenhada para assegurar rigor, transparência e reprodutibilidade.",0.19851699471473694
O que é o diário de bordo da IA?,twitter_algoritmo.md,185,## 4.1 Seleção e integração de fontes,0.17789924144744873
O que é o diário de bordo da IA?,twitter_algoritmo.md,187,"Inicialmente, conduzimos buscas exaustivas em três repositórios eletrônicos e uma ferramenta de indexação acadêmica: OpenAlex, Crossref Metadata API e SciELO ArticleMeta  API,  além  do  software  Publish  or  Perish  (Harzing,  2007).  Nas  APIs, utilizou-se paginação via cursor -capaz de retornar centenas de milhares de registros sem incursões manuais -,  garantindo cobertura completa de ocorrências do primeiro termo 'twitter' em campos `title` ou `abstract`. Para a SciELO, adotamos parsing em lote dos  arquivos  XML,  extraindo  `&lt;article-meta&gt;`  e  componentes  de  `&lt;article-title&gt;`, `&lt;abstract&gt;` e metadados associados (ISSN, DOI, palavras-chave). A combinação dessas quatro fontes resultou num acervo inicial de 54.154 registros, incluindo trabalhos em inglês e português.",0.20335543155670166
O que é o diário de bordo da IA?,twitter_algoritmo.md,189,<!-- image -->,0.10345049947500229
O que é o diário de bordo da IA?,twitter_algoritmo.md,191,"## 4.2 Processamento, normalização e deduplicação",0.20163333415985107
O que é o diário de bordo da IA?,twitter_algoritmo.md,193,"O corpo  de  dados  foi  consolidado  em  um  DataFrame  unificado  via  pacote Pandas  na  linguagem  Python,  e  submetido  a  rotinas  de  limpeza:  remoção  de acentuação (unidecode), converter string para minúsculas, eliminar caracteres especiais e espaços redundantes. Para evitar duplicidades, empregamos chaves compostas por DOI e versão normalizada de título (remoção de pontuação e espaços, padronização Unicode),  conforme  método  descrito  em  Garfield  (1955)  e  Zhao et  al .  (2018).  Em seguida,  estruturamos  o dataset segundo  o  padrão  CSV  de  Publish  or  Perish, contemplando 26 variáveis principais (p. ex., `Cites`, `Authors`, `Title`, `Year`, `Source`, `Publisher`,  `Abstract`,  `DOI`,  `ISSN`)  e  três  derivadas -`Age`  (2025  -  Year), `CitesPerYear`, `CitesPerAuthor` -garantindo que as métricas bibliométricas fundamentais estivessem prontas para análise. Valores nulos foram preenchidos com `None` para manter compatibilidade com metodologias de imputação futura.",0.26845353841781616
O que é o diário de bordo da IA?,twitter_algoritmo.md,195,## 4.3 Delimitação temporal e abrangência linguística,0.18700243532657623
O que é o diário de bordo da IA?,twitter_algoritmo.md,197,"Para garantir coerência temporal com o surgimento e maturidade do Twitter, filtramos registros de 2006 (ano de lançamento) a 2025 (última indexação disponível). Ao  contrário  de  outras  pesquisas  que  restringem  por  idioma,  optamos  por  manter artigos  em  inglês  e  português,  o  que  permite  comparar  percepções  regionais  e internacionais. Essa decisão abrange estudos de contextos diversos -desde investigações de e-learning em  países  lusófonos  até  análises  de  campanha  política  nos  EUA -e preserva a representatividade global do fenômeno.",0.21824043989181519
O que é o diário de bordo da IA?,twitter_algoritmo.md,199,## 4.4 Identificação de referências ao espaço público,0.2091880738735199
O que é o diário de bordo da IA?,twitter_algoritmo.md,201,"A  hipótese  central  requer  mensurar  a  frequência  com  que  pesquisadores descrevem o Twitter/X como arena de deliberação pública. Para tanto, selecionamos quatro  expressõeschave:  'espaço  público',  'public  sphere',  'arena  de  debate'  e 'opinião pública' (Feldman ; Sanger, 2007; Jurafsky; Martin, 2020). Implementamos em Python uma função de busca baseada em expressões regulares com delimitadores finegrained (`\b...\b`), aplicada de forma iterativa aos campos `Title` e `Abstract` de cada registro. Quando um termo era detectado, a variável binária `mentions\_public` recebia valor 1, indicando correspondência confiável; caso contrário, recebia 0. Esse método garante  objetividade  e  evita  enviesamentos  manuais,  ao  mesmo  tempo  que  facilita auditoria posterior do código-fonte.",0.25757455825805664
O que é o diário de bordo da IA?,twitter_algoritmo.md,203,<!-- image -->,0.10345049947500229
O que é o diário de bordo da IA?,twitter_algoritmo.md,205,11,0.09090153127908707
O que é o diário de bordo da IA?,twitter_algoritmo.md,207,## 4.5 Séries temporais e cálculo de proporções,0.19130930304527283
O que é o diário de bordo da IA?,twitter_algoritmo.md,209,"Com  a  sinalização  de  menções  a  espaço  público,  agrupamos  o corpus por `Year` para derivar duas séries temporais: N ₜ (quantidade total de publicações em cada ano) e M ₜ (quantidade de publicações com `mentions\_public = 1`). A proporção anual P ₜ = (M ₜ / N ₜ ) × 100% foi então calculada para oferecer perspectiva relativa. Plotamos as  séries  N ₜ (Figura  1)  e  P ₜ (Figura  2),  utilizando  o  pacote  `matplotlib`  com configurações de alta legibilidade -fonte sem serifa, grid sutil e exportação a 300 dpi -conforme recomendações de Tufte (2001) e Cleveland (1994). Os gráficos destacam o crescimento inicial, estabilização e queda no volume de publicações relacionadas à plataforma digital.",0.21880510449409485
O que é o diário de bordo da IA?,twitter_algoritmo.md,211,<!-- image -->,0.10345049947500229
O que é o diário de bordo da IA?,twitter_algoritmo.md,213,Fonte,0.18544244766235352
O que é o diário de bordo da IA?,twitter_algoritmo.md,215,: Elaboração própria,0.2592413127422333
O que é o diário de bordo da IA?,twitter_algoritmo.md,217,<!-- image -->,0.10345049947500229
O que é o diário de bordo da IA?,twitter_algoritmo.md,219,<!-- image -->,0.10345049947500229
O que é o diário de bordo da IA?,twitter_algoritmo.md,221,Fonte,0.18544244766235352
O que é o diário de bordo da IA?,twitter_algoritmo.md,223,: Elaboração própria,0.2592413127422333
O que é o diário de bordo da IA?,twitter_algoritmo.md,225,## 4.6 Análise de intervenção em séries temporais,0.23514260351657867
O que é o diário de bordo da IA?,twitter_algoritmo.md,227,"Para investigar o impacto específico da aquisição do Twitter por Elon Musk (outubro/2022), adotamos o método de séries temporais interrompidas (ITS) descrito em Bernal, Cummins e Gasparrini (2017). Empregamos um modelo de regressão linear generalizada  por  mínimos  quadrados  ordinários,  tomando  o  logaritmo  de  N ₜ como variável dependente e incluindo três covariáveis: `Time` (anos decorridos desde 2006), `Post2022` (indicador binário 0/1) e a interação `Time×Post2022`. A equação estimada foi:",0.20908914506435394
O que é o diário de bordo da IA?,twitter_algoritmo.md,229,"Esse framework permite  decompor  efeitos  imediatos  (β₂)  e  mudanças  de tendência (β₃) associados à intervenção de 2022. Os coeficientes foram avaliados por Wald test (α = 0,05). A Figura 3 exibe a comparação entre dados observados e valores ajustados, enquanto a Figura 4 apresenta gráfico de resíduos versus valores preditos, atestando adequação diagnóstica.",0.21562474966049194
O que é o diário de bordo da IA?,twitter_algoritmo.md,231,<!-- image -->,0.10345049947500229
O que é o diário de bordo da IA?,twitter_algoritmo.md,233,Fonte : Elaboração própria,0.21109658479690552
O que é o diário de bordo da IA?,twitter_algoritmo.md,235,<!-- image -->,0.10345049947500229
O que é o diário de bordo da IA?,twitter_algoritmo.md,237,Fonte : Elaboração própria,0.21109658479690552
O que é o diário de bordo da IA?,twitter_algoritmo.md,239,<!-- image -->,0.10345049947500229
O que é o diário de bordo da IA?,twitter_algoritmo.md,241,13,0.05203299596905708
O que é o diário de bordo da IA?,twitter_algoritmo.md,243,## 4.7 Classificação por área do conhecimento,0.19513078033924103
O que é o diário de bordo da IA?,twitter_algoritmo.md,245,"Por fim, mapeamos cada registro a uma categoria temática usando um dicionário refinado  de  palavras-chave,  contemplando  13  áreas:  Comunicação,  Ciências  Sociais, Política, Saúde, Tecnologia da Informação, Economia, Psicologia, Direito, Meio Ambiente, Educação, Marketing, Segurança e Humanidades. A distribuição resultante (Figura 5) e a  proporção  de  menções  a  espaço  público  em  cada  área  (Figura  6)  revelam  maior densidade de debate público nos domínios de Direito, Comunicação e Ciências Sociais.",0.254116028547287
O que é o diário de bordo da IA?,twitter_algoritmo.md,247,Figura 5 -Distribuição refinada de artigos por área do conhecimento,0.17906425893306732
O que é o diário de bordo da IA?,twitter_algoritmo.md,249,<!-- image -->,0.10345049947500229
O que é o diário de bordo da IA?,twitter_algoritmo.md,251,Fonte,0.18544244766235352
O que é o diário de bordo da IA?,twitter_algoritmo.md,253,: Elaboração própria,0.2592413127422333
O que é o diário de bordo da IA?,twitter_algoritmo.md,255,Figura 6 -Proporção de menções a 'espaço público' por área refinada,0.16915076971054077
O que é o diário de bordo da IA?,twitter_algoritmo.md,257,<!-- image -->,0.10336408764123917
O que é o diário de bordo da IA?,twitter_algoritmo.md,259,Fonte,0.18544244766235352
O que é o diário de bordo da IA?,twitter_algoritmo.md,261,: Elaboração própria,0.2592413127422333
O que é o diário de bordo da IA?,twitter_algoritmo.md,263,<!-- image -->,0.10336408764123917
O que é o diário de bordo da IA?,twitter_algoritmo.md,265,A combinação desses procedimentos -bibliométricos e estatísticos -fornece base robusta e replicável para sustentar a análise teórica subsequente sobre o caráter político e ultraliberal das práticas digitais no Twitter/X.,0.22425362467765808
O que é o diário de bordo da IA?,twitter_algoritmo.md,267,## Considerações finais,0.24663205444812775
O que é o diário de bordo da IA?,twitter_algoritmo.md,269,"Com este breve debate teórico-analítico, pretendemos contribuir para pesquisas posteriores que visem analisar as relações presentes nos movimentos digitais que se organizam politicamente. A partir das dinâmicas aqui analisadas, podemos visualizar um panorama agudo de institucionalização da ética ultraliberal, que, derivada da ética hacker , transforma a noção de informação na categoria de 'qualquer dado que possa ser digitalizado'.  Os  algoritmos,  processo  racionalizante  central  para  o desenvolvimento dessa forma de economia, estabelecem em sua dinâmica o borramento entre o público e o privado em sua totalidade: de um lado, as big techs controlam e dominam o espaço em  que  as  impressões  dos  usuários,  bem  como  suas  informações  pessoais,  são registradas e influenciam os algoritmos, e, de outro, o público de consumidores tende a naturalizar a utilização dessas redes como arena política de disputa de narrativas. O layout do Twitter/X, principalmente, favorece essa impressão.",0.2510942816734314
O que é o diário de bordo da IA?,twitter_algoritmo.md,271,"O  espaço  digital  das  redes  sociais  estabelece  alguns  paradoxos  iluministas: ama-se a liberdade, mas odeia-se a democracia 8 . Visualizamos, portanto, um borramento dos conceitos de público/privado e de liberdade/democracia decorrente da digitalização algorítmica como forma de comunicação hegemônica no Ocidente.",0.24931809306144714
O que é o diário de bordo da IA?,twitter_algoritmo.md,273,"Sua  estrutura  funcional  consolidou-se  na  lógica  da  propriedade  privada, articulada  a  algoritmos  e  a  uma  ética  ultraliberal -um  discurso  derivado  da  ética hacker,  formulada  nos  primórdios  da linguagem algorítmica  como  um princípio  de 'liberdade da informação' e uma premissa cooperativista de 'economia da doação'. Com a entrada  dos  conglomerados  comerciais  de  mídia  e  o  uso  massivo  das  redes sociais digitais, essa ética hacker, oriunda da chamada ideologia californiana (Barbrook, 2003), tornou-se a base do ultraliberalismo que estrutura os discursos e as formas de engajamento dos usuários -inclusive o tom predominante entre políticos com milhões de seguidores na plataforma X e seu próprio proprietário.",0.26089563965797424
O que é o diário de bordo da IA?,twitter_algoritmo.md,275,"A ética hacker fornece a hipótese de que o próprio funcionamento da computação reitera a lógica de que informação é qualquer dado que possa ser digitalizado. Vê-se, então, que no espaço das redes sociais, a partir dessa ética, as disputas concentram-se nas múltiplas narrativas, deslocando o poder do discurso a todo tempo, alimentando a forma  das  redes  sociais  como  uma  arena  de  disputa.  Seus  princípios  não  estão estabelecidos no ato de informar, e sim no engajamento.",0.2599536180496216
O que é o diário de bordo da IA?,twitter_algoritmo.md,277,"Isso aprofundou-se com a compra do Twitter por Elon Musk. Estabelecemos esse marco como ponto de análise, pois ele fornece um panorama de como os impactos do ultraliberalismo reivindicam os espaços privados como arenas legítimas do debate público. As afirmações de Musk, digitalizadas em sua própria rede, bem como as de outras  personalidades  públicas,  carregam  a  ideia  de  um  acesso  mais  'direto'  às questões políticas pelos usuários. Na época da compra da rede, noticiava-se a demissão massiva  de  7  mil  funcionários  em  tempo  real,  ao  mesmo  tempo  que  os  usuários procuravam um outro aplicativo com a mesma dinâmica em seu layout para migrarem.",0.23079976439476013
O que é o diário de bordo da IA?,twitter_algoritmo.md,279,"8 'Online, seja de direita ou esquerda, o embate tende a se dar em um tribunal cujos termos, longe do direito, tendem ao julgamento moral' ( Miskolci, 2017, p. 1).",0.19896408915519714
O que é o diário de bordo da IA?,twitter_algoritmo.md,281,<!-- image -->,0.10345049947500229
O que é o diário de bordo da IA?,twitter_algoritmo.md,283,15,0.039529088884592056
O que é o diário de bordo da IA?,twitter_algoritmo.md,285,"Posteriormente, os usuários brasileiros de fato migraram temporariamente para outras redes  similares  (Bluesky  e  Threads,  por  exemplo),  pelo  fato  do  comportamento ultraliberal de Musk acarretar sanções jurídicas para o funcionamento do Twitter no Brasil, que constituía a base do argumento do ministro Alexandre de Moraes de que seu comportamento e a rede social X incentivavam discursos extremistas e antidemocráticos (Tavares, 2024). Ainda, em virtude da retirada de qualquer representação jurídica da rede no país, o ministro determinou a suspensão da rede, que durou cerca de 40 dias.",0.20984435081481934
O que é o diário de bordo da IA?,twitter_algoritmo.md,287,"Os dados aqui expostos também demonstram como o perfil dos usuários de Twitter/X foi se alinhando a um perfil de cidadãos conservadores a partir da venda da rede.  Com  o  arrefecimento  de  um  possível  'fim  do T witter',  o  que  causou  um engajamento considerável sobre tal assunto, novas diretrizes passaram a fazer parte da rede sem que a dinâmica de seu funcionamento apresentasse mudança significativa. Essa noção ultra-liberal conservadora, cristalizada com a venda da rede social, entretanto, foi utilizada até o momento para instaurar crises e concretizar o avanço de perfis de extrema-direita ao redor do mundo.",0.17460636794567108
O que é o diário de bordo da IA?,twitter_algoritmo.md,289,"Neste  aspecto  observamos  como  o  borramento  dos  conceitos  de  liberdade/ democracia  coexiste  neste  espaço.  Com  a  naturalização  do  uso  das  mídias  sociais digitais  e  a  participação  maciça  de  usuários  em  uma  rede  social,  as  pautas  da informação criam as mais diversas narrativas sobre um fato.",0.25829795002937317
O que é o diário de bordo da IA?,twitter_algoritmo.md,291,"Dessa  forma,  o  borramento  da  noção  de  informação  impacta  diretamente  a participação política de diversos grupos que, orientados por narrativas supostamente baseadas em dados históricos inexistentes, passam a consumir e reproduzir discursos dotados  de  um  caráter  pedagógico  e  mobilizador,  semelhantes  às  dinâmicas  dos movimentos sociais, entendidos como fontes de inovação e de produção de saberes (GOHN, 2011, p. 333). Mesmo que atuem à margem das institucionalidades, as suas reivindicações -que vão de tentativas de golpe de Estado à disseminação de notícias falsas -evidenciam como o comportamento digital engendra uma modalidade de ação coletiva sociopolítica e cultural, capaz de articular práticas online e offline na expressão de demandas e identidades políticas. Quando confrontados por outros usuários ou pela justiça, esses grupos recorrem ao direito de liberdade de expressão, princípio garantido pelas próprias plataformas e reiterado pelos seus proprietários.",0.24905617535114288
O que é o diário de bordo da IA?,twitter_algoritmo.md,293,"Tais desdobramentos levam a uma crise das noções de liberdade virtual e da democracia institucional, onde a arena de disputa se intensifica nas redes sociais a cada nova  notícia  sobre  a  aliança  entre  empresários  de  mídias  digitais  e  presidentes, tornando-se pauta também nas casas legislativas e cortes.",0.2638016939163208
O que é o diário de bordo da IA?,twitter_algoritmo.md,295,## Referências,0.2532810568809509
O que é o diário de bordo da IA?,twitter_algoritmo.md,297,"BARBROOK, Richard. A regulamentação da liberdade: liberdade de expressão, liberdade de comércio e liberdade de dádiva na rede. In : COCCO, Giuseppe; GALVÃO, Alexander Patez; SILVA, Gerardo (org.). Capitalismo cognitivo : trabalho, redes e inovação. Rio de Janeiro: DP&amp;A Editora, 2003. p. 133-150.",0.2129317969083786
O que é o diário de bordo da IA?,twitter_algoritmo.md,299,"BARRETO, A. A oferta e a demanda da informação: condições técnicas, econômicas e políticas. Revista Ciência da Informação . Brasília: IBICT, vol. 28, n. 2. 1995.",0.23351846635341644
O que é o diário de bordo da IA?,twitter_algoritmo.md,301,"BERNAL, James Lopez; CUMMINS, Steven; GASPARRINI, Antonio. Interrupted time series regression for the evaluation of public health interventions: a tutorial. International Journal of Epidemiology , v. 46, n. 1, p. 348 -355, 2017. DOI: 10.1093/ije/dyw098.",0.08526794612407684
O que é o diário de bordo da IA?,twitter_algoritmo.md,303,①,0.13193930685520172
O que é o diário de bordo da IA?,twitter_algoritmo.md,305,"CARDON, Dominique. À quoi rêvent les algorithmes : Nos vies à l'heure des big data. Paris: Éditions du Seuil, 2015.",0.1720351129770279
O que é o diário de bordo da IA?,twitter_algoritmo.md,307,"CARDON, Dominique. Culture numérique . Paris: Presses de Science-Po, 2019.",0.08434180915355682
O que é o diário de bordo da IA?,twitter_algoritmo.md,309,"CASTELLS, Manuel. A sociedade em rede . São Paulo: Paz e Terra, 1999.",0.1579013615846634
O que é o diário de bordo da IA?,twitter_algoritmo.md,311,"CASTELLS, Manuel. Redes de indignação e esperança . 2. ed. Rio de Janeiro: Zahar, 2013.",0.17593781650066376
O que é o diário de bordo da IA?,twitter_algoritmo.md,313,"CESARINO, Letícia. O mundo do avesso : verdade política na era digital. São Paulo: Editora Ubu, 2022.",0.2379254549741745
O que é o diário de bordo da IA?,twitter_algoritmo.md,315,"CHUN,  Wendy  Hui  Kyong. Discriminating  data :  correlation,  neighborhoods,  and  the  new politics of recognition. Cambridge: MIT Press, 2021.",-0.007876546122133732
O que é o diário de bordo da IA?,twitter_algoritmo.md,317,"CLEVELAND, W. S. The Elements of Graphing Data . New Jersey: Hobart Press, 1994.",0.036829713732004166
O que é o diário de bordo da IA?,twitter_algoritmo.md,319,"FELDMAN, Ronen;  SANGER,  James. The  Text  Mining  Handbook :  Advanced  Approaches  in Analyzing Unstructured Data. Cambridge: Cambridge University Press, 2007.",0.021044088527560234
O que é o diário de bordo da IA?,twitter_algoritmo.md,321,"GARFIELD, Eugene. Citation indexes for science: a new dimension in documentation through association of ideas. Science , v. 122, n. 3159, p. 108-111, 1955. DOI: 10.1126/science.122.3159.108.",0.11777789145708084
O que é o diário de bordo da IA?,twitter_algoritmo.md,323,"GOHN, Maria da Glória. Movimentos Sociais na Contemporaneidade. Revista Brasileira de Educação , v. 16, n. 17. p. 333-361, 2011. Disponível em: https://www.scielo.br/j/rbedu/a/vXJKXcs7cybL3YNbDCkCRVp/?format=pdf&amp;lang=pt. Acesso em 22 out. 2025.",0.19312073290348053
O que é o diário de bordo da IA?,twitter_algoritmo.md,325,"HABERMAS, Jürgen. Espaço Público: 30 anos depois. Prefácio de 1990. In : HABERMAS, J. Mudança estrutural da esfera pública . São Paulo: Editora Unesp, 2014. p. 35-87. Disponível em: https://doceru.com/doc/s5vvvve. Acesso em 22 out. 2025.",0.15704813599586487
O que é o diário de bordo da IA?,twitter_algoritmo.md,327,"HABERMAS, Jürgen. Uma nova mudança estrutural da esfera pública e as condições da política deliberativa . Tradução de Denilson Luís Werle. São Paulo: Unesp, 2023.",0.18583284318447113
O que é o diário de bordo da IA?,twitter_algoritmo.md,329,"HELMOND, Anne. A plataformização da web. In : OMENA, Janna Joceli (org.). Métodos digitais : teoria-prática-crítica. Lisboa: ICNOVA, 2019. p. 49-72.",0.22006748616695404
O que é o diário de bordo da IA?,twitter_algoritmo.md,331,"JURAFSKY,  Daniel;  MARTIN,  James  H. Speech  and  Language  Processing :  An  Introduction  to Natural  Language  Processing,  Computational  Linguistics,  and  Speech  Recognition,  with Language Models. 3rd ed., draft online, 2025. Stanford University. Disponível em: https://web.stanford.edu/~jurafsky/slp3/ed3book\_aug25.pdf. Acessoe m 22 out. 2025.",0.1588948667049408
O que é o diário de bordo da IA?,twitter_algoritmo.md,333,"LÉVY, Pierre. Cibercultura. 3. ed. São Paulo: Editora 34, 1999.",0.17177999019622803
O que é o diário de bordo da IA?,twitter_algoritmo.md,335,"MALINI, Fábio. A informação como arma política: do confinamento ao descontrole. In : COCCO, Giuseppe; GALVÃO, Alexander Patez; SILVA, Gerardo (org.). Capitalismo cognitivo : trabalho, redes e inovação. Rio de Janeiro: DP&amp;A Editora, 2003. p. 151-191.",0.26608315110206604
O que é o diário de bordo da IA?,twitter_algoritmo.md,337,"MARTINO, Luis Mauro Sá. Teoria das mídias digitais : linguagens, ambientes e redes. Petrópolis: Vozes, 2015.",0.15811531245708466
O que é o diário de bordo da IA?,twitter_algoritmo.md,339,"MISKOLCI, Richard. Notas sobre o microfascismo nas redes sociais. Cult UOL , São Paulo, 3 mar. 2017. Disponível em: https://revistacult.uol.com.br/home/redes-de-ressentimento-notassobre-o-microfascismo-nas-redes-sociais/. Acesso em: 29 mar. 2024.",0.1757136583328247
O que é o diário de bordo da IA?,twitter_algoritmo.md,341,"O'REILLY, Tim. What is Web 2.0. United States: O'Reilly, 30 set. 2005. Disponível em: https://www.oreilly.com/pub/a/web2/archive/what-is-web-20.html?page=1. Acesso em: 13 de março de 2025.",0.19474369287490845
O que é o diário de bordo da IA?,twitter_algoritmo.md,343,"ROSSI, Andrew. Torre de marfim (Ivory Tower). Noruega: Documentário, 2014.",0.2301015406847
O que é o diário de bordo da IA?,twitter_algoritmo.md,345,"TAVARES, Vitor. Moraes determina bloqueio do X no Brasil após Elon Musk descumprir decisão judicial. BBC News Brasil, São Paulo, 30 ago. 2024. Disponível em: https://www.bbc.com/portuguese/articles/c4gz28359d4o. Acesso em: 29 mar. 2025.",0.212501659989357
O que é o diário de bordo da IA?,twitter_algoritmo.md,347,"TUFTE, E. R. The Visual Display of Quantitative Information . Cheshire, CT: Graphics Press, 2001.",0.04932476207613945
O que é o diário de bordo da IA?,twitter_algoritmo.md,349,"VAN DIJCK, José. La cultura de la conectividad : una historia crítica de las redes sociales. Buenos Aires: Editora Siglo Veintiuno, 2016.",0.12956224381923676
O que é o diário de bordo da IA?,twitter_algoritmo.md,351,"VAZ, Paulo. Cronologia da internet. Revista Lugar Comum , Rio de Janeiro, n. 13-14, p. 81-89, 2002.",0.2793215215206146
O que é o diário de bordo da IA?,twitter_algoritmo.md,353,<!-- image -->,0.10336408764123917
O que é o diário de bordo da IA?,twitter_algoritmo.md,355,17,0.06337058544158936
O que é o diário de bordo da IA?,twitter_algoritmo.md,357,"ZHAO, Dangzhi; STROTMANN, Andreas. Analysis and Visualization of Citation Networks . San Rafael, CA: Morgan &amp; Claypool, 2015.",0.04785061255097389
O que é o diário de bordo da IA?,twitter_algoritmo.md,359,"ZUBOFF, Shoshana. A era do capitalismo de vigilância : a luta por um futuro humano na nova fronteira do poder. Rio de Janeiro: Intrínseca, 2020. Ebook .",0.2801210880279541
O que é o diário de bordo da IA?,twitter_algoritmo.md,361,"Declaração de Coautoria: Ettore Schimid Batalha declara ter sido responsável 'pelo debate teórico  dos  conceitos  de  espaço público,  indústria cultural  e  ética  hacker, desenvolvidos  ao  longo  da  seção  1  do  artigo',  bem  como  perlas  considerações finais. Jefferson Ribeiro da Silva afir ma ter colaborado para o 'Desenvolvimento teórico da seção 1'; e Bruno Daniel Vendruscolo Velasquez sustenta ter contribuído para o artigo com o 'levantamento de dados empíricos e revisão textual.'",0.27469533681869507
O que é o diário de bordo da IA?,twitter_algoritmo.md,363,## *Minicurrículo das Autorias:,0.2306632250547409
O que é o diário de bordo da IA?,twitter_algoritmo.md,365,Ettore  Schimid  Batalha. Mestre  em  Sociologia  (2018).  Doutorando  em  Sociologia  pela Universidade Federal de São Carlos. Pesquisa financiada pela CAPES  (Processo nº 88887.674096/2022-00). E-mail: ettorebatalha@gmail.com,0.10966937243938446
O que é o diário de bordo da IA?,twitter_algoritmo.md,367,Jefferson Ribeiro da Silva . Licenciado em Letras (2022) e Bacharel em Ciências Sociais (2014). Mestrando em Educação pela Universidade Federal de Mato Grosso do Sul. Pesquisa financiada pela CAPES (Processo nº 88887.161204/2025).  E-mail: jefferson.silva@ufms.br,0.17018665373325348
O que é o diário de bordo da IA?,twitter_algoritmo.md,369,Bruno  Daniel  Vendruscolo  Espinosa  Velásquez .  Bacharel  em  Ciências  Sociais  (2012). Mestrando junto ao Programa de Pós-Graduação em Modelagem de Sistemas Complexos da Universidade de São Paulo. E-mail: velasquez.bruno@gmail.com.,0.11421625316143036
O que é o diário de bordo da IA?,twitter_algoritmo.md,371,<!-- image -->,0.10345049947500229
O que é o diário de bordo da IA?,twitter_algoritmo.md,373,<!-- image -->,0.10338323563337326
O que é o diário de bordo da IA?,twitter_algoritmo.md,375,", Parecer 1;",0.17840631306171417
O que é o diário de bordo da IA?,twitter_algoritmo.md,377,Avaliadora 1: Thatiane Faria Oliveira Moreira,0.2766451835632324
O que é o diário de bordo da IA?,twitter_algoritmo.md,379,<!-- image -->,0.10345049947500229
O que é o diário de bordo da IA?,twitter_algoritmo.md,381,Editores de Seção: Pedro Henrique Vasques ;,0.2051602303981781
O que é o diário de bordo da IA?,twitter_algoritmo.md,383,Lucas Baptista .,0.20191748440265656
O que é o diário de bordo da IA?,twitter_algoritmo.md,385,<!-- image -->,0.10345049947500229
O que é o diário de bordo da IA?,twitter_algoritmo.md,387,## Declaração de Disponibilidade de Dados,0.2910778820514679
O que é o diário de bordo da IA?,twitter_algoritmo.md,389,Os dados de pesquisa só estão disponíveis mediante solicitação.,0.20209214091300964
O que é o diário de bordo da IA?,twitter_algoritmo.md,391,<!-- image -->,0.10345049947500229
O que é o diário de bordo da IA?,escrita_academica_ia.md,1,"## Escrita acadêmica ética, responsável e humana com inteligência artificial",0.35862982273101807
O que é o diário de bordo da IA?,escrita_academica_ia.md,3,<!-- image -->,0.10336408764123917
O que é o diário de bordo da IA?,escrita_academica_ia.md,5,Rafael Cardoso Sampaio,0.20257878303527832
O que é o diário de bordo da IA?,escrita_academica_ia.md,7,## I ✉,0.25298643112182617
O que é o diário de bordo da IA?,escrita_academica_ia.md,9,"I Programa Pós-Graduação em Ciência Política, Universidade Federal do Paraná, Curitiba, PR, Brasil.",0.15056748688220978
O que é o diário de bordo da IA?,escrita_academica_ia.md,11,"Palavras-chave: escrita acadêmica, integridade científica, Inteligência Artificial Generativa, autoria, revisão narrativa.",0.3192870020866394
O que é o diário de bordo da IA?,escrita_academica_ia.md,13,"RESUMO Introdução: A rápida disseminação da inteligência artificial generativa (IAG) transformou práticas de escrita acadêmica, ampliando a eficiência, mas levantando preocupações sobre autoria, integridade, privacidade e desenvolvimento cognitivo. A literatura recente tem se concentrado em debates normativos e em políticas institucionais sobre autoria e transparência, mas oferece pouca orientação operacional sobre como utilizar a IA sem comprometer a formação intelectual, especialmente entre jovens pesquisadores(as). Este artigo busca preencher essa lacuna ao propor um método estruturado de uso ético, responsável e humano da IA. Materiais e métodos: Oestudo realiza uma revisão narrativa de literatura sobre riscos associados à escrita com IA (e.g., diluição da autoria, descarregamento cognitivo, vieses, privacidade e 'alucinações') e integra essa revisão com documentos normativos e diretrizes institucionais. A partir dessa síntese, o artigo desenvolve um guia prático composto por cinco fases metodológicas para orientar o uso crítico da tecnologia. Resultados: Oguia proposto organiza o processo de escrita em etapas: planejamento humano prévio; escrita assistida e curadoria crítica; apropriação e reescrita autoral; verificação rigorosa de fatos, fontes e lógica argumentativa; e responsabilidade final com declaração transparente do uso de IA. Cada fase fornece salvaguardas para mitigar riscos cognitivos, éticos e epistêmicos, preservando a agência autoral. Discussão: Argumenta-se que o uso ético da IA depende menos de proibições formais e mais do desenvolvimento de práticas de vigilância intelectual, documentação e reflexão contínua. Embora o processo reduza parte da eficiência oferecida pela IA, contribui para fortalecer competências cognitivas, proteger a integridade científica e equilibrar inovação tecnológica com responsabilidade humana.",0.41246497631073
O que é o diário de bordo da IA?,escrita_academica_ia.md,15,Recebido em 23 de Julho de 2025. Aprovado em 5 de Novembro de 2025. Aceito em 2 de Dezembro de 2025.,0.20196528732776642
O que é o diário de bordo da IA?,escrita_academica_ia.md,17,Editor Científico: Adriano Codato,0.18172571063041687
O que é o diário de bordo da IA?,escrita_academica_ia.md,19,Editor Associado: Adriano Codato,0.17003828287124634
O que é o diário de bordo da IA?,escrita_academica_ia.md,21,iD,0.3181067109107971
O que é o diário de bordo da IA?,escrita_academica_ia.md,23,<!-- image -->,0.10345049947500229
O que é o diário de bordo da IA?,escrita_academica_ia.md,25,<!-- image -->,0.10345049947500229
O que é o diário de bordo da IA?,escrita_academica_ia.md,27,## I. Introdução,0.3639245629310608
O que é o diário de bordo da IA?,escrita_academica_ia.md,29,Oficina de Escrita Acadêmica,0.3162813186645508
O que é o diário de bordo da IA?,escrita_academica_ia.md,31,Revista de Sociologia e Política,0.22482852637767792
O que é o diário de bordo da IA?,escrita_academica_ia.md,33,DOI 10.1590/1678-98732433e018,0.23813971877098083
O que é o diário de bordo da IA?,escrita_academica_ia.md,35,"A integração da inteligência artificial generativa (IAG) na produção de conhecimento acadêmico, acelerada por ferramentas como o ChatGPT, evoluiu rapidamente de uma postura de cautela para uma adoção ampla, motivada especialmente pela promessa de maior eficiência. A capacidade de automatizar ou acelerar diversas fases do trabalho acadêmico gerou otimismo (Pereira et al., 2024). Contudo, essa incorporação massiva também levanta questionamentos sobre a integridade da pesquisa, a originalidade do pensamento e o desenvolvimento das competências cognitivas dos próprios acadêmicos (Lopes et al., 2024; Sampaio et al., 2024).",0.30760425329208374
O que é o diário de bordo da IA?,escrita_academica_ia.md,37,"A resposta inicial da academia concentrou-se em debates normativos e filosóficos. Uma parte considerável da literatura recente dedicou-se a investigar os limites da autoria, questionando se uma entidade não humana poderia ser creditada em trabalhos científicos. A conclusão predominante é que a IA funciona como ferramenta, pois não possui agência ou responsabilidade legal e moral por suas produções (Resnik &amp; Hosseini, 2025). Em paralelo, outro foco dominante foi a criação de políticas institucionais, que frequentemente enquadram o uso de IA sob a ótica da desonestidade acadêmica, refletindo a preocupação em proteger os valores tradicionais da produção de conhecimento e valorizando práticas de total transparência (Trindade &amp; Oliveira, 2024).",0.39204901456832886
O que é o diário de bordo da IA?,escrita_academica_ia.md,39,"Apesar de relevante, a discussão normativa vigente deixa uma lacuna de orientação prática para estudantes e jovens pesquisadores sobre como utilizar a IA de forma ética, sem comprometer o desenvolvimento intelectual (Winberg et al., 2024). A ausência de um método claro agrava os perigos às fundações cognitivas e criativas da produção de conhecimento, manifestando-se em três áreas críticas.",0.3589427173137665
O que é o diário de bordo da IA?,escrita_academica_ia.md,41,"O primeiro risco diz respeito à diluição da autoria. A autoria manifesta a voz singular de um pesquisador, mas a colaboração com IA pode esvaziar o processo criativo ao transferir tarefas intelectuais para a máquina (Floridi, 2025). Estudos demonstram que, mesmo melhorando a qualidade textual, o uso de IA pode reduzir a satisfação intrínseca que alimenta a motivação acadêmica (Mei et al., 2025). Essa delegação pode levar à fixação de ideias e à redução da autoconfiança criativa, uma vez que a criatividade humana opera com base em associações idiossincráticas, enquanto a IA gera textos derivativos e estatisticamente prováveis (Lopes et al., 2024).",0.38580238819122314
O que é o diário de bordo da IA?,escrita_academica_ia.md,43,"O segundo risco envolve o descarregamento cognitivo ( cognitive offloading ). A delegação de tarefas mentais diminui o engajamento com o pensamento crítico e a aprendizagem autônoma. Evidências mostram que o uso de IA sem salvaguardas resulta em desempenho inferior em avaliações posteriores, sugerindo que o suporte tecnológico contínuo mina a resolução independente de problemas (Jin et al., 2025; Lee et al., 2025). Com o tempo, essa dependência pode atrofiar capacidades cognitivas essenciais (Lopes et al., 2024; Sampaio et al., 2024).",0.42847999930381775
O que é o diário de bordo da IA?,escrita_academica_ia.md,45,"O terceiro risco tange à privacidade e propriedade intelectual. Ao interagir com ferramentas de IA, pesquisadores expõem ideias e rascunhos ao treinamento de modelos, gerando questões de confidencialidade (Winberg et al., 2024). A falta de transparência sobre o uso de dados protegidos agrava o cenário (Bai et al., 2024; Sampaio et al., 2024). Além disso, a natureza derivativa dos modelos cria riscos tangíveis de plágio inadvertido (Pereira et al., 2024).",0.3289337158203125
O que é o diário de bordo da IA?,escrita_academica_ia.md,47,"Este artigo busca preencher a lacuna de orientação prática, oferecendo um guia metodológico para o escrita acadêmica ética, responsável e humana com inteligência artificial com ênfase na Ciência Política e voltado especialmente para jovens pesquisadores e estudantes ainda receosos em utilizar a IA em seus trabalhos. O uso ético refere-se à adesão aos princípios de integridade científica (não fabricar dados, não plagiar); o uso responsável tange à transparência algorítmica e à privacidade de dados de pesquisa; já o uso humano diz respeito à preservação da agência e da voz do pesquisador, impedindo que a tecnologia substitua o pensamento crítico.",0.38015463948249817
O que é o diário de bordo da IA?,escrita_academica_ia.md,49,"O guia é estruturado em cinco fases que orientam o pesquisador para uma colaboração ética e responsável, assegurando que a autoria humana permaneça central no processo. Nesse sentido, em vez de focar somente no que evitar, o objetivo é mostrar como unir a eficiência da máquina com a prevalência do pensamento humano, lidando diretamente com os três riscos aqui apresentados.",0.2590118646621704
O que é o diário de bordo da IA?,escrita_academica_ia.md,51,"## II. Guia prático para uso ético, responsável e humano da IA generativa na escrita acadêmica",0.3879648745059967
O que é o diário de bordo da IA?,escrita_academica_ia.md,53,"Diante de tais desafios, elaboramos um guia prático composto por sete etapas a serem observadas durante a escrita com IA buscando equilíbrio entre um uso ético, responsável e que valorize o humano. O Quadro 1 resume as etapas para efeitos didáticos.",0.4238637387752533
O que é o diário de bordo da IA?,escrita_academica_ia.md,55,"Quadro 1 - Etapas para uso ético, responsável e humano da IA na escrita acadêmica",0.4292147159576416
O que é o diário de bordo da IA?,escrita_academica_ia.md,57,|              | Fase                                       | Foco Principal                                                 | Objetivo                                                                                                   |,0.2559550106525421
O que é o diário de bordo da IA?,escrita_academica_ia.md,58,|--------------|--------------------------------------------|----------------------------------------------------------------|------------------------------------------------------------------------------------------------------------|,0.18358735740184784
O que é o diário de bordo da IA?,escrita_academica_ia.md,59,"| Pré- escrita | 1. Planejamento humano para o uso de IA    | Estruturação pré-IA, proteção de dados e engenharia de prompts | Garantir a intenção autoral, proteger dados de pesquisa e dominar princípios de interação com IA.          |",0.44352230429649353
O que é o diário de bordo da IA?,escrita_academica_ia.md,60,"| Escrita      | 2. Escrita assistida e cu- radoria crítica | Brainstorming , análise e revisão contínua                     | Usar a IA para expandir ideias, aprofundar refle- xão crítica e refinar progressivamente o conteúdo.       |",0.4360380470752716
O que é o diário de bordo da IA?,escrita_academica_ia.md,61,"|              | 3. Apropriação e reescrita autoral         | Transformação e personalização do texto                        | Infundir a voz, pensamento e estilo do autor, ga- rantindo originalidade e evitando marcas algorít- micas. |",0.26091691851615906
O que é o diário de bordo da IA?,escrita_academica_ia.md,62,"| Pós- escrita | 4. Verificação rigorosa de fatos e fontes  | Validação independente de infor- mações                        | Assegurar a precisão factual, bibliográfica, lógica e ausência de plágio.                                  |",0.2636765241622925
O que é o diário de bordo da IA?,escrita_academica_ia.md,63,|              | 5. Responsabilidade final e transparência  | Accountability e declaração de uso                             | Assumir responsabilidade integral pelo trabalho e declarar transparentemente o uso de IA.                  |,0.4759417474269867
O que é o diário de bordo da IA?,escrita_academica_ia.md,65,Fonte: elaborado pelo autor (2025).,0.21458469331264496
O que é o diário de bordo da IA?,escrita_academica_ia.md,67,## II.1. Fase 1: planejamento humano para o uso de IA,0.3935791850090027
O que é o diário de bordo da IA?,escrita_academica_ia.md,69,"A proteção de dados sensíveis que possam identificar participantes de uma pesquisa é uma consideração central ao utilizar inteligência artificial. A inserção de qualquer informação confidencial, como relatos pessoais ou dados que permitam a identificação de indivíduos, deve ser evitada em plataformas públicas de IA. O manejo inadequado dessas informações pode levar a violações de privacidade e ao descumprimento de regulamentações de proteção de dados (Trindade &amp; Oliveira, 2024). A anonimização completa dos dados, removendo quaisquer identificadores pessoais antes da interação com ferramentas de IA, é recomendada para salvaguardar a confidencialidade dos participantes.",0.39217665791511536
O que é o diário de bordo da IA?,escrita_academica_ia.md,71,"Outra dimensão de cuidado refere-se à preservação do ineditismo e do capital intelectual da pesquisa. Pesquisadores manifestam apreensão de que seus achados originais, uma vez inseridos em uma plataforma de IA, possam se tornar parte da informação geral disponível online. Os modelos de linguagem são continuamente treinados com os dados que recebem, e qualquer informação fornecida pode ser incorporada ao seu conjunto de treinamento e, eventualmente, ser reapresentada em interações com outros usuários (Pereira et al., 2024; Sampaio et al., 2024). Como cada plataforma estabelece suas próprias regras quanto à privacidade dos dados e ao uso dessas informações para treinamento dos modelos, o pesquisador deve conhecer as políticas de cada ferramenta antes de seu uso.",0.35859906673431396
O que é o diário de bordo da IA?,escrita_academica_ia.md,73,"Ainda antes da escrita com IA, a principal orientação é: 'nunca comece pelo chat'. Toda escrita acadêmica rigorosa deve ser iniciada fora das ferramentas de inteligência artificial. O pesquisador deve primeiro estabelecer as fundações intelectuais do trabalho mapeando a tese central, formulando perguntas de pesquisa e esboçando o esqueleto do texto. Essa estruturação prévia fortalece a intenção autoral e mitiga que o algoritmo dite a narrativa ou limite o escopo criativo (Pereira et al., 2024; Mollick &amp; Mollick, 2024). A criatividade genuína emerge de conexões inesperadas e pensamento que vão além de dados de treinamento, enquanto a IA opera com padrões estatísticos de alta probabilidade, tornando-se usualmente inadequada para inovação conceitual (Lopes et al., 2024; Resnik &amp; Hosseini, 2025).",0.3923706114292145
O que é o diário de bordo da IA?,escrita_academica_ia.md,75,"Na pesquisa em Ciência Política, isso significa, entre outras coisas, definir o desenho de pesquisa de forma independente. Antes de solicitar à IA que",0.3034157454967499
O que é o diário de bordo da IA?,escrita_academica_ia.md,77,"'escreva uma introdução', o pesquisador deve ter clareza sobre quatro elementos. O primeiro é a pergunta de pesquisa, que delimita o que está sendo investigado e, preferencialmente, explicita uma relação causal a ser testada, por exemplo 'Qual o impacto das emendas parlamentares na coesão partidária no Brasil pós-2018?'. O segundo é a hipótese de trabalho, que oferece uma resposta provisória para guiar o estudo. O terceiro é o marco teórico, que define as lentes conceituais da análise, como institucionalismo de escolha racional ou sociologia política. O quarto é a estratégia metodológica, que define como a hipótese será testada empiricamente, seja por métodos quantitativos, qualitativos ou mistos.",0.20224730670452118
O que é o diário de bordo da IA?,escrita_academica_ia.md,79,"Definido o planejamento, o pesquisador deve escolher as ferramentas e dominar os princípios de interação com a IA. Há uma vasta gama de ferramentas disponíveis (ver Sampaio et al., 2024; Trindade &amp; Oliveira, 2024). As plataformas de IA geralmente oferecem algum tipo de editor de texto com possibilidades de escrita, dentre os quais você deverá escolher (ver Apêndice). Não obstante, muitas ferramentas funcionam como extensões que você pode adicionar ao seu editor de texto, como o Microsoft Word e o Google Docs, sendo que as próprias empresas já embutiram ferramentas do tipo em seus editores. Aqui, o principal cuidado é que algumas ferramentas são especializadas na escrita acadêmica e outras são generalistas, merecendo mais cuidado, além disso, cada plataforma estabelece suas próprias regras quanto à privacidade dos dados e ao uso dessas informações para treinamento dos modelos.",0.42150619626045227
O que é o diário de bordo da IA?,escrita_academica_ia.md,81,"Os chats dos modelos de linguagem, como ChatGPT, DeepSeek e afins, também podem auxiliar na escrita acadêmica. A qualidade dos resultados é diretamente proporcional à precisão do comando fornecido, prática conhecida como 'engenharia de prompts ' (Trindade &amp; Oliveira, 2024). Em vez de fazer perguntas genéricas, o pesquisador deve assumir o papel de um 'designer de narrativas', como sugere Floridi (2025), especificando os requisitos, restrições e parâmetros da tarefa (para mais, ver Sampaio &amp; Figueiredo, 2025).",0.2653051018714905
O que é o diário de bordo da IA?,escrita_academica_ia.md,83,"Grosso modo, deve-se atribuir um papel ou função específica à IA para converte-la em uma assistente especializada e não em ferramenta generalista. Comandos como 'atue como pesquisador sênior especialista em instituições políticas e relações Executivo Legislativo' ou 'assuma o papel de um parecerista de periódico e me dê sugestões e pontos a serem melhorados no seguinte texto' tendem a ser efetivos. Essa definição ajuda a IA a compreender o tipo de saída ( output ) esperado e aumenta a precisão das respostas (Mollick &amp; Mollick, 2024).",0.44391220808029175
O que é o diário de bordo da IA?,escrita_academica_ia.md,85,"Além de definir um papel, o prompt deve fornecer um contexto claro, incluindo a tarefa exata a ser realizada, incluindo o formato , o público-alvo , e o estilo de escrita desejado, o que maximiza a relevância do resultado (Trindade &amp; Oliveira, 2024), como 'corrija esta seção de discussão teórica sobre a governabilidade na Nova República pós-1988. O público-alvo são pares acadêmicos especializados em instituições políticas brasileiras. Mantenha tom analítico e formal. Utilize o vocabulário conceitual consagrado pela literatura brasileira sobre o presidencialismo de coalizão, incluindo conceitos como 'poderes de agenda', 'disciplina partidária', 'formação de gabinetes' e 'custos de transação legislativos'. A seção deve ter entre 1.500 e 2.000 palavras, estruturada em parágrafos argumentativos sem uso de listas ou marcadores. Justifique as alterações realizadas ao texto'. Em muitos casos, é bom fornecer contextos maiores, como anexar um artigo ou colar um texto dentro da temática que você deseja escrever.",0.2737870514392853
O que é o diário de bordo da IA?,escrita_academica_ia.md,87,"## II.2. Fase 2: geração de insumos, curadoria crítica e refinamento iterativo",0.23764005303382874
O que é o diário de bordo da IA?,escrita_academica_ia.md,89,"Uma vez escolhidas as ferramentas e dominados os princípios de engenharia de prompts , torna-se possível interagir com a inteligência artificial de maneira controlada, utilizando-a como um recurso de apoio para ampliar o repertório criativo e analítico, sem substituir a capacidade de análise crítica. Um uso profícuo consiste em solicitar à IA a geração de listas de ideias sobre um tópico, a sugestão de diferentes ângulos para um argumento, a criação de exemplos para ilustrar conceitos ou a elaboração de analogias para teorias complexas (Mollick &amp; Mollick, 2024). Essa abordagem transforma a IA em uma 'parceira de brainstorming ' ou em uma 'fonte de inspiração' e uma 'bússola' que aponta novas direções (Jin et al., 2025). A IA pode aumentar a fluência e a flexibilidade do pensamento divergente, auxiliando na superação de bloqueios criativos.",0.4099959433078766
O que é o diário de bordo da IA?,escrita_academica_ia.md,91,"Assim como o trabalho não começa no chat, ele também não termina nele. Nenhuma resposta produzida por IA deve ser tratada como versão final. Cada trecho de texto produzido pela máquina é um protótipo, um rascunho inicial que exige um rigoroso processo de curadoria e apropriação humana. Em vez de aceitar passivamente a primeira sugestão, que frequentemente é genérica e carece de profundidade (Pereira et al., 2024), o pesquisador deve guiar a ferramenta com comandos específicos, a exemplo de 'sua sugestão anterior foi útil, mas agora a refine para incorporar o debate sobre a execução de emendas parlamentares como moeda de troca nas relações Executivo-Legislativo e remover as generalizações sobre barganha política em sistemas presidencialistas'.",0.35665544867515564
O que é o diário de bordo da IA?,escrita_academica_ia.md,93,"Esta fase se define por ciclos curtos e contínuos de revisão, nos quais o pesquisador lê criticamente o material, identifica imprecisões, superficialidades ou lacunas argumentativas ('Escrever', 'Filtrar', 'Verificar'), e utiliza essas observações para refinar seus prompts em um diálogo contínuo com a ferramenta (Bai et al., 2024). Ess e ciclo de interação e refinamento progressivo não só melhora a qualidade do resultado da máquina, mas também ajuda o próprio pesquisador a clarificar seus objetivos e a aprofundar seu pensamento crítico (Lee et al., 2025), mantendo total agência e controle sobre o conteúdo (Floridi, 2025).",0.3031913638114929
O que é o diário de bordo da IA?,escrita_academica_ia.md,95,"Uma forma de aprofundar esse processo é inverter a dinâmica da interação, solicitando que a IA atue como uma 'entrevistadora' ou 'crítica socrática' para desafiar a lógica do trabalho humano. Comandos como 'leia este parágrafo sobre o conceito de polarização afetiva e aponte três falhas lógicas ou contra-argumentos baseados na literatura recente' ou 'aja como um aluno iniciante e peça para eu explicar este conceito em termos simples' forçam o autor a defender e a clarificar suas ideias, quebrando o que Mollick &amp; Mollick (2024) denominam 'ilusão de profundidade explanatória', quando acreditamos entender um tópico mais profundamente do que de fato entendemos.",0.39413654804229736
O que é o diário de bordo da IA?,escrita_academica_ia.md,97,"Muitas ferramentas de escrita com IA permitem você selecionar um texto e pedir para a máquina 'melhorar a escrita', 'deixar mais formal', 'simplificar a linguagem', 'corrigir ortografia e gramática', 'encurtar', 'alongar' ou 'mudar o tom', como é o exemplo do Gemini, que é capaz de editar o texto diretamente no Google Docs (ver Apêndice). Prefira esse tipo de opção mais detida em pequenos trechos, evitando opções generalistas que escrevem trechos completos, como 'escrever introdução (conclusão)' ou 'escrever com argumentos opostos' (ver Apêndice). Mas todas essas opções, na prática, significam que seu texto vai ser reescrito por uma IA generativa.",0.37569519877433777
O que é o diário de bordo da IA?,escrita_academica_ia.md,99,"Da mesma maneira, ao usar chats de grandes modelos de linguagem, como ChatGPT, Qwen, DeepSeek e afins, sempre prefira prompts que peçam para revisar ou melhorar o trecho com 'justificativas para as mudanças', o que garante que você compreenda as razões pelas quais a máquina está mexendo no seu texto e te exercita a compreender tais sugestões. Esse exercício de avaliação das justificativas funciona como prática reflexiva, utilizando a IA como um 'espelho' para testar a robustez dos próprios argumentos (Jin et al., 2025). Uma alternativa é solicitar que o chat ofereça 'duas ou mais opções de correção'. Dessa maneira, você poderá observar as diferentes alternativas e construir seu próprio texto. A experiência mostra que a familiaridade com as ferramentas de IA leva os pesquisadores a se tornarem mais críticos e exigentes com os resultados, desenvolvendo uma postura de validação contínua (Lee et al., 2025; Winberg et al., 2024).",0.3516184985637665
O que é o diário de bordo da IA?,escrita_academica_ia.md,101,## II.3. Fase 3: apropriação e reescrita autoral,0.27905890345573425
O que é o diário de bordo da IA?,escrita_academica_ia.md,103,"Como já dito, frequentemente você estará revisando, refinando e se apropriando diretamente do texto que está sendo escrito com auxílio de IA. Entretanto, mesmo após curadoria e verificação, deve acontecer uma apropriação e reescrita autoral.",0.41002193093299866
O que é o diário de bordo da IA?,escrita_academica_ia.md,105,"A fase de apropriação autoral é o momento em que o pesquisador transforma esse material em sua própria produção intelectual por meio da reescrita ativa. Este processo envolve muito mais do que simples correções, exigindo que cada trecho seja reformulado com as próprias palavras do autor, ajustando o vocabulário, o tom e o estilo para garantir que o texto reflita sua voz única (Lopes et al., 2024b; Pereira et al., 2024; Trindade &amp; Oliveira, 2024).",0.27067089080810547
O que é o diário de bordo da IA?,escrita_academica_ia.md,107,"O pesquisador deve reorganizar parágrafos, inserir transições lógicas e acrescentar sua interpretação e análise original, elementos que a IA frequentemente não pode fornecer (Floridi, 2025). Portanto, estamos falando de uma apropriação que acrescenta de modo significativo a parte humana da autoria , como o pensamento crítico, a criatividade, ou simplesmente a 'alma ao texto', já que textos de IA usualmente soam muito genéricos, técnicos e justamente sem o toque humano. A leitura do texto em voz alta é uma técnica profícua para identificar dissonâncias e garantir que o resultado soe coeso, com as 'costuras' que revelem a origem mecânica de certas passagens.",0.4490281045436859
O que é o diário de bordo da IA?,escrita_academica_ia.md,109,"Aqui, é preciso cuidado especial com o que Floridi (2025) chama de dataprint , ou seja, as marcas deixadas pelos dados de treinamento e técnicas de desenvolvimento dos grandes modelos de linguagem. Como já sabemos, as IAs foram treinadas nos dados disponíveis na internet, o que significa que reproduzem todos os vieses ali presentes, como a maior presença de textos em língua inglesa e de países do norte global.",0.37664899230003357
O que é o diário de bordo da IA?,escrita_academica_ia.md,111,"Sem o cuidado devido, todos esses vieses irão diretamente para o seu texto e os 'vícios de linguagem das máquinas' se transformarão nos seus próprios, como pode ser visto nos atuais usos abusivos de certas palavras ('crucial', 'essencial'); expressões (' insights valiosos'); traduções incorretas, como 'rica tapeçaria' que vem do inglês ' rich tapestry '; marcadores de texto ('-') e formas de construir orações subordinadas com dois pontos ':' e ponto e vírgula ';'(ver Sampaio &amp; Figueiredo, 2025). Em suma, o objetivo é não deixar que a IA 'lave' a sua escrita.",0.4053190052509308
O que é o diário de bordo da IA?,escrita_academica_ia.md,113,## II.4. Fase 4: verificação rigorosa de fatos e fontes,0.22921603918075562
O que é o diário de bordo da IA?,escrita_academica_ia.md,115,"Após a curadoria e reescrita do texto, o pesquisador deve verificar de forma independente e meticulosa cada informação, dado, estatística e referência bibliográfica gerada pela ferramenta. É um erro assumir que a fluidez e a aparente coerência do texto da IA são sinônimos de precisão (Pereira et al., 2024).",0.4121535122394562
O que é o diário de bordo da IA?,escrita_academica_ia.md,117,"Modelos de linguagem são propensos a 'alucinações', um fenômeno que consiste na fabricação de informações, dados e citações que parecem plausíveis, mas são falsos ou imprecisos (Trindade &amp; Oliveira, 2024; Lopes et al., 2024). Confiar cegamente nessas saídas, sem uma validação rigorosa, compromete a integridade da pesquisa, podendo configurar má conduta acadêmica e minar a credibilidade do autor.",0.21499356627464294
O que é o diário de bordo da IA?,escrita_academica_ia.md,119,"A verificação deve acontecer especialmente em termos de quatro elementos. Primeiramente, a verificação factual , na qual o pesquisador confirma datas, nomes e estatísticas em fontes primárias ou em bases de dados confiáveis. Em segundo lugar, a verificação bibliográfica , que envolve checar a existência real de cada obra citada, validando seus DOIs e autores em plataformas como Scopus, Web of Science ou Google Scholar, porém sugerimos nunca usar citações geradas por IA , e, especialmente, nunca citar textos que não foram lidos pelo autor (algo já possível com certas ferramentas, ver Apêndice).",0.2759890854358673
O que é o diário de bordo da IA?,escrita_academica_ia.md,121,"Não se trata apenas de citações inventadas ou falsas, mas a IA pode citar textos e autores que existem, mas citar incorretamente. Por exemplo, ela pode gerar uma citação correta ao clássico trabalho de 'Bowling Alone' de Robert Putnam, mas atribuir a ele uma ideia que é da literatura de cultura política, mas não presente na obra ou mesmo citar uma ideia do próprio Putnam, mas presente em outro trabalho. Por isso, a regra é absoluta e não admite exceções. Nunca cite um texto que você não leu na íntegra, mesmo que a referência pareça perfeita.",0.2814359664916992
O que é o diário de bordo da IA?,escrita_academica_ia.md,123,"Em terceiro lugar, a verificação de plágio , pois ideias e textos gerados por IA podem estar baseados em ideias e textos já publicados, podendo gerar um plágio inadvertido. Finalmente, a verificação lógica , que consiste em avaliar a coerência interna do argumento e a ausência de contradições (Lee et al., 2025). Esse processo de validação é o componente final do ciclo proposto por Bai et al. (2024), sendo a etapa que efetivamente garante a qualidade e a confiabilidade do trabalho.",0.36331015825271606
O que é o diário de bordo da IA?,escrita_academica_ia.md,125,## II.5. Fase 5: responsabilidade final e transparência,0.2569819390773773
O que é o diário de bordo da IA?,escrita_academica_ia.md,127,"A etapa final do processo de escrita é assumir responsabilidade total e inequívoca sobre o manuscrito. Como autor humano, você deve assumir a precisão das informações, a integridade dos argumentos e a originalidade da contribuição, mesmo que partes do texto tenham sido sugeridas ou refinadas com o auxílio da IA. A autoria acadêmica implica uma prestação de contas ( accountability ) que é intransferível. Uma IA, por ser uma ferramenta sem consciência, intencionalidade ou personalidade jurídica, não pode ser responsabilizada por erros, plágio ou quaisquer outras implicações éticas do trabalho. A responsabilidade é, e sempre deve ser, inteiramente do autor humano (Resnik &amp; Hosseini, 2025; Sampaio et al., 2024).",0.443357914686203
O que é o diário de bordo da IA?,escrita_academica_ia.md,129,"Oprincipal consenso sobre o uso de IA na escrita acadêmica é a declaração transparente de sua utilização. Essa não é uma mera formalidade, mas um pilar da integridade acadêmica. As políticas de periódicos e instituições convergem para a exigência de que os autores declarem o uso de ferramentas de IA, geralmente na seção de metodologia, nos agradecimentos ou em uma declaração final específica (Trindade &amp; Oliveira, 2024; Sampaio et al., 2024). Essa declaração deve nomear a ferramenta, a versão e a data de utilização, como 'ChatGPT 5.1, Gemini 3.0 pro, usados em novembro de 2025'. A inclusão da data é particularmente relevante porque os modelos de IA são atualizados com frequência, mas nem sempre alteram o nome de sua versão. Registrar quando a ferramenta foi utilizada facilita a replicabilidade da pesquisa e permite que futuros leitores compreendam o contexto tecnológico em que o trabalho foi produzido.",0.4394983947277069
O que é o diário de bordo da IA?,escrita_academica_ia.md,131,"Além disso, é importante descrever como as ferramentas foram utilizadas e para que finalidade, documentando o processo, mantendo um registro dos prompts utilizados e das principais versões do texto, é uma prática recomendada que assegura a rastreabilidade do trabalho e prepara o autor para responder a quaisquer questionamentos de revisores ou editores. A transparência demonstra uma conduta ética e responsável perante a comunidade científica, reforçando o agente humano como plenamente responsável pela qualidade, veracidade e originalidade de sua obra (Winberg et al., 2024). É importante esclarecer que a transparência no uso da IA ainda é um ponto que pode gerar avaliações paradoxais. Em certos cenários, ela elevou a aceitação moral do trabalho (Mei et al., 2025), em outros, aumentou a desconfiança sobre a qualidade do trabalho (Schilke &amp; Reimann, 2005).",0.4126795530319214
O que é o diário de bordo da IA?,escrita_academica_ia.md,133,"Para estruturar essa declaração de forma sistemática, os pesquisadores podem utilizar frameworks como o desenvolvido por Resnik &amp; Hosseini (2025), que oferecem modelos para diferentes níveis de contribuição da IA, desde a geração de ideias até a edição, conforme o Quadro 2.",0.39597368240356445
O que é o diário de bordo da IA?,escrita_academica_ia.md,135,"Antes de submeter o manuscrito, uma boa prática é realizar uma verificação final, consultando as políticas institucionais (do periódico, evento, associação, editora etc.) relativas ao uso de Inteligência Artificial e ao cumprimento dos requisitos de transparência exigidos. Como é natural, algumas instituições são mais restritivas que outras e já conhecer a regra facilita o processo.",0.35634905099868774
O que é o diário de bordo da IA?,escrita_academica_ia.md,137,## III. Refletindo sobre o processo de escrita com IA,0.49169108271598816
O que é o diário de bordo da IA?,escrita_academica_ia.md,139,"Como uma fase adicional e não obrigatória, recomenda-se que o uso de IA seja permeado pela reflexão do pesquisador, notadamente para aqueles que ainda não dominam o texto acadêmico. Após cada escrita com IA, realiza-se um exercício de documentação do processo, uma espécie de 'diário de bordo da IA'. Esse documento, que geralmente não integra o trabalho final, funciona como um exercício de autoavaliação.",0.5669774413108826
O que é o diário de bordo da IA?,escrita_academica_ia.md,141,"O pesquisador registra sistematicamente como utilizou a ferramenta, observando pontos como as etapas do trabalho em que a IA foi acionada e com quais prompts , e de que maneira a ferramenta impactou o processo em termos de eficiência, satisfação e aprendizado, por exemplo, ao sugerir novas perspectivas (Pereira et al., 2024). Também são registrados os principais obstáculos encontrados, como a geração de conteúdo genérico ou 'alucinações' que",0.46585458517074585
O que é o diário de bordo da IA?,escrita_academica_ia.md,143,Quadro 2 - Divulgação do uso de IA em pesquisa e escrita,0.4485773742198944
O que é o diário de bordo da IA?,escrita_academica_ia.md,145,| Categoria de divul- gação   | Uso da IA (Exemplos)                                                                                                                                                                                                                                                                                                                                                                                                                                                                                                 |,0.45981737971305847
O que é o diário de bordo da IA?,escrita_academica_ia.md,146,|-----------------------------|----------------------------------------------------------------------------------------------------------------------------------------------------------------------------------------------------------------------------------------------------------------------------------------------------------------------------------------------------------------------------------------------------------------------------------------------------------------------------------------------------------------------|,0.18652768433094025
O que é o diário de bordo da IA?,escrita_academica_ia.md,147,| Divulgação desne- cessária  | A IA atua em tarefas menores ou como parte de uma operação integrada que não gera conteúdo nem toma decisões de pesquisa. Para sugerir palavras ou frases que melhorem a clareza ou inteligibilidade de uma frase existente. Como parte de uma operação maior na qual a IA não está gerando ou sintetizando conteúdo nem tomando decisões de pesquisa (ex.: IA integrada a outros sistemas/máquinas). Como assistente digital (ex.: ajudar a organizar e manter ativos digitais e fluxos de trabalho de um projeto). |,0.5083450675010681
O que é o diário de bordo da IA?,escrita_academica_ia.md,148,"| Divulgação opcional         | A IA foi usada como ferramenta auxiliar para aprimoramento ou suporte, mas não afetou o conteúdo central. Para editar texto existente quanto à gramática, ortografia ou organização. Para localizar e gerar exemplos para conteúdo existente. Para fazer brainstorming e sugerir formas de organizar um artigo ou o título de um artigo/seção. Para validar e/ou oferecer feedback sobre ideias, texto e código existentes.                                                                                          |",0.44941389560699463
O que é o diário de bordo da IA?,escrita_academica_ia.md,149,"| Divulgação obrigatória      | A IA teve impacto na geração, síntese ou decisão do conteúdo central da pesquisa. Para formular perguntas, hipóteses, elaborar e conduzir experimentos. Para redigir partes do artigo, resumir, parafrasear, revisar significativamente ou sintetizar conteúdo textual. Para traduzir partes ou a totalidade do artigo.                                                                                                                                                                                              |",0.44307178258895874
O que é o diário de bordo da IA?,escrita_academica_ia.md,151,Fonte: baseado em Resnik &amp; Hosseini (2025).,0.1875733733177185
O que é o diário de bordo da IA?,escrita_academica_ia.md,153,"exigiram verificação (Trindade &amp; Oliveira, 2024). Essa análise permite identificar o que a interação revelou sobre o próprio processo de escrita.",0.2858353555202484
O que é o diário de bordo da IA?,escrita_academica_ia.md,155,"Este exercício de documentação não visa apenas à transparência, mas ao desenvolvimento de uma consciência crítica sobre a colaboração, permitindo um uso mais intencional e controlado em projetos futuros e consolidando a agência e a responsabilidade do autor humano, além de ser um exercício em si de escrita humana e reflexão.",0.3483825922012329
O que é o diário de bordo da IA?,escrita_academica_ia.md,157,"Este artigo apresentou um roteiro em cinco fases para uma interação ética, responsável e humana com a inteligência artificial generativa na escrita acadêmica, estruturado em torno de três riscos centrais: o sentimento de perda da autoria, o descarregamento cognitivo e a exposição de dados de pesquisa. As fases foram numeradas por razões didáticas e não exigem aplicação sequencial ou integral em cada atividade de escrita. Além disso, uma possível limitação é que ao seguir fielmente as fases, todo o ganho da eficiência trazido pela IA pode se perder nos processos de curadoria e reflexão. Entretanto, o objetivo principal era desenvolver um método detalhado para esse uso crítico da IA para a escrita acadêmica, garantindo que a tecnologia sirva ao aprimoramento do pensamento, e não à sua substituição. Acreditamos que com o treino, os jovens pesquisadores irão fazer as etapas de forma mais natural e poderão também sentir ganhos de produtividade.",0.38431239128112793
O que é o diário de bordo da IA?,escrita_academica_ia.md,159,"Para além do guia, recomenda-se que pesquisadores reservem uma porção do tempo de redação para a prática deliberada sem auxílio da IA, como estratégia concreta para mitigar os riscos de descarregamento cognitivo e atrofia de",0.4369288682937622
O que é o diário de bordo da IA?,escrita_academica_ia.md,161,## IV. Conclusão,0.25271373987197876
O que é o diário de bordo da IA?,escrita_academica_ia.md,163,## Declaração de uso de IA,0.5238986015319824
O que é o diário de bordo da IA?,escrita_academica_ia.md,165,## Financiamento,0.20474711060523987
O que é o diário de bordo da IA?,escrita_academica_ia.md,167,## Conflito de interesses,0.27796971797943115
O que é o diário de bordo da IA?,escrita_academica_ia.md,169,"habilidades. A documentação dessas experiências em um diário reflexivo auxilia na construção de maturidade intelectual e tecnológica, permitindo o refinamento contínuo de diretrizes pessoais para projetos futuros.",0.43554434180259705
O que é o diário de bordo da IA?,escrita_academica_ia.md,171,"Emúltima análise, o uso ético da IA na pesquisa não se resume a seguir um conjunto de regras, mas a cultivar uma postura de vigilância intelectual e responsabilidade. Ao aderir aos princípios de rigor, transparência e reprodutibilidade, dentro dos limites do que a tecnologia permite, o pesquisador assegura a integridade de seu trabalho e contribui para uma cultura acadêmica que valoriza a inovação sem sacrificar a profundidade.",0.38964661955833435
O que é o diário de bordo da IA?,escrita_academica_ia.md,173,"Durante a preparação deste texto, o autor utilizou Claude (versão 4.5 Opus), Gemini (versões 2.5Pro, 3.0 Pro) e GLM 4.5 da Z.ai entre julho e novembro de 2025 para brainstorming , avaliação do texto e melhorias gramaticais e semânticas ao texto. Após o uso destas ferramentas, o autor revisou e editou o conteúdo em conformidade com o método científico e assume total responsabilidade pelo conteúdo da publicação.",0.2511848211288452
O que é o diário de bordo da IA?,escrita_academica_ia.md,175,## Contribuição de autoria (CRediT),0.2825942635536194
O que é o diário de bordo da IA?,escrita_academica_ia.md,177,"Rafael Cardoso Sampaio: conceitualização, análise formal, investigação, metodologia, escrita do artigo original.",0.21335045993328094
O que é o diário de bordo da IA?,escrita_academica_ia.md,179,Esta pesquisa contou com financiamento do CNPq e com o apoio da Associação Brasileira de Ciência Política (ABCP).,0.1880635768175125
O que é o diário de bordo da IA?,escrita_academica_ia.md,181,## Declaração de disponibilidade de dados,0.2962876856327057
O que é o diário de bordo da IA?,escrita_academica_ia.md,183,Nenhum dado de pesquisa gerado ou utilizado.,0.23214170336723328
O que é o diário de bordo da IA?,escrita_academica_ia.md,185,Oautor declara não haver nenhum conflito de interesses.,0.2322448194026947
O que é o diário de bordo da IA?,escrita_academica_ia.md,187,"Rafael Cardoso Sampaio (cardososampaio@gmail.com) é professor permanente do programa de Pós-graduação em Ciência Política (UFPR). Pesquisador do Instituto Nacional de Ciência e Tecnologia Transformações da Participação, do Associativismo e do Confronto Político (INCT Participa). Bolsista produtividade do CNPq.",0.194139763712883
O que é o diário de bordo da IA?,escrita_academica_ia.md,189,## Referências,0.2532810568809509
O que é o diário de bordo da IA?,escrita_academica_ia.md,191,"- Bai, S., Gonda, D.E. &amp; Hew, K.F. (2024) Write-curate-verify: a case study of leveraging generative AI for scenario writing in scenario-based learning. IEEE Transactions on Learning Technologies , 17, pp. 1301-1312. DOI",0.1530003696680069
O que é o diário de bordo da IA?,escrita_academica_ia.md,192,"- Floridi, L. (2025) Distant writing: Literary production in the age of artificial intelligence. Minds and Machines , 35(3), 30. DOI",0.22276386618614197
O que é o diário de bordo da IA?,escrita_academica_ia.md,193,"- Jin, F., Sun, L. &amp; Pan, Y., et al. (2025) High heels, compass, spider-man, or drug? Metaphor analysis of generative artificial intelligence in academic writing. Computers &amp; Education , 228, 105248. DOI",0.057603590190410614
O que é o diário de bordo da IA?,escrita_academica_ia.md,195,"- Lee, H., Sarkar, A. &amp; Tankelevitch, L., et al. (2025) The impact of generative AI on critical thinking: self-reported reductions in cognitive effort and confidence effects from a survey of knowledge workers. Proceedings of the 2025 CHI Conference on Human Factors in Computing Systems. Yokohama, Japão. DOI",0.2097529172897339
O que é o diário de bordo da IA?,escrita_academica_ia.md,196,"- Lopes, C., Forgas, R.C. &amp; Cerdà-Navarr, A. (2024) Tese de doutorado em educação escrita por inteligência artificial? Revista Brasileira de Educação , 29, e290065. DOI",0.270384281873703
O que é o diário de bordo da IA?,escrita_academica_ia.md,197,"- Mei, P., Brewis, D. &amp; Nwaiwu, F., et al. (2025) If ChatGPT can do it, where is my creativity? Generative AI boosts performance but diminishes experience in creative writing. Computers in Human Behavior: Artificial Humans , 4, 100140. DOI",0.11333678662776947
O que é o diário de bordo da IA?,escrita_academica_ia.md,198,"- Mollick, E.R. &amp; Mollick, L. (2024) Instructors as innovators: a future-focused approach to new AI learning opportunities, with prompts. SSRN Electronic Journal [Preprint]. DOI",0.1317758560180664
O que é o diário de bordo da IA?,escrita_academica_ia.md,199,"- Pereira, R., Reis, I.W. &amp; Ulbricht, V., et al. (2024) Generative artificial intelligence and academic writing: an analysis of the perceptions of researchers in training. Management Research: Journal of the Iberoamerican Academy of Management , 22(4), pp. 429-450. DOI",0.242264524102211
O que é o diário de bordo da IA?,escrita_academica_ia.md,200,"- Resnik, D. &amp; Hosseini, M. (2025) Disclosing artificial intelligence use in scientific research and publication: when should disclosure be mandatory, optional, or unnecessary? Accountability in Research , 2025, pp. 1-13. DOI",0.1956842988729477
O que é o diário de bordo da IA?,escrita_academica_ia.md,201,"- Sampaio, R. &amp; Figueiredo, D. (2025) Prompts (infalíveis!) para pesquisa acadêmica com inteligência artificial. Teresina: EDUFPI.",0.2651720941066742
O que é o diário de bordo da IA?,escrita_academica_ia.md,202,"- Sampaio, R., Sabbatini, M. &amp; Limongi, R. (2024) Diretrizes para o uso ético e responsável da inteligência artificial generativa: um guia prático para pesquisadores. São Paulo: Sociedade Brasileira de Estudos Interdisciplinares da Comunicação.",0.2868387997150421
O que é o diário de bordo da IA?,escrita_academica_ia.md,203,"- Schilke, O. &amp; Reimann, M. (2005) The transparency dilemma: how AI disclosure erodes trust. Organizational Behavior and Human Decision Processes , 188, 104405. DOI",0.20740129053592682
O que é o diário de bordo da IA?,escrita_academica_ia.md,204,"- Trindade, A. &amp; Oliveira, H. (2024) Inteligência artificial generativa e competência em informação: habilidades informacionais necessárias ao uso de ferramentas de IA generativa em demandas informacionais acadêmico-científicas. Perspectivas em Ciência da Informação , 29, e-47485. DOI",0.3086864948272705
O que é o diário de bordo da IA?,escrita_academica_ia.md,205,"- Winberg, C., Engel-Hills, P. &amp; Winberg, S. (2024) 'Am I in control of my own writing?' Training postgraduate candidates in the responsible use of generative artificial intelligence in academic writing. African Journal of Inter/Multidisciplinary Studies , 6(1), pp. 1-12. DOI",0.17363908886909485
O que é o diário de bordo da IA?,escrita_academica_ia.md,207,## Recursos de internet,0.15042102336883545
O que é o diário de bordo da IA?,escrita_academica_ia.md,209,MaxAI: https://maxai.co/.,0.2268315851688385
O que é o diário de bordo da IA?,escrita_academica_ia.md,211,Gemini: https://gemini.google.com/.,0.13543292880058289
O que é o diário de bordo da IA?,escrita_academica_ia.md,213,SciSpace: https://scispace.com/.,0.14748390018939972
O que é o diário de bordo da IA?,escrita_academica_ia.md,215,"## Towards ethical, responsible, and human-centered academic writing with AI",0.20038190484046936
O que é o diário de bordo da IA?,escrita_academica_ia.md,217,"Keywords: academic writing, scientific integrity, Generative Artificial Intelligence, authorship, narrative review.",0.19510114192962646
O que é o diário de bordo da IA?,escrita_academica_ia.md,219,"ABSTRACT Introduction: The rapid spread of generative artificial intelligence (GenAI) has transformed academic writing, both enhancing efficiency and prompting concerns about authorship, integrity, privacy, and cognitive development. Although recent scholarship has focused largely on normative debates and institutional policies concerning authorship and transparency, it offers little practical guidance on how to use AI without compromising intellectual formation, particularly for early-career researchers. This article addresses that gap by proposing a structured method for the ethical, responsible, and human-centered use of AI. Materials and methods: The study conducts a narrative review of the literature examining the risks associated with AI-assisted writing, such as diluted authorship, cognitive offloading, bias, privacy concerns, and 'hallucinations', and integrates this review with normative documents and institutional guidelines. Building on this synthesis, the article develops a practical guide organized into five methodological phases designed to foster critical and responsible engagement with AI technologies. Results: The proposed guide structures the writing process into five stages: initial human-centered planning; AI-assisted drafting paired with critical curation; authorial appropriation and rewriting; rigorous verification of facts, sources, and argumentative coherence; and final accountability through transparent disclosure of AI use. Each stage provides safeguards to mitigate cognitive, ethical, and epistemic risks while preserving authorial agency. Discussion: The argument advanced here is that ethical AI use depends less on formal prohibitions and more on cultivating practices of intellectual vigilance, meticulous documentation, and continuous reflection. While the proposed process may limit some of the efficiency gains associated with AI, it strengthens cognitive capacities, safeguards scientific integrity, and helps balance technological innovation with human responsibility.",0.20557135343551636
O que é o diário de bordo da IA?,escrita_academica_ia.md,221,<!-- image -->,0.10345049947500229
O que é o diário de bordo da IA?,escrita_academica_ia.md,223,"This is an Open Access article distributed under the terms of the Creative Commons Attribution License, which permits unrestricted use, distribution, and reproduction in any medium, provided the original work is properly cited.",0.03870319202542305
O que é o diário de bordo da IA?,escrita_academica_ia.md,225,## Apêndice,0.3004639744758606
O que é o diário de bordo da IA?,escrita_academica_ia.md,227,- Figura 1 - Opções presentes no Gemini acessado diretamente do Google Docs.,0.2815912663936615
O que é o diário de bordo da IA?,escrita_academica_ia.md,228,- Figura 2 - Opções presentes no Gemini para inserir um texto corrigido abaixo ou para substituir o trecho presente na seleção original.,0.23559093475341797
O que é o diário de bordo da IA?,escrita_academica_ia.md,229,"- Figura 3 - Ferramenta de IA MaxAI que ao ser acionada quando selecionado um texto, apresenta todas essas opções para reformular o texto e mesmo um espaço para um prompt personalizado.",0.35006073117256165
O que é o diário de bordo da IA?,escrita_academica_ia.md,230,"- Figura 4 - Opções da ferramenta de escrita acadêmica do SciSpace, que apresenta diversas possibilidades consideradas antiéticas pelo autor, como 'continuar escrevendo com citações', 'escreva a introdução'/'escreva a conclusão' e ainda 'escreva usando argumentos opostos' (tradução minha).",0.2555474638938904
O que é o diário de bordo da IA?,escrita_academica_ia.md,232,Figura 1 - Opções de ferramenta de escrita com IA,0.45234543085098267
O que é o diário de bordo da IA?,escrita_academica_ia.md,234,<!-- image -->,0.10345049947500229
O que é o diário de bordo da IA?,escrita_academica_ia.md,236,Fonte: captura de tela realizada pelo autor. Acesso em: 28 de nov. 2025.,0.23279772698879242
O que é o diário de bordo da IA?,escrita_academica_ia.md,238,Figura 2 - Opções de inserção do texto modificado pela ferramenta de IA,0.40113598108291626
O que é o diário de bordo da IA?,escrita_academica_ia.md,240,"(Floridi, 2025). Portanto, estamos falando de uma apropriação que acrescenta de modo significativo a parte humana da autoria, como o pensamento crítico, a criatividade, ou simplesmente a ""alma ao texto"", já que textos de IA usualmente soam com muito genéricos, técnicos e justamente sem o toque humano. A leitura do texto em voz alta é uma técnica profícua para identificar dissonâncias e garantir que o resultado soe coeso, sem ""costuras"" que revelem a origem mecânica de certas passagens.",0.40655046701431274
O que é o diário de bordo da IA?,escrita_academica_ia.md,242,<!-- image -->,0.10336408764123917
O que é o diário de bordo da IA?,escrita_academica_ia.md,244,Fonte: captura de tela realizada pelo autor. Acesso em: 28 de nov. 2025.,0.23279772698879242
O que é o diário de bordo da IA?,escrita_academica_ia.md,246,Figura 3 - opções de ferramenta MaxAI de escrita com IA,0.42489296197891235
O que é o diário de bordo da IA?,escrita_academica_ia.md,248,<!-- image -->,0.10345049947500229
O que é o diário de bordo da IA?,escrita_academica_ia.md,250,Fonte: captura de tela realizada pelo autor. Acesso em: 23 de jul. 2025,0.23753751814365387
O que é o diário de bordo da IA?,escrita_academica_ia.md,252,Figura 4 - Ferramenta de escrita com IA da SciSpace,0.40993452072143555
O que é o diário de bordo da IA?,escrita_academica_ia.md,254,<!-- image -->,0.10345049947500229
O que é o diário de bordo da IA?,escrita_academica_ia.md,256,Fonte: captura de tela realizada pelo autor. Acesso em: 23 de jul. 2025.,0.23766475915908813
O que é o diário de bordo da IA?,bioetica_e_ia.md,1,273,0.06654679775238037
O que é o diário de bordo da IA?,bioetica_e_ia.md,3,<!-- image -->,0.10345049947500229
O que é o diário de bordo da IA?,bioetica_e_ia.md,5,## Entre o algoritmo e o Juramento de Hipócrates: bioética na era da inteligência artificial,0.35025185346603394
O que é o diário de bordo da IA?,bioetica_e_ia.md,7,"Juracy Barbosa dos Santos 1 , Guilhermina Rego 1 , Rui Nunes 1",0.20134976506233215
O que é o diário de bordo da IA?,bioetica_e_ia.md,9,"1. Faculdade de Medicina da Universidade do Porto, Porto, Portugal.",0.11148644238710403
O que é o diário de bordo da IA?,bioetica_e_ia.md,11,## Resumo,0.3061447739601135
O que é o diário de bordo da IA?,bioetica_e_ia.md,13,"O avanço da inteligência artificial tem transformado profundamente a prática médica. De sistemas de apoio à decisão clínica a algoritmos de triagem e diagnóstico, a inteligência artificial tem demons -trado potencial para diagnósticos precoces, terapias personalizadas, otimização de recursos, redução de erros e ampliação do acesso a cuidados especializados. Contudo, essa revolução tecnológica impõe desafios éticos significativos aos princípios clássicos da bioética, como beneficência, não maleficência, confidencialidade e respeito à autonomia do doente, consagrados desde o Juramento de Hipócrates. A incorporação da inteligência artificial na medicina suscita tensões entre eficiência automatizada e valores humanos. Este artigo revisa a literatura sobre os principais dilemas éticos da aplicação da inteli -gência artificial na prática médica e avalia em que medida os princípios hipocráticos podem ser preser -vados ou adaptados diante das transformações tecnológicas, a fim de contribuir para o debate sobre os rumos éticos da medicina contemporânea em um cenário de crescente automação.",0.2989262342453003
O que é o diário de bordo da IA?,bioetica_e_ia.md,15,Palavras-chave: Bioética. Inteligência artificial. Ética médica. Autonomia pessoal.,0.308706670999527
O que é o diário de bordo da IA?,bioetica_e_ia.md,17,## Resumen,0.15829487144947052
O que é o diário de bordo da IA?,bioetica_e_ia.md,19,## Entre el algoritmo y el Juramento Hipocrático: bioética en la era de la inteligencia artificial,0.2524874210357666
O que é o diário de bordo da IA?,bioetica_e_ia.md,21,"El avance de la inteligencia artificial ha transformado profundamente la práctica médica. Desde sistemas de apoyo a la decisión clínica hasta algoritmos de triaje y diagnóstico, la inteligencia artificial ha demostrado potencial para diagnósticos precoces, terapias personalizadas, optimización de recursos, reducción de errores y ampliación del acceso a cuidados especializados. No obstante, esta revolución tecnológica impone desafíos éticos significativos a los principios clásicos de la bioética, tales como la beneficencia, la no maleficencia, la confidencialidad y el respeto a la autonomía del paciente, consagrados desde el Juramento Hipocrático. La incorporación de la inteligencia artificial en la medicina suscita tensiones entre la eficiencia automatizada y los valores humanos. Este artículo revisa la literatura sobre los principales dilemas éticos de la aplicación de la inteligencia artificial en la práctica médica y evalúa en qué medida los principios hipocráticos pueden preservarse o adaptarse ante las transformaciones tecnológicas, con el fin de contribuir al debate sobre los rumbos éticos de la medicina contemporánea en un escenario de creciente automatización.",0.20144519209861755
O que é o diário de bordo da IA?,bioetica_e_ia.md,23,Palabras clave: Bioética. Inteligencia artificial. Ética médica. Autonomía personal.,0.2238224297761917
O que é o diário de bordo da IA?,bioetica_e_ia.md,25,## Abstract,0.19324670732021332
O que é o diário de bordo da IA?,bioetica_e_ia.md,27,## Between the algorithm and the Hippocratic Oath: bioethics in the age of artificial intelligence,0.2071709930896759
O que é o diário de bordo da IA?,bioetica_e_ia.md,29,"The advancement of artificial intelligence has profoundly transformed medical practice. From clinical decisionsupport systems to screening and diagnostic algorithms, artificial intelligence has demonstrated potential for early diagnosis, personalized therapies, resource optimization, error reduction, and expanded access to specialized care. However, this technological revolution imposes significant ethical challenges on the classic principles of bioethics, such as beneficence, non-maleficence, confidentiality, and respect for patient autonomy, enshrined since the Hippocratic Oath. The incorporation of artificial intelligence into medicine raises tensions between automated efficiency and human values. This article reviews the literature on the primary ethical dilemmas of applying artificial intelligence in medical practice and evaluates to what extent Hippocratic principles can be preserved or adapted in the face of technological transformations, aiming to contribute to the debate on the ethical directions of contemporary medicine in a scenario of increasing automation.",0.1664356142282486
O que é o diário de bordo da IA?,bioetica_e_ia.md,31,"Keywords: Bioethics. Artificial intelligence. Ethics, medical. Personal autonomy.",0.19767454266548157
O que é o diário de bordo da IA?,bioetica_e_ia.md,33,Declaram não haver conflito de interesse.,0.21647903323173523
O que é o diário de bordo da IA?,bioetica_e_ia.md,35,"A introdução da inteligência artificial (IA) na medicina representa um dos maiores saltos tecno -lógicos da história recente da saúde. De sistemas de apoio à decisão clínica a algoritmos de triagem e diagnóstico, a IA tem demonstrado potencial para diagnósticos  precoces,  terapias  personalizadas, otimização de recursos, redução de erros médicos e ampliação do acesso a cuidados especializados, especialmente em regiões remotas ou com escas -sez de profissionais de saúde qualificados  1,2 . Em áreas como dermatologia, radiologia e cardiologia, algoritmos baseados em deep learning (apren -dizado  profundo)  já  demonstram  desempenho comparável, ou mesmo superior, ao de especialis -tas humanos em tarefas específicas 3 .",0.3675217032432556
O que é o diário de bordo da IA?,bioetica_e_ia.md,37,"No entanto, a rápida expansão e incorporação da IA à prática clínica não ocorre sem desafios. A  adoção  acelerada  dessas  tecnologias  suscita preocupações éticas significativas, especialmente no que diz respeito aos princípios fundamentais da bioética. Desde seus primórdios, a medicina tem sido regida por princípios éticos que visam à proteção e ao bem-estar do paciente. O Juramento de Hipócrates, datado do século V a.C., consagrou valores  fundamentais  como  beneficência,  não maleficência, confidencialidade e respeito à auto -nomia do doente - pilares da bioética ainda hoje 4 . Tais valores foram reforçados no século XX por documentos como o Código de Nüremberg e  a Declaração de Helsinki , que consolidaram as bases para a ética em pesquisa e prática médica 3 .",0.31061065196990967
O que é o diário de bordo da IA?,bioetica_e_ia.md,39,"Contudo, o advento da IA na medicina introduz novos e complexos desafios éticos que tensionam esses princípios. Entre os dilemas que emergem estão  a  opacidade  e  a  não  explicabilidade  dos algoritmos - os chamados black boxes -, que difi -cultam a compreensão e a validação das decisões automatizadas por parte de médicos e pacientes, e essa falta de transparência algorítmica compro -mete o princípio da autonomia, pois impede o con -sentimento plenamente informado. Além disso, surgem questões sobre a responsabilização por erros clínicos decorrentes de decisões baseadas em IA, com dúvidas sobre se a culpa recai sobre o médico, o programador, a instituição de saúde ou o próprio algoritmo  2,5,6 .",0.37702327966690063
O que é o diário de bordo da IA?,bioetica_e_ia.md,41,"A privacidade e a proteção de dados sensíveis dos pacientes são outros pontos críticos. Como a IA depende de grandes volumes de dados para treinamento e operação, é essencial garantir que o  tratamento  das  informações  esteja  em  con -formidade com legislações e regulamentações, como  a  Lei  14.510/2022,  que  dispõe  sobre  a prestação de serviços de telessaúde 7 , a Lei Geral de Proteção de Dados (LGPD, Lei 13.709/2018)  8 , e a Resolução do Conselho Federal de Medicina (CFM) 2.314/2022, que define e regulamenta a telemedicina como forma de prestação de servi -ços médicos  9 , no Brasil; o General Data Protection Regulation (GDPR)  10  e a Network and Information Systems  (NIS  Directive) 11 ,  na  União  Europeia; o Health Insurance Portability and Accountability Act (HIPAA) 12 e o Health Information Technology for Economic and Clinical Health Act (HITECH) 13 , nos  Estados  Unidos.  A  violação  da  privacidade ou o uso indevido de dados médicos podem ter consequências devastadoras para os pacientes, incluindo discriminação, estigmatização e danos morais e financeiros.",0.3490650951862335
O que é o diário de bordo da IA?,bioetica_e_ia.md,43,"Adicionalmente, há o risco de ampliar desi -gualdades no acesso à saúde. A implantação de soluções baseadas em IA, muitas vezes desen -volvidas em contextos de alta renda, pode não considerar  adequadamente  as  necessidades, idiomas e realidades socioculturais de populações vulneráveis  ou  de  países  em  desenvolvimento. Isso pode acentuar disparidades já existentes no sistema de saúde e comprometer o princípio da justiça distributiva, fundamental para a equidade no cuidado médico 14 .",0.2991977035999298
O que é o diário de bordo da IA?,bioetica_e_ia.md,45,"Também  merece  preocupação  a  possível desumanização na medicina. A relação médico --paciente,  historicamente  centrada  na  escuta, no cuidado e na empatia, pode ser afetada nega -tivamente  se  a  confiança  for  deslocada  para sistemas  automatizados.  O  excesso  de  depen -dência tecnológica pode tornar o atendimento mais impessoal, comprometendo a integralidade do cuidado e a dimensão subjetiva da experiên -cia do adoecimento  15 . A formação médica, nesse cenário, também deve ser repensada, uma vez que habilidades como pensamento crítico, julgamento clínico e sensibilidade ética precisam ser preserva -das e fortalecidas, mesmo em ambiente cada vez mais orientado por dados  16 .",0.23115204274654388
O que é o diário de bordo da IA?,bioetica_e_ia.md,47,"O  descompasso  entre  a  velocidade  da  ino -vação tecnológica e a capacidade de regulação ética e jurídica impõe, portanto, a necessidade urgente  de  revisar  os  fundamentos  bioéticos sob nova perspectiva. Tais questões exigem não apenas análise técnica, mas abordagem bioética rigorosa, que considere o impacto da IA nos valo -res  fundamentais que regem a prática médica. A literatura recente reforça que princípios éticos isolados não são suficientes para garantir a inte -gridade moral das aplicações de IA: é necessário um sistema de governança robusto, transparente, participativo e que envolva múltiplos stakeholders, incluindo médicos, engenheiros, pacientes, juristas e representantes da sociedade civil 17,18 .",0.3746752142906189
O que é o diário de bordo da IA?,bioetica_e_ia.md,49,"Este artigo tem como objetivo revisar a lite -ratura  existente  sobre  os  principais  dilemas éticos  relacionados  à  aplicação  da  inteligência artificial na prática médica, resgatar os princípios hipocráticos e analisar como eles podem (ou não) ser preservados diante das transformações tec -nológicas em curso. Por meio de análise crítica e multidisciplinar, pretende-se contribuir para o debate sobre os rumos éticos da medicina contem -porânea em um cenário de crescente automação.",0.321102499961853
O que é o diário de bordo da IA?,bioetica_e_ia.md,51,## Método,0.1918468177318573
O que é o diário de bordo da IA?,bioetica_e_ia.md,53,"Este artigo caracteriza-se como pesquisa de natureza  qualitativa,  do  tipo  exploratória,  com abordagem  metodológica  baseada  em  revisão bibliográfica narrativa. O objetivo é reunir, analisar e interpretar criticamente a literatura científica acerca dos dilemas éticos emergentes na aplicação da IA artificial na prática médica, à luz dos princí -pios clássicos da bioética, conforme estabelecidos no Juramento de Hipócrates.",0.4095468521118164
O que é o diário de bordo da IA?,bioetica_e_ia.md,55,"Segundo Gil  19 ,  a  pesquisa  bibliográfica  per -mite o exame de contribuições teóricas já con -solidadas  e  é  especialmente  útil  em  estudos que visam compreender e discutir temas ainda em consolidação no meio acadêmico, como é o caso da interface entre bioética e IA. Abordagem exploratória, por sua vez, é adequada para o apro -fundamento inicial de um problema ainda pouco delimitado, na medida em que permite identifi -car categorias e lacunas relevantes para futuras investigações empíricas  20 .",0.30260998010635376
O que é o diário de bordo da IA?,bioetica_e_ia.md,57,O percurso metodológico seguiu as seguintes etapas:,0.1889645755290985
O que é o diário de bordo da IA?,bioetica_e_ia.md,59,- 1) Definição do tema e do problema de pesquisa mediante  delimitação  do  escopo  bioético  da atuação da IA em contextos clínicos e hospitalares.,0.397728830575943
O que é o diário de bordo da IA?,bioetica_e_ia.md,60,"- 2)  Levantamento  bibliográfico  sistemático, realizado nas bases de dados PubMed, Scopus,",0.20305979251861572
O que é o diário de bordo da IA?,bioetica_e_ia.md,62,"SciELO e Web of Science, com os seguintes des -critores  e  combinações:  'bioethics',  'artificial intelligence', 'machine learning', 'medical ethics', 'Hippocratic  Oath',  'clinical  decision  support', 'algorithmics bias', entre outros, com o auxílio do operador booleano 'and'. Foram incluídos artigos publicados entre 2015 e 2024, nos idiomas por -tuguês e inglês, que abordassem diretamente os aspectos éticos da IA em saúde.",0.2848820090293884
O que é o diário de bordo da IA?,bioetica_e_ia.md,64,"3) Seleção e triagem das fontes com base na lei -tura dos títulos, resumos e, posteriormente, textos completos. Os critérios de inclusão foram: relevân -cia para o tema, publicação em periódicos revisa -dos por pares e contribuição teórica ou prática para o debate ético. Foram excluídas publicações duplicadas, resumos de conferências sem texto completo e artigos com foco estritamente técnico ou computacional da IA, sem discussão ética.",0.3404223918914795
O que é o diário de bordo da IA?,bioetica_e_ia.md,66,"4) Análise e síntese dos resultados por meio de leitura crítica e categorização temática, com ênfase em tópicos recorrentes, como autonomia médica, responsabilidade  por  decisões  automatizadas, explicabilidade algorítmica e equidade no acesso a tecnologias baseadas em IA.",0.36692389845848083
O que é o diário de bordo da IA?,bioetica_e_ia.md,68,"A  metodologia  adotada  visa  não  apenas mapear o estado da arte dos dilemas bioéticos da IA médica, mas também contextualizá-los à luz dos princípios hipocráticos clássicos - como beneficência, não maleficência e confidencialidade - e, com isso, identificar pontos de convergência e tensão com nossos paradigmas tecnológicos. Tal abordagem contribui para o amadurecimento crítico do debate e fornece subsídios conceituais para formulação de políticas públicas e diretrizes clínicas e desenvolvi -mento de tecnologias mais sensíveis aos princípios éticos da medicina.",0.35870110988616943
O que é o diário de bordo da IA?,bioetica_e_ia.md,70,## Discussão,0.3030480444431305
O que é o diário de bordo da IA?,bioetica_e_ia.md,72,## A ética médica entre Hipócrates e a era digital,0.26890361309051514
O que é o diário de bordo da IA?,bioetica_e_ia.md,74,"Desde  a  Antiguidade,  a  medicina  tem  se norteado por princípios éticos que refletem com -promisso moral com o bem-estar do paciente. O Juramento de Hipócrates, datado do século V a.C., sintetiza  esse  legado  e  constitui-se  em  marco simbólico e normativo da ética médica ocidental, na  medida  em  que  enuncia  compromissos fundamentais como promoção do bem, abstenção de causar danos, respeito à confidencialidade e conduta moral do profissional de saúde 3 .  Esses valores, que deram origem aos pilares bioéticos da  beneficência,  não  maleficência,  autonomia e  justiça,  permaneceram  como  bússola  moral ao  longo  de  séculos,  mesmo  diante  das  trans -formações científicas e socioculturais. Contudo, a  ascensão  da  inteligência  artificial  representa novo ponto de inflexão, pois desafia a aplicabili -dade e a suficiência dessas diretrizes tradicionais para orientar práticas médicas mediadas por tec -nologias que tomam decisões, aprendem autono -mamente e operam em escala 2 .",0.24381306767463684
O que é o diário de bordo da IA?,bioetica_e_ia.md,76,"Tal  transformação  cria  desafios  éticos,  pois a lógica algorítmica que rege os sistemas de IA nem sempre é transparente ou compatível com os valores humanísticos da medicina tradicional 4 . A medicina digital, ao incorporar algoritmos de machine learning ,  sistemas  de  apoio  a  decisão clínica e tecnologias preditivas baseadas em big data ,  expande  as  possibilidades  diagnósticas  e terapêuticas, mas também desloca a centralidade do juízo clínico humano. Ou seja, a IA pode ampliar exponencialmente a capacidade diagnóstica e pre -ditiva da prática médica, mas também deslocar a autoridade decisória do profissional para modelos estatísticos complexos, frequentemente opacos. Nesse contexto, surge a tensão entre a tradição ética  -  ancorada  na  relação  interpessoal  e  no julgamento prudente - e a nova racionalidade algorítmica, cuja lógica frequentemente se torna incompreensível, não auditável ou incontrolável 2 .",0.3598821759223938
O que é o diário de bordo da IA?,bioetica_e_ia.md,78,"Essa  transição  tecnológica  impõe  à  bioética tradicional o desafio de reconfigurar seus funda -mentos para que esta seja capaz de orientar prá -ticas em ambientes tecnologizados, ou seja, nos quais as decisões não são mais tomadas exclusi -vamente por sujeitos humanos, mas por sistemas híbridos em que o médico delega ou compartilha responsabilidades com máquinas  5,21 . A medicina do futuro será, assim, além de prática humana apoiada pela técnica, uma coprodução entre humanos e algoritmos  6 .  Tal  cenário  exige  profunda  recon -figuração ética,  capaz  de  lidar  com  questões  de responsabilidade compartilhada, justiça algorítmica, transparência e governança de dados. Ao mesmo tempo, a ética hipocrática continua a oferecer refe -rencial fundamental, desde que reinterpretada à luz das novas mediações tecnológicas. Como destacam Floridi e colaboradores 17 , o desenvolvimento ético da IA deve integrar princípios humanísticos desde sua concepção, visando à construção de uma socie -dade digital justa, transparente e digna.",0.32146263122558594
O que é o diário de bordo da IA?,bioetica_e_ia.md,80,## Autonomia e opacidade algorítmica,0.30216917395591736
O que é o diário de bordo da IA?,bioetica_e_ia.md,82,"O princípio da autonomia é central na ética médica  moderna  e  representa  o  direito  do paciente  de  tomar  decisões  informadas  sobre seu  próprio  cuidado.  A  realização  plena  desse princípio, fundamentado na transparência da rela -ção médico-paciente, depende de comunicação clara, compreensão dos riscos e participação ativa do paciente no processo terapêutico. Contudo, a ascensão da IA, especialmente em formas de deep learning , ameaça minar essa transparência essencial. Algoritmos complexos, treinados com grandes  volumes  de  dados,  frequentemente operam como 'caixas-pretas', ou seja, são inca -pazes de explicar, de forma compreensível, como chegaram a determinada recomendação  1,2,4,22 .",0.3593238592147827
O que é o diário de bordo da IA?,bioetica_e_ia.md,84,"Tal opacidade compromete a base do consenti -mento informado, já que nem mesmo profissionais de saúde compreendem integralmente os crité -rios utilizados pelos algoritmos. Como destacam Morley e colaboradores 21 , quando o médico não consegue explicar ao paciente como uma decisão foi tomada - seja um diagnóstico, classificação de risco ou proposta terapêutica -, o próprio pacto ético que fundamenta a autonomia acaba sendo abalado. O paciente, em vez de decidir livremente, torna-se dependente de um sistema cuja lógica lhe é inacessível.",0.2566748261451721
O que é o diário de bordo da IA?,bioetica_e_ia.md,86,"Além  disso,  a  opacidade  algorítmica  intro -duz novas camadas de assimetria informacional. Pacientes com menor escolaridade, acesso digital limitado ou baixo letramento em saúde são ainda mais vulneráveis a perda de autonomia, uma vez que enfrentam barreiras adicionais à compreen -são dos processos decisórios. Como defendido por Gerke, Minssen e Cohen, a autonomia não é ape -nas direito individual, mas fenômeno relacional que exige contextos adequados para ser exercida - entre eles, o acesso a informação clara e inteligível 6 .",0.28801068663597107
O que é o diário de bordo da IA?,bioetica_e_ia.md,88,"A questão se agrava quando consideramos a ambiguidade em torno da responsabilidade ética e jurídica das decisões tomadas com auxílio de IA. Quando uma decisão clínica é tomada com base em recomendação algorítmica, quem deve ser responsabilizado por seus resultados? O médico? O desenvolvedor do algoritmo? A instituição  5 ? A ausência de clareza quanto à responsabilização moral - o que é chamado por alguns autores de 'vácuo ético' 23 - compromete não apenas a auto -nomia, mas a própria legitimidade do cuidado.",0.31919243931770325
O que é o diário de bordo da IA?,bioetica_e_ia.md,90,"Nesse cenário, torna-se urgente avançar na direção de sistemas mais explicáveis e auditáveis 24 . A transparência algorítmica, aliada ao desenvolvi -mento de mecanismos participativos de consen -timento e mediação, é condição essencial para preservar a autonomia do paciente em uma era dominada por decisões automatizadas.",0.2880552113056183
O que é o diário de bordo da IA?,bioetica_e_ia.md,92,## Beneficência e risco de viés algorítmico,0.26362019777297974
O que é o diário de bordo da IA?,bioetica_e_ia.md,94,"A  beneficência,  enquanto  obrigação  moral de agir no melhor interesse do paciente, adquire novos  contornos  em  uma  medicina  mediada por  inteligência  artificial.  Ferramentas  de  IA têm demonstrado, em diversos estudos, acurá -cia comparável ou superior à humana em tare -fas como interpretação de imagens radiológicas para  classificação  de  câncer  de  pele 1 e  predi -ção de eventos cardiovasculares 22 .  No  entanto, essa superioridade técnica não implica neutra -lidade  ética.  Como  advertem  alguns  autores, o  desempenho  dos  algoritmos  depende  forte -mente da qualidade, diversidade e representativi -dade dos dados utilizados em seu treinamento 21 .",0.324796587228775
O que é o diário de bordo da IA?,bioetica_e_ia.md,96,"Diversos estudos apontam que sistemas trei -nados  com  dados  historicamente  enviesados tendem a replicar e até amplificar desigualdades preexistentes.  Um  exemplo  emblemático  é  o algoritmo  de  gerenciamento  populacional  de saúde que subestimava a gravidade da condição de pacientes negros, pois utilizava como proxy o custo com cuidados de saúde 14 -  um indica -dor  influenciado  por  desigualdade  estrutural. A  aplicação  acrítica  desses  sistemas  pode, portanto, violar o princípio da beneficência por produzir resultados discriminatórios e ineficazes para determinados grupos.",0.19523736834526062
O que é o diário de bordo da IA?,bioetica_e_ia.md,98,"Além disso,  o  risco  de  viés  algorítmico  não se limita a questões raciais ou socioeconômicas. Até mesmo sistemas desenvolvidos para recru -tamento  automatizado  apresentaram  viés  de gênero,  penalizando  candidatas  mulheres  25 ,  e, ainda,  demonstraram desempenho inferior em populações  negras,  idosos  ou  pacientes  com comorbidades múltiplas, refletindo vieses de repre -sentatividade dos dados de treinamento. Quando esse tipo de lógica é transferido para o campo da saúde, o potencial de dano ético aumenta, pois decisões clínicas podem determinar desfechos de vida ou morte. Em vez de promover o bem, a IA pode, inadvertidamente, reforçar padrões discri -minatórios e dificultar o acesso equitativo a cuida -dos de qualidade - o que infringe o princípio da beneficência e fere o ideal hipocrático de tratar igualmente todos os pacientes.",0.29489418864250183
O que é o diário de bordo da IA?,bioetica_e_ia.md,100,"Nesse  contexto,  a  beneficência  exige  não apenas eficácia técnica, mas também vigilância constante sobre a equidade dos sistemas de IA. É necessário desenvolver metodologias de audi -toria algorítmica capazes de identificar padrões discriminatórios,  corrigir  vieses  e  garantir  que os benefícios da IA sejam distribuídos de forma justa 6 . A avaliação ética deve fazer parte do pró -prio ciclo de vida do sistema, desde o design até a implementação clínica  25 .",0.3731839656829834
O que é o diário de bordo da IA?,bioetica_e_ia.md,102,## Não maleficência e danos invisíveis,0.236473947763443
O que é o diário de bordo da IA?,bioetica_e_ia.md,104,"A não maleficência, princípio ético expresso pela  máxima  ' primum  non  nocere '  -  ou  seja, 'primeiro, não causar dano' -, exige do profis -sional  o  compromisso  de  evitar  ou  minimizar quaisquer prejuízos à saúde e ao bem-estar do paciente durante o cuidado médico. No contexto da IA, no entanto, esse entendimento deve ser ampliado para englobar riscos não intencionais, já que os danos nem sempre são visíveis, imediatos ou diretos, o que não minimiza o potencial de prejuízos significativos à saúde, à integridade ou à dignidade dos pacientes. O uso de sistemas auto -matizados pode acarretar consequências clínicas, psicológicas  e  sociais  não  intencionais,  muitas vezes imperceptíveis no início, mas com efeitos profundos em médio e longo prazos  21,23 .",0.36726513504981995
O que é o diário de bordo da IA?,bioetica_e_ia.md,106,"Entre os riscos mais discutidos estão os erros diagnósticos causados por mau funcionamento do  sistema,  interpretação  inadequada  ou  uso fora de escopo. Mesmo que a IA possa oferecer precisão  superior  em  determinados  contextos, ela é tão falível quanto seus dados e parâmetros. Decisões clínicas automatizadas podem ignorar singularidades do paciente e levar a condutas ina -dequadas em situações complexas ou atípicas  26 . Isso pode ser ainda mais problemático quando há",0.3737497627735138
O que é o diário de bordo da IA?,bioetica_e_ia.md,108,"excesso de confiança dos profissionais na reco -mendação algorítmica, fenômeno conhecido como automation bias (viés de automação).",0.22695142030715942
O que é o diário de bordo da IA?,bioetica_e_ia.md,110,"Outro risco ético relevante é a desumanização do cuidado, uma vez que, com o avanço da tec -nologia, tende-se a valorizar o que é quantificável e  previsível  em  detrimento  da  subjetividade 27 . A substituição da escuta clínica pela interação com interfaces digitais pode reduzir o espaço para a expressão do sofrimento, do medo e da vulnera -bilidade do paciente e resultar em desumanização do cuidado e negligência de aspectos subjetivos e afetivos essenciais à experiência do adoecer 27 . Esse esvaziamento afetivo, embora difícil de medir, constitui um tipo de dano invisível - emocional e existencial - que contraria a integralidade do cuidado hipocrático.",0.2594887316226959
O que é o diário de bordo da IA?,bioetica_e_ia.md,112,"Além disso, o uso de IA em saúde pode gerar efeitos coletivos adversos. Falhas de segurança, vazamento  de  dados  ou  decisões  sistêmicas enviesadas  minam  a  confiança  da  sociedade nos  sistemas  de  saúde.  A  não  maleficência, aqui,  deve  ir  além  da  dimensão  individual e  considerar  os  impactos  éticos  sistêmicos  e institucionais da automação.",0.36281612515449524
O que é o diário de bordo da IA?,bioetica_e_ia.md,114,"A fim de mitigar esses riscos, é essencial incorpo -rar medidas de robustez, rastreabilidade e auditoria contínua 23 . Transparência, capacidade de revisão e a possibilidade de ' override humano' (capacidade de  intervir  ou  substituir  a  decisão  tomada  pela IA por um ser humano) são componentes éticos indispensáveis  para  que  a  IA  médica  opere  sob o princípio da não maleficência 24 . A tecnologia deve ser  testada não apenas quanto a sua eficiência, mas também quanto a sua resiliência ética.",0.37766262888908386
O que é o diário de bordo da IA?,bioetica_e_ia.md,116,"## Justiça, equidade e o acesso digital à IA em saúde",0.35137394070625305
O que é o diário de bordo da IA?,bioetica_e_ia.md,118,"O princípio  da  justiça,  entendido  como  a obrigação de tratar todos com equidade e de promover acesso justo aos recursos em saúde, adquire novas camadas de complexidade na era da inteligência artificial. Se, por um lado, a IA promete ampliar o alcance do cuidado médico por meio de telemedicina, triagem remota e diagnósticos automatizados, por outro, esses avanços tecnológicos frequentemente esbarram em barreiras estruturais que aprofundam desi -gualdades já existentes  21,28,29 .",0.3182227909564972
O que é o diário de bordo da IA?,bioetica_e_ia.md,120,"A  literatura  evidencia  que  países  de  baixa e  média renda, assim como regiões periféricas e comunidades vulneráveis, frequentemente care -cem da  infraestrutura  mínima  necessária  para implementar soluções baseadas em IA: conectivi -dade, interoperabilidade de sistemas, qualificação profissional,  equipamentos  e  políticas  públicas orientadas para inclusão digital  29,30 .  A  ausência dessas condições compromete não apenas a efi -cácia das tecnologias, mas também a equidade na distribuição de seus benefícios.",0.3318588137626648
O que é o diário de bordo da IA?,bioetica_e_ia.md,122,"A justiça social deve ser princípio norteador no  desenvolvimento  de  tecnologias  de  IA,  de modo a evitar a criação de uma medicina 'em duas velocidades': uma de alta performance e precisão, para quem pode pagar; outra, limitada e convencional, para quem depende do sistema público 17 . A mercantilização da IA na saúde pode ampliar o abismo entre pacientes de diferentes classes  sociais  e  consolidar  o  que  foi  chamado de 'injustiça automatizada' 31 .",0.29536762833595276
O que é o diário de bordo da IA?,bioetica_e_ia.md,124,"Esse risco exige abordagem regulatória cen -trada em justiça distributiva. As diretrizes éticas globais sobre IA convergem para a necessidade de políticas que promovam acesso inclusivo, dados representativos  e  participação  de  populações sub-representadas no design e na validação dos sistemas  5 .  No Brasil, por exemplo, a implemen -tação ética da IA depende de investimentos em saúde digital pública, incentivo à interoperabili -dade e capacitação profissional  28 .",0.34830376505851746
O que é o diário de bordo da IA?,bioetica_e_ia.md,126,"Portanto, a justiça na era da IA não é apenas questão de distribuição de recursos, mas também de  inclusão  epistemológica.  Grupos  historica -mente marginalizados devem ser incorporados ao processo de desenvolvimento tecnológico, desde a produção de dados até a formulação de crité -rios de validação. Só assim será possível construir uma inteligência artificial verdadeiramente plural e comprometida com os valores hipocráticos da medicina universal.",0.3040473461151123
O que é o diário de bordo da IA?,bioetica_e_ia.md,128,"## Confidencialidade, LGPD e a nova ética da privacidade",0.26981931924819946
O que é o diário de bordo da IA?,bioetica_e_ia.md,130,"Sigilo médio é um dos pilares mais antigos da ética profissional em saúde. Desde o Juramento de Hipócrates, preservar o segredo das informações obtidas durante o cuidado é considerado dever moral e jurídico. No entanto, a IA, por operar com grandes volumes de dados sensíveis, impõe desa -fios inéditos a esse princípio 6,21 .",0.33226436376571655
O que é o diário de bordo da IA?,bioetica_e_ia.md,132,"Sistemas de IA dependem de dados clínicos extensivos para treinamento, validação e opera -ção em tempo real. Muitas vezes, há informações altamente identificáveis, como imagens médicas, genomas,  prontuários  e  metadados  pessoais. Mesmo  técnicas  de  anonimização  podem  ser ineficazes, já que algoritmos conseguem reiden -tificar  indivíduos por cruzamento de dados  15,30 . A coleta massiva desses dados, muitas vezes em segundo plano (via aplicativos, wearables , portais on-line), desafia a capacidade de obtenção de con -sentimento informado e a governança ética desses bancos de informação.",0.3632154166698456
O que é o diário de bordo da IA?,bioetica_e_ia.md,134,"No Brasil, a LGPD  8 ,  que estabelece diretrizes para o tratamento de dados pessoais, exige base legal clara, minimização de dados, mecanismos de revogação, direito a portabilidade, eliminação e  consentimento  informado,  especialmente em  relação  aos  chamados  'dados  sensíveis', como os de saúde.",0.18802136182785034
O que é o diário de bordo da IA?,bioetica_e_ia.md,136,"A regulamentação da telessaúde no Brasil, por meio da Lei 14.510/2022 7 ,  reforça a obrigatorie -dade de preservar a integridade, confidencialidade e disponibilidade das informações digitais em aten -dimentos remotos. Já a Resolução CFM 2.314/2022  9 estabelece que o médico deve garantir, por meios tecnológicos adequados, a proteção dos dados do paciente e informá-lo sobre os riscos do atendi -mento virtual. Assim, essas normativas convergem para construir um ecossistema digital seguro, ético e centrado no paciente quando o serviço médico é prestado em território brasileiro.",0.18584482371807098
O que é o diário de bordo da IA?,bioetica_e_ia.md,138,"No  contexto  internacional,  destacam-se  o HIPAA 12 e  o  HITECH 13 ,  nos Estados Unidos, que definem  padrões  de  segurança,  integridade  e auditoria de dados clínicos digitais; e o GDPR  10 e a NIS Directive 11 , na Europa, que estabelecem o  princípio  de privacy  by  design (princípio  de proteção de dados segundo o qual privacidade deve ser incorporada desde as fases iniciais do desenvolvimento de sistemas, produtos, serviços ou  processos)  e  exigem accountability (dever de responsabilização e prestação de contas) dos controladores de dados e segurança cibernética em setores críticos, como a saúde.",0.26596692204475403
O que é o diário de bordo da IA?,bioetica_e_ia.md,140,"Essas legislações indicam que a ética médica contemporânea deve incorporar uma bioética dos dados: um conjunto de responsabilidades éticas e técnicas voltadas à proteção da privacidade e da autodeterminação informacional dos pacientes. Vivemos em uma era de 'capitalismo de vigilân -cia', na qual dados pessoais são continuamente coletados e comercializados, de modo que a pro -teção da confidencialidade não é apenas questão técnica, mas também política e cultural 32 .",0.22717492282390594
O que é o diário de bordo da IA?,bioetica_e_ia.md,142,## Responsabilidade moral e accountability em sistemas híbridos,0.3166126310825348
O que é o diário de bordo da IA?,bioetica_e_ia.md,144,"Com a introdução da inteligência artificial na prática clínica, a noção tradicional de responsa -bilidade moral - centrada na figura do médico como decisor autônomo - passa por profunda transformação. Em ambientes onde decisões clíni -cas são compartilhadas entre humanos e algorit -mos, a linha entre causalidade, responsabilidade e culpa torna-se nebulosa  4,6 .",0.2997286915779114
O que é o diário de bordo da IA?,bioetica_e_ia.md,146,"Essa ambiguidade é conhecida na literatura como 'vácuo de responsabilidade' 23 e caracteriza-se pela dificuldade de atribuir responsabilidade em casos de erro médico assistido por IA. Por exemplo, se um algoritmo recomenda uma conduta baseada em evi -dência estatística e o médico, ao segui-la, causa dano ao paciente, quem responde?",0.37268003821372986
O que é o diário de bordo da IA?,bioetica_e_ia.md,148,"A  literatura  propõe  o  conceito  de  'respon -sabilidade  dividida',  que  reconhece  a  mul -tiplicidade  de  agentes  envolvidos,  desde  os programadores e cientistas de dados até os fato -res hospitalares e médicos 17 . Entretanto, o simples reconhecimento dessa complexidade não resolve o dilema ético, pois pode gerar efeito de dilui -ção  de  culpa,  enfraquecendo  os  mecanismos de accountability institucional 33 .",0.22332990169525146
O que é o diário de bordo da IA?,bioetica_e_ia.md,150,"Como resposta a esse desafio, autores defen -dem o desenvolvimento de normas éticas e legais que responsabilizem todas as partes envolvidas, com ênfase na auditabilidade dos sistemas e na rastreabilidade  das  decisões.  Isso  implica,  por exemplo,  que  todo  sistema  de  IA  utilizado  em saúde deve manter registros acessíveis dos dados que foram utilizados, dos modelos que foram apli -cados e das recomendações que foram emitidas, dos contextos em que o foram e por quem  5 .",0.3943580389022827
O que é o diário de bordo da IA?,bioetica_e_ia.md,152,"Na prática clínica, é essencial que o médico man -tenha autonomia crítica diante dos sistemas auto -matizados e os utilize como ferramentas de apoio, e  não  como  substitutos  do  julgamento  clínico.",0.24244891107082367
O que é o diário de bordo da IA?,bioetica_e_ia.md,154,"A  IA  deve  ser  uma  'inteligência  aumentada' 2 , e  não  autoridade  autônoma.  Retomar  a  cen -tralidade  do  médico  como  guardião  do  julga -mento clínico, mesmo em contextos tecnológicos avançados, pode ser um caminho para reequili -brar o princípio hipocrático da prudência com a inovação. Nesse sentido, preservar a centralidade ética do médico no processo decisório é medida de proteção tanto à segurança do paciente quanto à integridade da profissão médica.",0.34888604283332825
O que é o diário de bordo da IA?,bioetica_e_ia.md,156,## Crise da relação médico-paciente na era algorítmica,0.27411288022994995
O que é o diário de bordo da IA?,bioetica_e_ia.md,158,"A  medicina  tradicional  sempre  foi  cons -truída sobre uma relação interpessoal complexa, marcada  por  escuta  ativa,  empatia,  confiança e  julgamento  clínico  humanizado.  No  entanto, a crescente mediação da prática médica por sis -temas  digitais  -  desde  triagens  automatizadas por chatbots (programas  desenvolvidos  para simular conversa com seres humanos, por meio de linguagem natural) até algoritmos de decisão clínica  -  ameaça  reduzir  a  dimensão  subjetiva e ética da interação entre médico e paciente  15,21 .",0.2075769007205963
O que é o diário de bordo da IA?,bioetica_e_ia.md,160,"Alguns  autores  apontam  que,  ao  priorizar eficiência, padronização e objetividade, sistemas baseados em IA tendem a marginalizar aspectos humanísticos  do  cuidado,  como  compreensão do  sofrimento,  da  dor  ou  das  expectativas  do paciente 27 . O modelo hipocrático pressupõe um médico que conhece o paciente em sua integra -lidade - biológica, emocional e social - e que, portanto, é capaz de adaptar condutas de maneira ética e prudente. Todavia, o uso excessivo de tec -nologias pode levar à chamada 'despersonalização algorítmica' do cuidado, na qual a subjetividade do paciente é reduzida a variáveis numéricas ou pro -babilísticas, sem espaço para narrativas pessoais ou singularidades  28 . Além disso, a confiança, que é componente essencial da aliança terapêutica, pode ser transferida para a tecnologia - fenômeno conhecido como trust displacement -, o que fragi -liza o vínculo com o profissional, prejudica a ade -são ao tratamento e cria expectativas infundadas de infalibilidade técnica 34 .",0.33314308524131775
O que é o diário de bordo da IA?,bioetica_e_ia.md,162,"Adicionalmente, o uso de IA em etapas ini -ciais  do  cuidado,  como  triagem  automatizada por chatbots , pode reduzir o contato humano em momentos decisivos para o paciente, o que gera insegurança, solidão ou sensação de abandono. A  tecnologia  tende  a  desvalorizar  a  escuta  e  a intuição clínica - capacidades que, embora não quantificáveis,  são  essenciais  para  reconhecer o sofrimento humano em sua complexidade 27 .",0.39173537492752075
O que é o diário de bordo da IA?,bioetica_e_ia.md,164,"Esse cenário desafia a própria identidade do médico. Se antes ele era visto como cuidador e conselheiro, hoje corre o risco de ser reduzido a operador técnico de sistemas, perdendo espaço para o raciocínio clínico e para a aética do encon -tro. É importante resgatar a noção de que a medi -cina deve ser, antes de tudo, compromisso com o bem do outro 3 - algo que não pode ser delegado a máquinas, por mais eficientes que sejam.",0.27164387702941895
O que é o diário de bordo da IA?,bioetica_e_ia.md,166,"Para  enfrentar  essa  crise,  torna-se  urgente promover uma formação médica voltada à ética digital,  ao  pensamento  crítico  sobre  IA  e  ao desenvolvimento de competências comunicacio -nais para interações mediadas por tecnologia  16 . Restaurar  a  centralidade  da  relação  humana no  cuidado  é  imperativo  ético  que  nenhuma inovação pode substituir.",0.29181501269340515
O que é o diário de bordo da IA?,bioetica_e_ia.md,168,## Reinterpretação dos princípios hipocráticos no século XXI,0.18442277610301971
O que é o diário de bordo da IA?,bioetica_e_ia.md,170,"A  análise  dos  estudos  revisados  revela  que os  princípios  éticos  enunciados  por  Hipócrates continuam sendo uma base moral valiosa para a medicina contemporânea, mas necessitam de reinterpretação diante dos desafios da inteligência artificial. Essa reinterpretação pode ser sintetizada em quatro movimentos:",0.2158629298210144
O que é o diário de bordo da IA?,bioetica_e_ia.md,172,"1) Autonomia 2.0: a autonomia do paciente, no contexto da IA, não se limita à escolha de trata -mentos e inclui o direito a explicação, não discrimi -nação algorítmica e proteção de dados sensíveis. Surge a necessidade de consentimento informado ampliado, capaz de abordar riscos tecnológicos e o funcionamento de sistemas automatizados 24 .",0.42048752307891846
O que é o diário de bordo da IA?,bioetica_e_ia.md,174,"2) Beneficência inclusiva: fazer o bem requer assegurar que os benefícios das tecnologias sejam distribuídos  de  forma  equitativa.  Isso  implica monitorar vieses de dados, priorizar desenvolvi -mento ético de algoritmos e evitar que inovações aumentem desigualdades sociais 14 .",0.2146730273962021
O que é o diário de bordo da IA?,bioetica_e_ia.md,176,"3) Não maleficência sistêmica: prevenir danos não  significa  apenas  evitar  erros  clínicos,  mas também  antecipar  consequências  sistêmicas da automação, como exclusão digital, perda de competências  médicas  e  descaracterização  do cuidado baseado nos princípios hipocráticos 23 .",0.21796360611915588
O que é o diário de bordo da IA?,bioetica_e_ia.md,178,"4) Justiça digital: a justiça na era da IA exige que todos os envolvidos tenham acesso a tecnologias seguras, eficazes e eticamente projetadas. A gover -nança algorítmica deve considerar o pluralismo cultural, a diversidade de contextos e o respeito aos direitos fundamentais dos pacientes 17 .",0.32490554451942444
O que é o diário de bordo da IA?,bioetica_e_ia.md,180,"Assim,  o  legado  hipocrático  não  é  descar -tado, mas atualizado, funcionando como matriz ética viva que pode orientar decisões morais em ambientes tecnocientíficos complexos.",0.23718895018100739
O que é o diário de bordo da IA?,bioetica_e_ia.md,182,## Propostas bioéticas para uma IA centrada no paciente,0.366323322057724
O que é o diário de bordo da IA?,bioetica_e_ia.md,184,"Com base na literatura revisada, é possível deli -near algumas diretrizes bioéticas para o desenvol -vimento e a aplicação da IA na medicina:",0.3726769685745239
O que é o diário de bordo da IA?,bioetica_e_ia.md,186,"1) Transparência e explicabilidade algorítmica: os sistemas devem ser auditáveis e compreensí -veis, para permitir ao médico e ao paciente enten -derem os critérios das decisões sugeridas  4,24 .",0.2803444266319275
O que é o diário de bordo da IA?,bioetica_e_ia.md,188,2) Consentimento informado dinâmico: mecanis -mos de consentimento contínuo e contextualizado devem ser desenvolvidos de modo que se adaptem à natureza interativa das tecnologias digitais 35 .,0.2404397577047348
O que é o diário de bordo da IA?,bioetica_e_ia.md,190,"3) Participação inclusiva: o desenvolvimento de IA deve incluir múltiplos atores, com especial atenção às vozes dos usuários finais - médicos e pacientes -, para assegurar alinhamento com valores clínicos 25,35 .",0.35820502042770386
O que é o diário de bordo da IA?,bioetica_e_ia.md,192,"4) Governança ética: a implementação da IA deve ser acompanhada por comitês éticos multidisciplina -res que revisem seus impactos em tempo real, a fim de promover ajustes de responsabilização 18,36 .",0.4114192724227905
O que é o diário de bordo da IA?,bioetica_e_ia.md,194,"5) Educação médica para a era digital: os currí -culos de medicina devem incluir formação em ética da tecnologia, literacia de dados e pensamento crí -tico sobre IA, para evitar dependência acrítica ou delegação irresponsável  16 .",0.2974246144294739
O que é o diário de bordo da IA?,bioetica_e_ia.md,196,"Essas  propostas,  embora  ainda  em  construção, apontam caminhos para uma medicina algorítmica mais ética, transparente e centrada na dignidade humana.",0.22337916493415833
O que é o diário de bordo da IA?,bioetica_e_ia.md,198,## Limitações da literatura atual e lacunas para pesquisa futura,0.18007907271385193
O que é o diário de bordo da IA?,bioetica_e_ia.md,200,"Apesar da crescente produção científica sobre ética  da  IA  na  medicina,  a  literatura  apresenta lacunas importantes. Em primeiro lugar, há pre -domínio de estudos teóricos e normativos, com escassez de dados empíricos sobre a experiência de médicos e pacientes em contextos reais de uso de IA. A ausência de estudos qualitativos limita a compreensão de como os dilemas éticos se mani -festam na prática cotidiana 21 .",0.3559732437133789
O que é o diário de bordo da IA?,bioetica_e_ia.md,202,"Em segundo lugar, muitas pesquisas têm enfo -que euro-americano e, portanto, desconsideram desigualdades digitais e especificidades culturais, legais e sociais de outros contextos, como de países da América Latina e da África. Estudos sobre justiça algorítmica precisam incorporar perspectivas pós --coloniais e de saúde global, sob risco de repetir padrões tecnocêntricos e excludentes 37 e reprodu -zir exclusões históricas com roupagem tecnológica.",0.15743404626846313
O que é o diário de bordo da IA?,bioetica_e_ia.md,204,"Além disso, observa-se falta de integração entre marcos legais, clínicos e éticos. Poucos modelos oferecem orientações práticas que articulem em um só framework as exigências da LGPD, da ética médica e da eficiência clínica. Nesse sentido, há demanda urgente por pesquisas interdisciplinares que dialoguem com direito, sociologia, ciência da computação e fisiologia moral, e o engajamento com pacientes e a ampliação dos fóruns de deli -beração ética podem ser caminhos promissores, sem perder a inovação.",0.21548038721084595
O que é o diário de bordo da IA?,bioetica_e_ia.md,206,"O avanço ético da IA na medicina exige não apenas inovação técnica, mas também compro -metimento  público  e  institucional  com  digni -dade humana. Preservar o espírito do Juramento de Hipócrates ao adaptá-lo aos tempos digitais é  o  maior  desafio  -  e  a  maior  oportunidade  da bioética contemporânea.",0.37129899859428406
O que é o diário de bordo da IA?,bioetica_e_ia.md,208,## Considerações finais,0.24663205444812775
O que é o diário de bordo da IA?,bioetica_e_ia.md,210,"A inteligência artificial representa uma das transformações mais significativas da prática médica no século XXI. Ao mesmo tempo que oferece recursos poderosos para diagnósticos, prognósticos  e  terapias  personalizadas,  sua adoção  em  larga  escala  impõe  desafios  éti -cos profundos que reconfiguram os alicerces tradicionais da medicina. Tais transformações demandam não apenas atualização técnica dos profissionais de saúde, mas também reflexão crítica sobre os valores que devem nortear o uso dessas tecnologias.",0.2649065852165222
O que é o diário de bordo da IA?,bioetica_e_ia.md,212,"A  análise  crítica  da  literatura  revela  que  os princípios hipocráticos da beneficência, não male -ficência,  autonomia  e  justiça  continuam  sendo fundamentais, mas precisam ser reinterpretados à luz dos riscos e potencialidades da era digital. Autonomia, por exemplo, já não pode ser garan -tida  apenas  pelo  consentimento  informado tradicional:  ela  requer  explicabilidade  algorít -mica e transparência das decisões automatizadas. Beneficência demanda vigilância constante con -tra vieses nos dados e nos sistemas de aprendi -zagem da máquina, que podem comprometer a qualidade e a equidade do cuidado. Não malefi -cência exige abordagem sistêmica e interdiscipli -nar, que leve em conta os efeitos não intencionais dos algoritmos na prática clínica. E justiça implica compromisso com a democratização do acesso a tecnologias, a fim de evitar a concentração de recursos em contextos privilegiados.",0.2439500093460083
O que é o diário de bordo da IA?,bioetica_e_ia.md,214,"Adicionalmente,  os  marcos  legais  nacio -nais e internacionais oferecem importante base normativa, mas ainda insuficiente para dar conta da complexidade ética que os sistemas de IA em saúde introduzem. Embora forneçam diretrizes relevantes para proteção de dados e segurança da informação, muitos desses regulamentos ainda não abrangem integralmente os dilemas ligados à autonomia algorítmica, à responsabilidade em",0.3432422876358032
O que é o diário de bordo da IA?,bioetica_e_ia.md,216,## Referências,0.2532810568809509
O que é o diário de bordo da IA?,bioetica_e_ia.md,218,"1. Esteva A, Kuprel B, Novoa RA, Ko J, Swetter SM, Blau HM et al .  Dermatologist-level classification of skin cancer with deep neural networks. Nature [Internet]. 2017 [acesso 5 jun 2025];542(7639):115-8. DOI: 10.1038/nature21056",0.11995243281126022
O que é o diário de bordo da IA?,bioetica_e_ia.md,219,2. Topol EJ. High-performance medicine: the convergence of human and artificial intelligence. Nat Med [Internet]. 2019 [acesso 5 jun 2025];25(1):44-56. DOI: 10.1038/s41591-018-0300-7,0.21285557746887207
O que é o diário de bordo da IA?,bioetica_e_ia.md,220,"3. Pellegrino  ED,  Thomasma  DC.  For  the  patient's  good:  the  restoration  in  health  care.  New  York: Oxford University Press; 1998.",0.017867017537355423
O que é o diário de bordo da IA?,bioetica_e_ia.md,221,4. London  AJ.  Artificial  intelligence  and  black-box  medical  decisions:  accuracy  versus  explainability. Hastings Cent Rep [Internet]. 2019 [acesso 5 jun 2025];49(1):15-21. DOI: 10.1002/hast.973,0.22796671092510223
O que é o diário de bordo da IA?,bioetica_e_ia.md,222,"5. Jobin A, lenca M, Vayena E. The global landscape of AI ethics guidelines. Nat Mach Intell [Internet]. 2019 [acesso 5 jun 2025];1(9):389-99. DOI: 10.1038/s42256-019-0088-2",0.23371976613998413
O que é o diário de bordo da IA?,bioetica_e_ia.md,223,"6. Gerke S, Minssen T, Cohen G. Ethical and legal challenges of artificial intelligence-driven healthcare. Artificial Intelligence in Healthcare. 2020:295-336. DOI: 10.1016/B978-0-12-818438-7.00012-5",0.13415133953094482
O que é o diário de bordo da IA?,bioetica_e_ia.md,224,"7. Brasil. Lei nº 14.510, de 27 de dezembro de 2022. Dispõe sobre a prestação de serviços de telessaúde. Diário Oficial da União [Internet]. Brasília, 28 dez 2022 [acesso 6 jun 2025]. Disponível: https://tinyurl.com/ mr39srpb",0.16781289875507355
O que é o diário de bordo da IA?,bioetica_e_ia.md,226,"sistemas híbridos (homem-máquina) e à trans -parência em modelos de aprendizado profundo, muitas vezes considerados 'caixas-pretas'.",0.26139646768569946
O que é o diário de bordo da IA?,bioetica_e_ia.md,228,"Nesse contexto, a bioética contemporânea pre -cisa evoluir para incorporar, de forma verdadeira -mente interdisciplinar, os conceitos de governança algorítmica, proteção de dados sensíveis, justiça distributiva e responsabilização moral. Isso envolve a  participação  ativa  de  profissionais  da  saúde, juristas, engenheiros, filósofos e representantes da sociedade civil na formulação de políticas públicas e diretrizes clínicas. O desenvolvimento ético da IA em saúde não pode ser responsabilidade exclusiva dos programadores ou das empresas de tecno -logia:  deve ser um esforço conjunto, orientado pelo bem-estar humano.",0.33127561211586
O que é o diário de bordo da IA?,bioetica_e_ia.md,230,"A  preservação do espírito  do  Juramento  de Hipócrates  não  significa  resistir  ao  progresso tecnológico, mas assegurar que a inovação seja colocada a serviço da dignidade humana, da equi -dade e do cuidado compassivo. Cabe à medicina, à ética e ao direito construírem juntos um modelo de inteligência artificial que, mais do que aprender com dados, respeite valores fundamentais da vida e do cuidado. Afinal, o verdadeiro avanço da medi -cina digital dependerá da capacidade não apenas de prever doenças, mas também de promover humanidade em cada decisão automatizada.",0.3137027621269226
O que é o diário de bordo da IA?,bioetica_e_ia.md,232,"8. Brasil. Lei nº 13.709, de 14 de agosto de 2018. Lei Geral de Proteção de Dados Pessoais (LGPD). Diário Oficial da União [Internet]. Brasília, 15 ago 2018 [acesso 6 jun 2025]. Disponível: https://bit.ly/4b4cssd",0.21634064614772797
O que é o diário de bordo da IA?,bioetica_e_ia.md,233,"9. Conselho Federal de Medicina. Resolução nº 2.314, de 20 de abril de 2022. Define e regulamenta a telemedicina como forma de prestação de serviços médicos. Diário Oficial da União [Internet]. Brasília, p. 227, 5 maio 2022 [acesso 6 jun 2025]. Seção 1. Disponível: https://tinyurl.com/hyrzwr3f",0.1631261259317398
O que é o diário de bordo da IA?,bioetica_e_ia.md,234,"10. European Parliament and Council. Regulation (EU) 2016/679 on the protection of natural persons with regard to the processing of personal data and on the free movement of such data, and repealing Directive 95/46/EC (General Data Protection Regulation). Official Journal of the European Union [Internet]. Geneva, 2016 [acesso 5 jun 2025]. Disponível: https://bit.ly/409B7qj",0.15476210415363312
O que é o diário de bordo da IA?,bioetica_e_ia.md,235,11. European Commission. Directive (EU) 2016/1148 on Security of Network and INformation Systems (NIS  Directive).  Official  Journal  of  the  European  Union  [Internet].  2016  [acesso  6  jun  2025]. Disponível: https://bit.ly/4aQwtUa,0.24032370746135712
O que é o diário de bordo da IA?,bioetica_e_ia.md,236,"12. United States. Public Law 104-191. Health Insurance Portability and Accountability Act of 1996 (HIPAA). Federal Register [Internet]. Washington, 20 ago 1996 [acesso 6 jun 2025]. Disponível: https://tinyurl.com/ vvkr9vm8",0.17696155607700348
O que é o diário de bordo da IA?,bioetica_e_ia.md,237,"13. United States. Health Information Technology for Economic and Clinical Health Act (HITECH). Federal Register [Internet]. Washington, nº 209, Rules and Regulations, 30 out 2009 [acesso 10 set 2024]. Disponível: https://bit.ly/4d4yRYR",0.16207009553909302
O que é o diário de bordo da IA?,bioetica_e_ia.md,238,"14. Obermeyer Z,  Powers  B,  Vogeli  C,  Mullainathan  S.  Dissecting  racial  bias  in  an  algorithm  used  to manage the health of populations. Science [Internet]. 2019 [acesso 6 jun 2025];366(6464):447-53. DOI: 10.1126/science.aax2342",0.06586699187755585
O que é o diário de bordo da IA?,bioetica_e_ia.md,239,15. Lupton D. The digitally engaged patient: self-monitoring and self-care in the digital health era. Soc Theory Health [Internet]. 2013 [acesso 8 jun 2025];11(3):256-70. DOI: 10.1057/sth.2013.10,0.19434167444705963
O que é o diário de bordo da IA?,bioetica_e_ia.md,240,16. Masters  K.  Artificial  intelligence  in  medical  education.  Med  Teach  [Internet].  2019  [acesso  14  jun 2025];41(9):976-80. DOI: 10.1080/0142159X.2019.1595557,0.18181473016738892
O que é o diário de bordo da IA?,bioetica_e_ia.md,241,"17. Floridi L, Cowls J, Beltrametti M, Chatila R, Chazerand P, Dignum V et al . AI4People - an ethical framework for a good AI society: opportunities, risks, principles, and recommendations. Minds Mach [Internet]. 2018 [acesso 6 jun 2025];28(4):689-707. DOI: 10.1007/s11023-018-9482-5",0.2712641656398773
O que é o diário de bordo da IA?,bioetica_e_ia.md,242,18. Mittelstadt BD. Principles alone cannot guarantee ethical AI. Nat Mach Intell [Internet]. 2019 [acesso 6 jun 2025];1(11):501-7. DOI: 10.1038/s42256-019-0114-4,0.20443248748779297
O que é o diário de bordo da IA?,bioetica_e_ia.md,243,19. Gil AC. Métodos e técnicas de pesquisa social. 6ª ed. São Paulo: Atlas; 2008.,0.14524102210998535
O que é o diário de bordo da IA?,bioetica_e_ia.md,244,20. Severino AJ. Metodologia do trabalho científico. 24ª ed. São Paulo: Cortez; 2016.,0.13772256672382355
O que é o diário de bordo da IA?,bioetica_e_ia.md,245,"21. Morley J, Machado C, Burr C, Cowls J, Taddeo M, Floridi L. The ethics od AI in health care: a mapping review. Soc Sci Med [Internet]. 2020 [acesso 5 jun 2025];260:113172. DOI: 10.1016/j.socscimed.2020.113172",0.24180132150650024
O que é o diário de bordo da IA?,bioetica_e_ia.md,246,"22. Krittanawong C, Johnson KW, Rosenson RS, Wang Z, Aydar M, Narayan SM. Deep learning for cardiovascular medicine:  a  practical  primer.  Eur  Heart  J  [Internet].  2019  [acesso  6  jun  2025];40(25):2058-73. DOI: 10.1093/eurheartj/ehz056",0.1106533333659172
O que é o diário de bordo da IA?,bioetica_e_ia.md,247,"23. Mittelstadt BD, Floridi L. The ethics of big data: current and foreseeable issues in biomedical contexts. Sci Eng Ethics [Internet]. 2016 [acesso 6 jun 2025];22(2):303-41. DOI: 10.1007/s11948-015-9652-2",0.17707198858261108
O que é o diário de bordo da IA?,bioetica_e_ia.md,248,"24. Wachter S, Mittelstadt B, Floridi L. Transparent, explainable, and accountable AI for robotics. Sci Robot [Internet]. 2017 [acesso 8 jun 2025];2(6):eaan6080. DOI: 10.1126/scirobotics.aan6080",0.24892114102840424
O que é o diário de bordo da IA?,bioetica_e_ia.md,249,25. Dastin J. Amazon scraps secret AI recruiting tool that showed bias against women. Reuters [Internet]. 10 out 2018 [acesso 2 jul 2025]; Disponível: https://bit.ly/4rhewTv,0.20978866517543793
O que é o diário de bordo da IA?,bioetica_e_ia.md,250,"26. Shortliffe EH, Sepúlveda MJ. Clinical decision support in the era of artificial intelligence. JAMA [Internet]. 2018 [acesso 6 jun 2025];320(21):2199-200. DOI: 10.1001/jama.2018.17163",0.20900288224220276
O que é o diário de bordo da IA?,bioetica_e_ia.md,251,27. Harari YN. Homo Deus: a brief history of tomorrow. New York: Harper; 2017.,0.130075603723526
O que é o diário de bordo da IA?,bioetica_e_ia.md,252,"28. Silva AG, Oliveira TC, Lima MADS. Artificial intelligence in Brazilian health care: a viewpoint. JMIR Med Inform [Internet]. 2020 [acesso 7 jun 2025];8(10):e23557. DOI: 10.2196/23557",0.27666035294532776
O que é o diário de bordo da IA?,bioetica_e_ia.md,254,"29. Whitelaw  S,  Mamas  MA,  Topol  E,  Van  Spall  HGC.  Applications  of  digital  technology  in  COVID-19 pandemic planning and response. Lancet Digit Health [Internet]. 2020 [acesso 7 jun 2025];2(8):e435-40. DOI: 10.1016/S2589-7500(20)30142-4",0.130304217338562
O que é o diário de bordo da IA?,bioetica_e_ia.md,255,30. Goodman B. The algorithmic governance of health: a case study of the United States. Health Care Anal [Internet]. 2021 [acesso 8 jun 2025];29(1):39-57. DOI: 10.1007/s10728-019-00385-0,0.1607843041419983
O que é o diário de bordo da IA?,bioetica_e_ia.md,256,"31. Eubanks  V.  Automating  inequality:  how  high-tech  tools  profile,  police,  and  punish  the  poor. New York: Picador; 2019.",0.054000310599803925
O que é o diário de bordo da IA?,bioetica_e_ia.md,257,32. Zuboff S. The age of surveillance capitalism. New York: PublicAffairs; 2019.,0.11436326801776886
O que é o diário de bordo da IA?,bioetica_e_ia.md,258,33. Nemitz P. Constitutional democracy and technology in the age of artificial intelligence. Philos Trans A Math Phys Eng Sci [Internet]. 2018 [acesso 7 jun 2025];376(2133):20180089. DOI: 10.1098/rsta.2018.0089,0.2005932778120041
O que é o diário de bordo da IA?,bioetica_e_ia.md,259,"34. Zhang B, Dafoe A. Artificial intelligence: American attitudes and trends [Internet]. Oxford: University of Oxford; 2019 [acesso 8 jun 2025]. DOI: 10.2139/ssrn.3312874",0.2211349457502365
O que é o diário de bordo da IA?,bioetica_e_ia.md,260,35. Sadan  T.  Toward  participatory  design  of  ethical  AI.  Philos  Technol  [Internet].  2020  [acesso  8  jun 2025];33(2):167-88. DOI: 10.1007/s13347-019-00371-1,0.21301573514938354
O que é o diário de bordo da IA?,bioetica_e_ia.md,261,"36. Dove ES, Townend D, Meslin EM, Bobrow M, Littler K, Nicol D et al .  Ethics review for international data-intensive  research.  Science  [Internet].  2016  [acesso  8  jun  2025];351(6280):1399-400. DOI: 10.1126/science.aad5269",0.177898108959198
O que é o diário de bordo da IA?,bioetica_e_ia.md,262,37. Benjamin R. Race after technology: abolitionist tools for the New Jim Code [Internet]. Cambridge: Polity Press; 2019 [acesso 8 jun 2025]. Disponível: https://tinyurl.com/272s7b8z,0.1509457230567932
O que é o diário de bordo da IA?,bioetica_e_ia.md,264,## Juracy Barbosa dos Santos - Doutorando - drjuracybarbosa@gmail.com,0.2172849327325821
O que é o diário de bordo da IA?,bioetica_e_ia.md,266,0009-0009-1729-9778,0.09815201163291931
O que é o diário de bordo da IA?,bioetica_e_ia.md,268,<!-- image -->,0.10345049947500229
O que é o diário de bordo da IA?,bioetica_e_ia.md,270,Guilhermina Rego - Doutora - guilherminarego@med.up.pt,0.1552930772304535
O que é o diário de bordo da IA?,bioetica_e_ia.md,272,0000-0002-8590-9832,0.1132916733622551
O que é o diário de bordo da IA?,bioetica_e_ia.md,274,<!-- image -->,0.10345049947500229
O que é o diário de bordo da IA?,bioetica_e_ia.md,276,Rui Nunes - Doutor - ruinunes@med.up.pt,0.15259405970573425
O que é o diário de bordo da IA?,bioetica_e_ia.md,278,0000-0002-1377-9899,0.12331370264291763
O que é o diário de bordo da IA?,bioetica_e_ia.md,280,<!-- image -->,0.10336408764123917
O que é o diário de bordo da IA?,bioetica_e_ia.md,282,## Correspondência,0.28330284357070923
O que é o diário de bordo da IA?,bioetica_e_ia.md,284,"Juracy Barbosa dos Santos -Faculdade de Medicina/Universidade do Porto. Al. Professor Hernani Monteiro, CP 4200-319. Porto, Portugal.",0.15978676080703735
O que é o diário de bordo da IA?,bioetica_e_ia.md,286,## Contribuição dos autores,0.23785589635372162
O que é o diário de bordo da IA?,bioetica_e_ia.md,288,"Juracy  Barbosa  dos  Santos  foi  responsável  pela  concepção  do  estudo,  análise  de  dados  e redação do manuscrito. Guilhermina Rego revisou o manuscrito. Rui Nunes realizou a análise crítica e a revisão final do manuscrito.",0.22488273680210114
O que é o diário de bordo da IA?,bioetica_e_ia.md,290,Disponibilidade de dados: Todos os dados utilizados ou gerados na pesquisa estão integralmente descritos e apresentados no corpo do artigo.,0.23184050619602203
O que é o diário de bordo da IA?,bioetica_e_ia.md,292,Editora responsável: Dilza Teresinha Ambrós Ribeiro,0.2705373167991638
O que é o diário de bordo da IA?,bioetica_e_ia.md,294,Recebido:,0.22517000138759613
O que é o diário de bordo da IA?,bioetica_e_ia.md,296,24.8.2025,0.115854412317276
O que é o diário de bordo da IA?,bioetica_e_ia.md,298,Revisado:,0.14199091494083405
O que é o diário de bordo da IA?,bioetica_e_ia.md,300,18.12.2025,0.09999660402536392
O que é o diário de bordo da IA?,bioetica_e_ia.md,302,Aprovado:,0.22790104150772095
O que é o diário de bordo da IA?,bioetica_e_ia.md,304,27.1.2026,0.1580526977777481
Quais são os impactos da inteligência artificial?,twitter_algoritmo.md,1,ARTIGOS                                                            E-ISSN: 2176-6665,0.2035585343837738
Quais são os impactos da inteligência artificial?,twitter_algoritmo.md,3,## DOI: 10.5433/2176-6665.2025v30e52669,0.13581791520118713
Quais são os impactos da inteligência artificial?,twitter_algoritmo.md,5,Recebido em 30/03/2025; aprovado em 18/096/2025; publicado em 10/11/2025.,0.23998910188674927
Quais são os impactos da inteligência artificial?,twitter_algoritmo.md,7,"## O caso Twitter/X: algoritmo, espaço público e ultraliberalismo digital",0.29320359230041504
Quais são os impactos da inteligência artificial?,twitter_algoritmo.md,9,"## The Twitter/X Case: algorithm, public space, and digital ultra-liberalism",0.14067746698856354
Quais são os impactos da inteligência artificial?,twitter_algoritmo.md,11,<!-- image -->,0.05314694717526436
Quais são os impactos da inteligência artificial?,twitter_algoritmo.md,13,<!-- image -->,0.05314694717526436
Quais são os impactos da inteligência artificial?,twitter_algoritmo.md,15,*Ettore Schimid Batalha 1 *Jefferson Ribeiro da Silva 2,0.1868978887796402
Quais são os impactos da inteligência artificial?,twitter_algoritmo.md,17,*Bruno Daniel Vendruscolo Espinosa Velásquez 3,0.012870650738477707
Quais são os impactos da inteligência artificial?,twitter_algoritmo.md,19,## Resumo,0.28257474303245544
Quais são os impactos da inteligência artificial?,twitter_algoritmo.md,21,"Este  artigo  investiga  a  dinâmica  das  redes  sociais  na  formação  do  debate público, com ênfase no Twitter (atualmente denominado X) e na influência dos  algoritmos  na  regulação  do  conteúdo.  Por  meio  de  uma  abordagem interdisciplinar que integra os conceitos da Sociologia Digital e das Ciências da  Computação,  o  estudo  analisa  como  os  mecanismos  de  curadoria  e moderação -operados  por  empresas  privadas -afetam  a  construção  dos discursos e a propagação das informações. O trabalho reúne um levantamento inicial  de  dados  empíricos,  análises  acadêmicas  e  reportagens  jornalísticas para demonstrar que as alterações nas políticas de moderação, sobretudo após a aquisição do Twitter por Elon Musk, impactaram significativamente tanto a  qualidade  do  conteúdo  gerado  quanto  a  confiança  dos  usuários  e  a sustentabilidade econômica da plataforma. Os resultados indicam que, embora a  flexibilização  das  diretrizes  de  moderação  possa  ampliar  o  acesso  e  a visibilidade de diversas vozes, ela também favorece o aumento do discurso de ódio, a proliferação de bots e a retirada de anunciantes, configurando um cenário desafiador para a manutenção de um debate público plural e transparente.",0.40431517362594604
Quais são os impactos da inteligência artificial?,twitter_algoritmo.md,23,Palavras-chave: redes sociais; espaço público; algoritmos; Twitter/X; desinformação.,0.3478899598121643
Quais são os impactos da inteligência artificial?,twitter_algoritmo.md,25,## Abstract,0.1108369380235672
Quais são os impactos da inteligência artificial?,twitter_algoritmo.md,27,"This article  investigates  the  dynamics  of  social  networks  in shaping public debate, with an emphasis on Twitter (currently called X) and the influence of algorithms on content regulation. Using an interdisciplinary approach that integrates concepts from Digital Sociology and Computer Science, the study analyzes how curation and moderation mechanisms -operated  by private companies -affect  the  construction  of  discourses  and  the  dissemination  of information. The research brings together empirical data, academic analyses and journalistic reports to demonstrate that changes in moderation policies,",0.2198552042245865
Quais são os impactos da inteligência artificial?,twitter_algoritmo.md,29,"1  Universidade Federal de São Carlos, Centro de Ciências Humanas e Sociais, Programa de Pós-Graduação em Sociologia (PPGS/UFSCar, São Carlos, São Paulo, Brasil). ORCID: https://orcid.org/0000-0002-7179-8713.",0.2006380707025528
Quais são os impactos da inteligência artificial?,twitter_algoritmo.md,31,"2  Universidade Federal de Mato Grosso do Sul, Faculdade de Educação, Programa de Pós-Graduação em  Educação  (PPGEdu-FAED/UFMS,  Campo  Grande,  Mato  Grosso  do  Sul,  Brasil).  ORCID: https://orcid.org/0009-0002-9985-9212.",0.11228080093860626
Quais são os impactos da inteligência artificial?,twitter_algoritmo.md,33,"3  Universidade de São Paulo, Escola de Artes, Ciências e Humanidades, Programa de Pós-Graduação em Modelagem  de  Sistemas  Complexos  (PGSCX-EACH/USP,  São  Paulo,  São  Paulo,  Brasil).  ORCID: https://orcid.org/0000-0002-5705-9359.",0.20120342075824738
Quais são os impactos da inteligência artificial?,twitter_algoritmo.md,35,<!-- image -->,0.05314694717526436
Quais são os impactos da inteligência artificial?,twitter_algoritmo.md,37,1,0.059898607432842255
Quais são os impactos da inteligência artificial?,twitter_algoritmo.md,39,<!-- image -->,0.05314694717526436
Quais são os impactos da inteligência artificial?,twitter_algoritmo.md,41,"especially after Elon Musk's acquisition of Twitter, have significantly impacted both  the  quality  of  the  content  generated  and  the  trust  of  users  and  the platform's economic  sustainability.  The  results  indicate  that,  although  the relaxation  of  moderation  guidelines  can  increase  access  and  visibility  of diverse voices, it also favors the increase in hate speech, the proliferation of bots  and  the  removal  of  advertisers,  creating  a  challenging  scenario  for maintaining a plural and transparent public debate.",0.2201300710439682
Quais são os impactos da inteligência artificial?,twitter_algoritmo.md,43,Keywords: social networks; public space; algorithms; Twitter/X; disinformation.,0.21635058522224426
Quais são os impactos da inteligência artificial?,twitter_algoritmo.md,45,## Introdução,0.3125068247318268
Quais são os impactos da inteligência artificial?,twitter_algoritmo.md,47,"Este estudo pretende analisar a maneira pela qual as redes sociais digitais, por meio de suas dinâmicas, reivindicam para si o status de  um 'espaço público' para debates  neste  contexto  da  normatização  do  ultraliberalismo  no  cenário  político.  A relação entre internet e espaço público, observada como relevante nos últimos anos, protagonizou uma série de movimentos que produziram tensões diversas ao redor do mundo.  Por  exemplo,  a  partir  do  compartilhamento  maciço  de  informações  e  do desenvolvimento  das  Tecnologias  de  Informação  e  Comunicação,  as  redes  sociais digitais se destacaram em diversas mobilizações nas últimas duas décadas, como as jornadas de junho de 2013 no Brasil e a Primavera Árabe, nas quais a utilização de redes  sociais  resultou  em  formas  de  engajamento  e  organização  popular  para  a derrubada do regime incumbente (Castells, 2013).",0.3103482723236084
Quais são os impactos da inteligência artificial?,twitter_algoritmo.md,49,"Atualmente, outra forma de engajamento, pautada na participação online como demonstração de força na arena política, tem assumido o protagonismo nesse campo. Essa  participação,  pautada  na  veiculação  de  informações,  transforma  algumas plataformas  em  palcos  de  debates,  entendendo  que  desta  maneira  o  alcance  de discursos e práticas políticas pode ser metrificado. Neste domínio, as ideias vinculadas à noção de 'liberdade de expressão' se destacam em relação às demais.",0.2896595299243927
Quais são os impactos da inteligência artificial?,twitter_algoritmo.md,51,"Assim, a problemática torna-se um desafio sociológico e conduz a algumas questões: o que leva estes espaços de um domínio privado, estadunidense e ultraliberal, a  reivindicarem  legitimidade  como  espaço  de  debate  público?  De  que  maneira  o borramento da fronteira entre liberdade e democracia se manifesta nesses espaços?",0.25985026359558105
Quais são os impactos da inteligência artificial?,twitter_algoritmo.md,53,"Para demonstrar como essa dinâmica opera, sugerimos a investigação do caso Twitter/X  como  norte  para  análise  desses  discursos  e  de  seus  impactos  políticos posteriores. Discutiremos, a partir de uma revisão bibliográfica, como o desenvolvimento do digital orientou-se por uma ética liberal contraditória que, por um lado,  naturalizou  o  uso  das  plataformas  como  um  espaço  de  participação  e  livre expressão, ao mesmo tempo que, por outro, a propriedade comercial das plataformas digitais se torna uma problemática. A aquisição do Twitter por Elon Musk -exemplo de como a questão da propriedade é atual -afetou significativamente as interações e a qualidade das informações veiculadas, impacto da mudança das políticas de regulação de conteúdo.",0.3691849112510681
Quais são os impactos da inteligência artificial?,twitter_algoritmo.md,55,"No  plano  metodológico,  um  levantamento  bibliométrico,  por  meio  da utilização de APIs de sites de catalogação de trabalhos científicos, foi realizado para identificar  como  o  debate  sobre  o  Twitter/X  se  apresenta  na  literatura  acadêmica, procurando  responder  a  questão  a  respeito  de  sua  relevância  enquanto  objeto  de estudo das formas de participação política.",0.2456788569688797
Quais são os impactos da inteligência artificial?,twitter_algoritmo.md,57,①,0.05396334081888199
Quais são os impactos da inteligência artificial?,twitter_algoritmo.md,59,"Assim,  este  trabalho  orienta-se  por  esta  área  multifacetada  da  Sociologia Digital, na qual diversos campos de pesquisa são envolvidos, movidos pela necessidade de fazer um esforço interdisciplinar na busca de fontes históricas e teóricas, assim como na metodologia (Miskolci, 2017, p. 14).",0.28561675548553467
Quais são os impactos da inteligência artificial?,twitter_algoritmo.md,61,"O objetivo da pesquisa, portanto, é identificar os impactos da construção dos algoritmos das redes como um espaço público e do engajamento de informações do Twitter/X  nas  decisões  e  acontecimentos  políticos  atuais,  demonstrando  como  este debate está presente na política e na academia.",0.4142952263355255
Quais são os impactos da inteligência artificial?,twitter_algoritmo.md,63,"Dessa maneira, a fim de facilitar a compreensão da dinâmica do diálogo entre algoritmos privados e a noção de espaço público , o artigo foi estruturado da seguinte forma: 1. O espaço público e as impressões sobre o impacto da internet na participação política; 2. Entre a ética hacker e o ultraliberalismo; 3. O caso do Twitter/X: moderação, desinformação e impacto na democracia; e 4. Dados sobre o Twitter e análises bibliométricas.",0.3992268741130829
Quais são os impactos da inteligência artificial?,twitter_algoritmo.md,65,## 1 O espaço público e o impacto da internet para a participação política,0.31430187821388245
Quais são os impactos da inteligência artificial?,twitter_algoritmo.md,67,"A ' r evolução tecnológica concentrada nas tecnologias da informação', como aponta  Castells  (1999,  p.  23),  além  de  impor  sua  onipresença  em  nosso  cotidiano, encaminha-se na direção da criação de um espaço virtual de informação que pluraliza as  formas  de  comunicação  discursiva.  Neste  sentido,  a  popularização  da  internet  a partir  da  década  de  1990,  suscitada  pela  tendência  de diminuição das  exigências de competências técnicas para seu uso, promoveu uma rápida expansão da web como um bem comum, não mais restrito às corporações e às instituições de ensino (Cardon, 2019). Esta expansão é, em um primeiro momento, permeada pela ideia otimista de que essa nova  etapa  do  desenvolvimento  tecnológico  humano  poderia  promover  de  alguma maneira a distribuição democrática do saber e abrir espaço para a realização de uma nova etapa da política democrática (Lévy, 1999).",0.3971274197101593
Quais são os impactos da inteligência artificial?,twitter_algoritmo.md,69,"O novo milênio comprova de maneiras opostas as consequências efetivas das dinâmicas virtuais no meio social, seja por meio das 'redes de indignação' que são o fermento  para  a  irrupção  da  Primavera  Árabe  (Castells,  2013),  seja  pela  alegada interferência  da  empresa  Cambridge  Analytica  nos  processos  eleitorais  da  eleição presidencial dos Estados Unidos e no plebiscito pelo Brexit, ambos ocorridos em 2016 (Chun, 2021). Nesse contexto, não é surpreendente que o campo das mídias digitais tenha  se  tornado  o  principal  espaço  de  veiculação  de  discursos  públicos,  onde  o engajamento funciona pela métrica da aprovação ou desaprovação.",0.3733823597431183
Quais são os impactos da inteligência artificial?,twitter_algoritmo.md,71,"Deste  modo,  o layout típico  de  todas  as  principais  plataformas  (Facebook, Instagram, TikTok, LinkedIn, Twitter/X) reconfigura o sentido semântico sobre o que é curtir,  responder  e  compartilhar 4 (Van  Djick,  2016,  p.  174).  Do  mesmo  modo, lives , stories ,  curtidas,  engajamentos  e  cancelamentos  tornam-se  parte  do  vocabulário  dos indivíduos ativos em redes sociais. Da linguagem à imagem, observa-se como o virtual influencia  as  relações  sociais  em  diversas  esferas.  No  campo  político  isso  possui implicações de outra grandeza.",0.37698227167129517
Quais são os impactos da inteligência artificial?,twitter_algoritmo.md,73,"4   Compartilhar,  no contexto das  mídias  digitais,  funciona  de modo ambíguo:  um  se  relaciona  com  a conexão, a ideia de que os usuários distribuam informação pessoal entre eles (o maior exemplo da força dos laços fracos), que, pela interface, impulsiona o compartilhamento de informação. E o outro se relaciona com a conectividade, que supõe o uso dessa informação para terceiros a partir do app OpenGraph  e  o  botão  'curtir',  por  exemplo.  Estes  terceiros  podem  ser  entendidos  como  os interessados em comprar essas informações.",0.328582227230072
Quais são os impactos da inteligência artificial?,twitter_algoritmo.md,75,3,0.03821062669157982
Quais são os impactos da inteligência artificial?,twitter_algoritmo.md,77,①,0.053915154188871384
Quais são os impactos da inteligência artificial?,twitter_algoritmo.md,79,"As grandes plataformas digitais, por sua vez, atuam como mediadoras dessa racionalização dos discursos, ou seja, como o lugar onde as pessoas escrevem e postam suas impressões. Assumem, assim, o papel de um espaço privilegiado para o debate 'público', embora esse debate seja pré-estruturado e dominado pelas mídias de massa (Habermas, 2023, p. 29). Nesse sentido, os veículos de informação definem o espaço de debate na modernidade.",0.30958840250968933
Quais são os impactos da inteligência artificial?,twitter_algoritmo.md,81,"Historicamente, a construção da esfera pública esteve associada à emergência dos meios de comunicação de massa, assim como à consolidação de espaços de debate que possibilitaram a crítica social e política. De acordo  com Habermas (2003, p. 3), a origem  do  espaço  público  remonta  ao  século  XIX,  período  no  qual  a  burguesia  se organizou a partir da desagregação do social entre dois domínios, isto é, o público e o privado.  Nesse  sentido,  a  esfera  privada,  sob  domínio  patriarcal,  era  um  espaço eminentemente  feminino,  distanciado das discussões  contemporâneas  sobre direitos individuais. Em contraste, a esfera pública se constituiu por intermédio da politização da vida social burguesa, manifestada pela emergência da imprensa de opinião e pela luta contra a censura em defesa da liberdade de expressão. A politização das redes de comunicação pública transforma, dessa maneira, a natureza de sua função, e, por outro lado,  a  expansão  de  tais  redes  é  incessante  desde  então.  Em  vista  disso,  o  filósofo alemão, ao observar o início da participação política tecnológica, sugere que há neste espaço uma horizontalização dos sujeitos, similar à época dos caçadores/coletores, e uma desestruturação das fronteiras sociais (Habermas, 2003, p. 22). Sob este panorama, ele sugere, ao debater sobre as tecnologias de mídia de massa, que o espaço público",0.2856399118900299
Quais são os impactos da inteligência artificial?,twitter_algoritmo.md,83,"Tornou-se uma verdadeira arena vassalizada pelo poder, no seio do qual  se  luta  por  temas,  por  contribuições,  não  somente  por influência, mas também para um controle (tão dissimulado quanto possível) dos fluxos de comunicação eficazes. [...] [essa] arena [é] dominada pela mass-media, na qual se chocam tendências contraditórias. O nível de vassalização do poder deve se medir em função do grau segundo o qual as opiniões informais, não-públicas, são  curto-circuitadas  pelo  fluxo  de  opiniões  formais  (Habermas, 2003, p. 11-12).",0.26600560545921326
Quais são os impactos da inteligência artificial?,twitter_algoritmo.md,85,"Assim, ao compreendermos as mídias de massa como uma rede comunicacional empresarial que funciona de modo semelhante a uma arena de disputa de narrativas, podemos examinar criticamente a ética que orienta este novo ambiente digital. Pois, como  afirmam  Richard  Barbrook  e  Andy  Cameron  (2003),  este  desenvolvimento tecnológico computacional se sustenta sobre uma ambiguidade ideológica: de um lado, os ideais de liberdade e descentralização do poder, de outro, a adesão aos princípios do laissez-faire e  ao  espírito  empreendedor.  Assim,  esta  ambiguidade  se  traduz  nessa disputa pelo status primordial do digital entre ser a ágora do mundo moderno ou um mercado ( marketplace ).",0.32098886370658875
Quais são os impactos da inteligência artificial?,twitter_algoritmo.md,87,"Sob uma perspectiva atual, é preciso considerar também que a estrutura do digital se modifica consideravelmente com o desenvolvimento da web , assim como pela popularização de computadores pessoais e a facilitação do acesso à rede (Cardon, 2019; Lévy, 1999). Essa  transformação  traz  consigo  alguns  elementos  novos  fundamentais para a compreensão do que é o espaço público digital hoje.",0.3619856834411621
Quais são os impactos da inteligência artificial?,twitter_algoritmo.md,89,①,0.053915154188871384
Quais são os impactos da inteligência artificial?,twitter_algoritmo.md,91,"Desta maneira, essa dinâmica do desenvolvimento do ciberespaço se aprofundou no início do milênio, em uma nova etapa da história da internet na qual sua natureza se  modifica em relação  ao momento anterior. Esta nova configuração da rede ficou conhecida pelo termo web 2.0, que, segundo Tim O'Reilly (2005), é de um conceito sem fronteiras  definidas,  e  sua  caracterização  é  dependente  de  sua  proximidade  de  um centro gravitacional composto por determinados princípios, sendo o primeiro  deles descrito pela seguinte proposição: 'A web como uma plataforma'.",0.3217514753341675
Quais são os impactos da inteligência artificial?,twitter_algoritmo.md,93,"Uma das principais  manifestações  da web 2.0,  fundamental  para  evento  da plataformização da rede, é essa ascensão de sites/serviços denominados 'rede sociais' ; estas, de acordo Boyd e Ellison, são definidas 'como serviços web nos quais usuários podem criar um perfil, construir e disponibilizar uma lista de conexões com outros usuários na rede' (Helmond, 2019, p. 53) . Assim, as redes sociais assumem, desde seu surgimento, um papel central no ecossistema da rede.",0.3181745707988739
Quais são os impactos da inteligência artificial?,twitter_algoritmo.md,95,"As  características  fundamentais  das  redes  sociais online são:  dinamicidade, flexibilidade e caráter relacional. A dinamicidade refere-se à constante interação entre os usuários, influenciada diretamente pela estrutura tecnológica por meio da qual as informações  circulam.  Já  a  flexibilidade  diz  respeito  à  fluidez  e  à  volatilidade  dos vínculos formados entre os indivíduos nessas redes, destacando-se sua capacidade de expansão ou retração conforme novos usuários chegam ou outros se afastam (Martino, 2015, p. 56). Por último, o caráter relacional remete à interação entre diferentes atores -sejam eles indivíduos, empresas ou organizações -cuja ação contínua no ambiente online influencia  diretamente  padrões  de  comportamento offline ,  reconfigurando-os, segundo argumento central proposto pelo autor.",0.35585853457450867
Quais são os impactos da inteligência artificial?,twitter_algoritmo.md,97,"Em consequência disso, a comunicação, antes mediada por veículos tradicionais  como  jornais,  rádios  e  televisões,  passa  agora  a  ser  processada  por algoritmos que filtram, priorizam e distribuem os conteúdos de acordo com métricas de engajamento, popularidade e relevância -parâmetros estes que escapam muitas vezes à compreensão dos próprios usuários (Cardon, 2015, p. 19). Essa transformação implica  uma  dualidade:  por  um  lado,  a  ampliação  do  acesso  à  informação  e  a democratização  do  debate;  por  outro,  a  emergência  de  mecanismos  que  podem restringir a diversidade de opiniões, promovendo a formação de bolhas informacionais e a polarização dos discursos.",0.43409010767936707
Quais são os impactos da inteligência artificial?,twitter_algoritmo.md,99,"Este aspecto negativo é ressaltado pela socióloga Wendy Chun quando afirma que a lógica de agrupamento promovida por algoritmos de redes sociais realiza um ataque aos princípios democráticos, pois, ao relegar as 'noções de igualdade' em favor de uma agregação baseada 'em semelhanças e interesses especializados' , o princípio da diversidade encontra-se ameaçado (Chun, 2021, p. 89). Assim, a própria economia dos discursos é afetada por essa nova forma de ser do espaço público.",0.3609754145145416
Quais são os impactos da inteligência artificial?,twitter_algoritmo.md,101,"Portanto,  considerando  esse  cenário  no  qual  o  controle  disciplinar  sobre  o discurso público está presente também nas plataformas digitais privadas orientadas por  algoritmos,  torna-se  necessário  investigar  quais  são  as  origens  ideológicas  que fundamentam essa transformação. Neste sentido, a chamada ética hacker (Vaz, 2002, p. 87),  surgida  entre  os  programadores  estadunidenses  a  partir  da  década  de  1960, emerge como um ponto fundamental para compreender os princípios que, ainda hoje, guiam a lógica do funcionamento dessas plataformas digitais.",0.3523885905742645
Quais são os impactos da inteligência artificial?,twitter_algoritmo.md,103,5,0.04368129372596741
Quais são os impactos da inteligência artificial?,twitter_algoritmo.md,105,①,0.053915154188871384
Quais são os impactos da inteligência artificial?,twitter_algoritmo.md,107,## 2 Entre a ética hacker e o ultraliberalismo,0.2857910096645355
Quais são os impactos da inteligência artificial?,twitter_algoritmo.md,109,"A  sistematização  da  ética hacker ,  ocorrida  na  década  de  1980,  estabelece princípios que apontam para uma forma distinta -e por vezes distorcida -de entender a produção e o compartilhamento da informação. No sentido de compartilhar o poder de processamento dos computadores, as premissas que orientavam os programadores estadunidenses forjam um discurso liberal extremado, como, por exemplo: 'o acesso a computadores e a qualquer coisa que possa ensinar sobre como o mundo funciona deve ser ilimitado e total'; 'toda informação quer ser livre'; 'renda -se ao imperativo do trabalho'; 'faça você mesmo'; 'alimente o barulho do sistema'; 'navegue' 5 (Vaz, 2002, p. 87). Ao discorrer sobre o funcionamento desta ética, Barbrook (2003, p. 148) define a 'netiqueta' como o padrão de comportamentos que expressam uma ideia a respeito da liberdade de informação, segundo os princípios dos primeiros modulares de softwares.",0.2953399419784546
Quais são os impactos da inteligência artificial?,twitter_algoritmo.md,111,"A forma instrumental do funcionamento digital das redes sociais, operando por meio dessa ética, estabelece a liberdade de expressão como sinônimo da liberdade de informação. Afinal, a ética hacker fornece a hipótese de que o próprio funcionamento da computação  reitera  a  lógica  de  que  informação  é  qualquer  dado  que  possa  ser digitalizado. Da mesma maneira, Barbrook (2003) também sugere que havia entre os primeiros usuários a ideia de que a liberdade de informação na era digital era 'o direito de fazer barulho [...] de criar seu próprio código e trabalhar [...] o direito de fazer a escolha livre e irrevogável de se interligar ao código dos outros -isto  é,  o  direito  de resolver a vida' (Barbrook, 2003, p. 148).",0.3070567548274994
Quais são os impactos da inteligência artificial?,twitter_algoritmo.md,113,"Essa transformação da noção de informação é fundamental para compreender como seu impacto reestruturou a ideia sobre espaço público. Com o advento das Novas Tecnologias de Informação e Comunicação, há uma crise entre o processo autoral, que deve ser devida mente regulado e controlado, como forma de 'proteção ao autor', e a máxima de excluir da autoria o poder sobre a informação digital. Com essas mudanças, a informação ganha novos traços ao ser amplamente divulgada. Ela é ubíqua , pois pode estar em qualquer lugar do mundo, e, ao mesmo tempo, liberta do contexto de geração, opaca a toda referência à origem;  também  é anônima ,  pois  a  comunicação  de  um  a muitos, de forma industrializada, dissolve a categoria de autor; e é dependente ,  pois agora, antes das esferas institucionalizadas de discurso, são os códigos de instrumentos (softwares, interfaces) que condicionam as pragmáticas institucionais, antes soberanas em seu poder disciplinar (Malini, 2003, p. 164).",0.4089808762073517
Quais são os impactos da inteligência artificial?,twitter_algoritmo.md,115,"É interessante ressaltar que essa ética pautou o funcionamento das formas de se entender o que é internet desde o início de seu uso comercial. A própria internet, como  a  conhecemos  hoje,  foi  criada  a  partir  de  uma  ideia  técnica  fundamental,  a arquitetura aberta de redes (Martino, 2015, p. 82), ou seja, a escolha de uma tecnologia específica  da  rede  não  seria  ditada  pela  arquitetura  da  rede,  mas  poderia  antes  ser definida por um fornecedor, e em seguida essa rede poderia interligar-se a outras.",0.31632503867149353
Quais são os impactos da inteligência artificial?,twitter_algoritmo.md,117,"5   Essa  dinâmica  é  bastante  presente  nas school  hackings ,  onde,  principalmente  nos  EUA,  jovens programadores montam  casas em  que passam a trabalhar em softwares e compartilham conhecimentos de programação. Esse fenômeno passa a ganhar mais força com a crise universitária estadunidense, onde estudantes endividados com a universidade visualizam o school hacking como um caminho mais efetivo e imediato para a inserção no mercado de trabalho (Rossi, 2014).",0.28615960478782654
Quais são os impactos da inteligência artificial?,twitter_algoritmo.md,119,①,0.053915154188871384
Quais são os impactos da inteligência artificial?,twitter_algoritmo.md,121,"Para efetivar essa arquitetura aberta, sua execução deriva do desenvolvimento do hipertexto,  que  usa  o  sistema  de links .  Segundo  Martino (2015,  p.  87),  o  uso  dos hyperlinks representa uma  conexão entre informações que não é organizada hierarquicamente e de modo linear. Assim, um texto em hipertexto não tem margem nem define, em sua materialidade, uma totalidade, como fazem o livro e o jornal. Os limites da compreensão de uma informação são dados pela curiosidade do leitor. A forma  de  comunicação  também  sofre  um  impacto  econômico  significativo,  pois  os usuários, ao invés de comprar, doam as informações e bens para, no final, criar uma lógica pública. Como define Barbrook (2003, p. 152),",0.34463363885879517
Quais são os impactos da inteligência artificial?,twitter_algoritmo.md,123,"A constituição desse ethos (o compartilhamento de informações) tem amparo tecnológico na arquitetura das redes com base em protocolos iguais,  que  pressupõem  que  múltiplas  cópias  dos  documentos possam ser facilmente capturadas em toda rede. Cada um recebe da rede  muito  mais  do  que  fornece  ao  outro.  E,  acima  de  tudo,  doa tempo e ideias, e produz relação social.",0.3066975772380829
Quais são os impactos da inteligência artificial?,twitter_algoritmo.md,125,"Um exemplo da formação desse tipo  de  troca  de  dados  é  o  surgimento  e  a popularização do email. Criado em 1972 (Martino, 2015, p. 90), ele muda também a lógica de consumo das informações: instantâneo e assíncrono, o email dota o indivíduo da capacidade de enviar a mesma mensagem para várias pessoas, e também permite a criação de uma comunidade de interesses em comum, sem que a proximidade espacial e/ou a social fossem determinantes para reunir pessoas.",0.31055203080177307
Quais são os impactos da inteligência artificial?,twitter_algoritmo.md,127,"Malini  (2003,  p.  161)  tece  a  ideia  de  economia  da  doação,  onde  a  relação cooperativa de compartilhamento de arquivos gera uma comunidade que arquiva tudo e  todos  para  que  todos  acessem  tudo  e  todos.  Sem  essa  relação  cooperativa  entre usuários  não  há  produção  de  informação.  Por  se  caracterizar  pela  coletividade,  a produção de informação, segundo o autor, traz à tona o debate sobre a desinformação e sobre o direito à informação. Porém, esse debate não passa pela esfera jurídica, e sim pelo  que  é  público  no  interior  de  cada  informação.  A  partir  disso,  conclui-se  que  o debate por meio da troca de informações entre usuários da rede se torna um debate sobre o espaço público.",0.2508513033390045
Quais são os impactos da inteligência artificial?,twitter_algoritmo.md,129,"Neste primeiro momento,  havia um  certo otimismo  nos  movimentos posteriores à troca de mensagens por email. No início dos anos 2000, o termo peer-topeer (P2P) era utilizado para referenciar práticas em que os usuários de softwares de compartilhamento de dados piratas como o Napster 6  se comunicavam entre si sem a intermediação de nenhum agente (Malini, 2003, p. 163). Essa 'igualdade' de funções que diferenciava os usuários nas trocas P2P propiciou a ideia de que o debate público teria uma arena nova a ser regulada.",0.2348991483449936
Quais são os impactos da inteligência artificial?,twitter_algoritmo.md,131,"Se  não  há  intermediários,  como  pode  haver  um  controle  para  a  grande quantidade de dados veiculados entre usuários? Barbrook (2003) apresenta o conceito de  'ideologia  californiana'  para  demonstrar  como  as  dinâmicas  dos  primeiros programadores pautaram as novas formas de comunicação e informação. Segundo tal ideologia, os governos nacionais são incapazes de controlar o sistema de comunicações por computador. Em vez disso, indivíduos e empresas competirão para fornecer bens e serviços nos mercados online . Assim, o autor sugere que tal ideologia retoma o debate",0.33163273334503174
Quais são os impactos da inteligência artificial?,twitter_algoritmo.md,133,"6   Rede social do início dos anos 2000 que tinha como principal veiculação de informações a troca de arquivos mp3, considerada um grande marco da pirataria online .",0.16438081860542297
Quais são os impactos da inteligência artificial?,twitter_algoritmo.md,135,7,0.07034821808338165
Quais são os impactos da inteligência artificial?,twitter_algoritmo.md,137,①,0.053915154188871384
Quais são os impactos da inteligência artificial?,twitter_algoritmo.md,139,"do liberalismo  pós-revolução  norte-americana  (Barbrook,  2003,  p.  134):  um  mercado virtual de intercâmbio de mercadorias de informação, onde as instituições públicas só serão  necessárias  para  prover  'regras  do  jogo'  mínimas,  para  as  pessoas  poderem comercializar informação umas com as outras.",0.24851186573505402
Quais são os impactos da inteligência artificial?,twitter_algoritmo.md,141,"Essa retomada do liberalismo clássico é o mote do desenvolvimento posterior das regulações comerciais da internet e, por conseguinte, das redes sociais digitais. Com o advento das empresas .com no segmento P2P 7 , este método dá lugar ao formato payper-use ao invés da liberdade irrestrita de informações. Afinal, 'à diferença da censura política, os liberais acreditavam que a censura econômica era essencial para a liberdade da mídia' (Barbrook, 2003, p. 135). Esse mote estabelece que a propriedade intelectual na internet seria baseada nessa interpretação da Primeira Emenda da Constituição dos EUA, a liberdade irrestrita de expressão. Com a organização comercial tomando conta das  relações  'horizontais'  e  'públicas',  tem -se,  portanto,  um  resultado  híbrido  da noção de informação (Barbrook, 2003, p. 139) nas redes: como dádiva, ao estabelecer a diluição  de  fronteiras  e  ampla  participação  pela  economia  de  doação,  e  como mercadoria, ao estabelecer a lógica de que é a oferta que determina a demanda por informação (Barreto, 1995, p. 3).",0.2867017388343811
Quais são os impactos da inteligência artificial?,twitter_algoritmo.md,143,"Com essa concepção, conseguimos visualizar qual o argumento aqui proposto: que  a  internet  e  as  formas  de  comunicação  presentes  nessa  rede  dialogam  com  as premissas de liberdade comercial, borrando a ideia de liberdade de expressão.Tem-se, portanto, a ideia de que o espaço da internet remete ao debate público, mas possui como dinâmica  primordial  de  seu  funcionamento  a  regulação  comercial,  advinda  das próprias empresas, juntamente com um papel reduzido do Estado. A ética hacker , aliada ao rearranjo capitalista para as grandes plataformas digitais, estabelece em seu layout o favorecimento do que chamamos ultraliberalismo: a liberdade de expressão existindo como mercadoria de mídia estabelece a noção de participação dos usuários, deslocando o poder do Estado e concentrando as decisões das empresas de plataformas digitais nos algoritmos de veiculação de informações.",0.32586953043937683
Quais são os impactos da inteligência artificial?,twitter_algoritmo.md,145,"## 3 O caso do Twitter/X: moderação, desinformação e impacto na democracia",0.331834614276886
Quais são os impactos da inteligência artificial?,twitter_algoritmo.md,147,"Neste contexto no qual 'a internet tornou -se a principal arena de comunicação política'  (Cesarino,  2022,  p.  39 -40)  estamos  diante  deste  cenário  em  que  as  práticas democráticas se encontram sob risco, pois, como sugere a autora, a infraestrutura das novas mídias seria, em última instância, favorável à direita liberal, aos conspiracionismos e a forças antiestruturais (Cesarino, 2022, p. 70).",0.2893848419189453
Quais são os impactos da inteligência artificial?,twitter_algoritmo.md,149,"O aprimoramento da tecnologia algorítmica é relevante para a compreensão desta questão. De início, nos primórdios da web , os algoritmos serviam para classificação de reputação de sites (Cardon, 2015, p. 19); no entanto, novas necessidades levaram ao surgimento de novas famílias de algoritmos e, de acordo com Cardon, cada uma destas utilizava formas de classificação determinadas por valores específicos: a popularidade, a  autoridade,  a  reputação  ou  a  predição  (Cardon,  2015,  p.  16).  Resumidamente,  os algoritmos de popularidade eram os mais simples entre eles -como o ranqueamento de sites baseado no número de clicks recebidos -enquanto os de predição eram mais sofisticados,  por  alimentarem-se  de  dados  provenientes  de  técnicas  de Machine",0.43946394324302673
Quais são os impactos da inteligência artificial?,twitter_algoritmo.md,151,"7 Peer-to-peer , forma de comunicação direta entre dois usuários, trocando mensagens instantâneas.",0.19834744930267334
Quais são os impactos da inteligência artificial?,twitter_algoritmo.md,153,c,0.06889490783214569
Quais são os impactos da inteligência artificial?,twitter_algoritmo.md,155,①,0.05396334081888199
Quais são os impactos da inteligência artificial?,twitter_algoritmo.md,157,"Learning . Apesar de suas diferenças, há um elo unificador entre as diferentes formas de  cálculo  apresentadas  por  cada  uma  destas  famílias:  todas  são  alimentadas  por dados produzidos por usuários da web .",0.32987430691719055
Quais são os impactos da inteligência artificial?,twitter_algoritmo.md,159,"A partir deste quadro, a problemática da privacidade dos dados produzidos pelos usuários é pautada a partir da seguinte perspectiva: a consciência da ascensão do big  data como  a  forma  primordial  de  funcionamento  dos  algoritmos  conduz  à reflexão  de  que  métricas  sociais  importantes  são  realizadas  por  meio  de  cálculos protegidos por direitos de propriedade intelectual e inacessíveis ao público. Assim, segundo  Cardon  (2015),  estas  novas  técnicas  de  medição  de  comportamento  vêm suplantar os antigos modelos estatísticos -estes que, até a virada do século passado, representavam  a  principal  referência  para  a  compreensão  daquilo  que  se  pode denominar vagamente de 'opinião pública'. As estatísticas, nesse sentido, possuíam a  qualidade de serem 'abertas, acessíveis, e destinadas a um uso público garantido pelo Estado' (Cardon, 201 5, p. 45). Os algoritmos, por outro lado, pertencem a empresas que fazem dos dados de centenas de milhões de pessoas um uso mercadológico.",0.45446261763572693
Quais são os impactos da inteligência artificial?,twitter_algoritmo.md,161,"A falta de transparência dos mecanismos gerenciadores dos dados de usuários, assim como dos conteúdos da web , coloca-se como uma questão fundamental para a democracia  contemporânea  (Cardon,  2015,  p.  9).  Pois,  segundo  este  sociólogo,  a natureza dos algoritmos atuais carrega consigo consequências impactantes para além da interação virtual. A título de exemplo, a padronização é um fenômeno no qual a agência algorítmica pode ser observada: no momento em que o sujeito deixa de fazer uma  escolha  para  aderir  às  recomendações  de  um  determinado  serviço,  ele  está delegando sua vontade às escolhas realizadas previamente pelos algoritmos. Assim, 'uma quantidade considerável de escolhas práticas é feita por outros em nome das pessoas que desfrutam da comodidade de não precisar se dedicar a mil e uma decisões do  dia  a  dia'  (Cardon,  201 5,  p.  120).  A  escolha  de  não  escolher  tem  repercussões sociais  claras,  já  que  permite  a  reprodução  em  massa de determinados padrões de escolha. No plano do entretenimento, esta parece ser uma questão menor; no entanto, este fenômeno não se restringe a este domínio da vida social.",0.4666837751865387
Quais são os impactos da inteligência artificial?,twitter_algoritmo.md,163,"O  caso  Twitter/X  reflete  diversos  aspectos  citados  até  agora:  em  primeiro lugar,  a  atuação  constante  e  direta  de  agentes  políticos  confere  a  este  espaço  certa relevância  no  interior  da  opinião  pública;  e  uma  das  discussões  mais  destacáveis nesse ambiente é a noção de liberdade -interpretada como maximização irrestrita da liberdade de expressão -,  que  é  frequentemente contraposta à ideia de democracia institucional.",0.26776301860809326
Quais são os impactos da inteligência artificial?,twitter_algoritmo.md,165,"Assim, a aquisição do Twitter/X representa um  dos episódios mais emblemáticos  e  controversos  da  história  recente  das  redes  sociais.  Originalmente lançado em 2006 como uma plataforma para compartilhamento de micromensagens e interação em tempo real, o Twitter consolidou-se como uma importante ferramenta para a disseminação de informações e para o debate público global. Ao longo dos anos, o serviço evoluiu de um espaço meramente informativo para uma arena onde discursos políticos, culturais e sociais se confrontam, tornando-se um termômetro das dinâmicas comunicacionais contemporâneas.",0.2774858772754669
Quais são os impactos da inteligência artificial?,twitter_algoritmo.md,167,"A  compra  do  Twitter  por  Elon  Musk  ocorreu  em  um  contexto  de  grande polarização política e social, em que as redes sociais se tornaram palco central para a expressão de divergências e para a mobilização de diferentes grupos. A promessa de uma  suposta  maior  liberdade  de  expressão,  defendida  pelo  novo  proprietário,  foi",0.22578440606594086
Quais são os impactos da inteligência artificial?,twitter_algoritmo.md,169,<!-- image -->,0.05314694717526436
Quais são os impactos da inteligência artificial?,twitter_algoritmo.md,171,9,0.054567016661167145
Quais são os impactos da inteligência artificial?,twitter_algoritmo.md,173,acompanhada por preocupações acerca de uma eventual flexibilização das políticas de moderação -medidas que poderiam favorecer a proliferação de discursos de ódio e desinformação.,0.3044143319129944
Quais são os impactos da inteligência artificial?,twitter_algoritmo.md,175,"A transição de gestão no Twitter/X evidenciou uma reconfiguração profunda das  políticas  de  moderação  e  da  governança  interna  da  plataforma.  Como  afirma Cardon (2019, tradução nossa) , 'os algoritmos não são neutros. Eles contêm uma visão da sociedade que lhes foi dada por aqueles que os programam -e  por  aqueles  que pagam aqueles que os programam' . Desta forma, eles são instrumentos de poder que determinam quais vozes serão amplificadas e quais serão silenciadas.",0.3611646890640259
Quais são os impactos da inteligência artificial?,twitter_algoritmo.md,177,"Além disso, a reconfiguração das diretrizes de moderação deve ser entendida dentro do contexto do 'capitalismo de vigilância', onde a coleta e análise massiva de dados permitem não apenas a personalização dos conteúdos, mas também a manipulação das interações dos usuários para maximizar receitas publicitárias. Segundo Shoshana Zuboff (2020), 'o capitalismo de vigilância reivindica de maneira unilateral a experiência humana como matériaprima gratuita para a tradução em dados comportamentais'. Essa  dinâmica  demonstra  que  a  moderação  de  conteúdo  vai  além  da  proteção  dos usuários -ela se torna também uma ferramenta para a exploração comercial dos dados dos usuários, direcionando as estratégias de monetização da plataforma. Nesse cenário, a redução dos filtros e a maior dependência de métricas quantitativas representam uma aposta no modelo de engajamento, mas que, ao mesmo tempo, fragiliza os mecanismos de proteção contra abusos e discursos de ódio.",0.3842136561870575
Quais são os impactos da inteligência artificial?,twitter_algoritmo.md,179,"Em síntese, a reconfiguração das diretrizes de moderação no Twitter/X reflete um  reposicionamento  ideológico  que,  sob  o  pretexto  de  promover  a  liberdade  de expressão,  acaba  por  intensificar  os  riscos  associados  à  propagação  de  conteúdo polarizador.  Essa  mu dança  está  em  consonância  com  a  ideia  de  que  'pressões  de natureza competitiva provocaram  a  mudança,  na  qual processos  de  máquina automatizados  não  só conhecem nosso  comportamento,  como  também moldam nosso comportamento  em  escala'  (Zuboff,  2020 ,  p.  19).  A  partir  disso,  torna-se  relevante ressaltar que neste contexto a ausência de uma intervenção humana crítica permite que discursos  prejudiciais  ganhem  espaço.  A  transformação  do  modelo  de  moderação, portanto, não só altera o equilíbrio entre liberdade e segurança, mas também insere a plataforma  em  um  contexto  de  intensificação  da  polarização  e  do  capitalismo  de vigilância -fatores que, em conjunto, comprometem a integridade do debate público e a proteção dos usuários.",0.3856410086154938
Quais são os impactos da inteligência artificial?,twitter_algoritmo.md,181,## 4 Dados sobre o Twitter e análises bibliométricas,0.28342241048812866
Quais são os impactos da inteligência artificial?,twitter_algoritmo.md,183,"A  metodologia  adotada  neste  capítulo  articula  procedimentos  de  coleta, tratamento,  análise  estatística  e  mineração  de  texto  para  mapear  a  evolução  da produção  acadêmica  sobre  Twitter/X  e  aferir  sua  legitimação  como  espaço  público digital. Em virtude da complexidade dos dados e das múltiplas fontes, cada etapa foi desenhada para assegurar rigor, transparência e reprodutibilidade.",0.27886298298835754
Quais são os impactos da inteligência artificial?,twitter_algoritmo.md,185,## 4.1 Seleção e integração de fontes,0.2461819052696228
Quais são os impactos da inteligência artificial?,twitter_algoritmo.md,187,"Inicialmente, conduzimos buscas exaustivas em três repositórios eletrônicos e uma ferramenta de indexação acadêmica: OpenAlex, Crossref Metadata API e SciELO ArticleMeta  API,  além  do  software  Publish  or  Perish  (Harzing,  2007).  Nas  APIs, utilizou-se paginação via cursor -capaz de retornar centenas de milhares de registros sem incursões manuais -,  garantindo cobertura completa de ocorrências do primeiro termo 'twitter' em campos `title` ou `abstract`. Para a SciELO, adotamos parsing em lote dos  arquivos  XML,  extraindo  `&lt;article-meta&gt;`  e  componentes  de  `&lt;article-title&gt;`, `&lt;abstract&gt;` e metadados associados (ISSN, DOI, palavras-chave). A combinação dessas quatro fontes resultou num acervo inicial de 54.154 registros, incluindo trabalhos em inglês e português.",0.30462947487831116
Quais são os impactos da inteligência artificial?,twitter_algoritmo.md,189,<!-- image -->,0.05314694717526436
Quais são os impactos da inteligência artificial?,twitter_algoritmo.md,191,"## 4.2 Processamento, normalização e deduplicação",0.2654847800731659
Quais são os impactos da inteligência artificial?,twitter_algoritmo.md,193,"O corpo  de  dados  foi  consolidado  em  um  DataFrame  unificado  via  pacote Pandas  na  linguagem  Python,  e  submetido  a  rotinas  de  limpeza:  remoção  de acentuação (unidecode), converter string para minúsculas, eliminar caracteres especiais e espaços redundantes. Para evitar duplicidades, empregamos chaves compostas por DOI e versão normalizada de título (remoção de pontuação e espaços, padronização Unicode),  conforme  método  descrito  em  Garfield  (1955)  e  Zhao et  al .  (2018).  Em seguida,  estruturamos  o dataset segundo  o  padrão  CSV  de  Publish  or  Perish, contemplando 26 variáveis principais (p. ex., `Cites`, `Authors`, `Title`, `Year`, `Source`, `Publisher`,  `Abstract`,  `DOI`,  `ISSN`)  e  três  derivadas -`Age`  (2025  -  Year), `CitesPerYear`, `CitesPerAuthor` -garantindo que as métricas bibliométricas fundamentais estivessem prontas para análise. Valores nulos foram preenchidos com `None` para manter compatibilidade com metodologias de imputação futura.",0.2402351349592209
Quais são os impactos da inteligência artificial?,twitter_algoritmo.md,195,## 4.3 Delimitação temporal e abrangência linguística,0.2594429850578308
Quais são os impactos da inteligência artificial?,twitter_algoritmo.md,197,"Para garantir coerência temporal com o surgimento e maturidade do Twitter, filtramos registros de 2006 (ano de lançamento) a 2025 (última indexação disponível). Ao  contrário  de  outras  pesquisas  que  restringem  por  idioma,  optamos  por  manter artigos  em  inglês  e  português,  o  que  permite  comparar  percepções  regionais  e internacionais. Essa decisão abrange estudos de contextos diversos -desde investigações de e-learning em  países  lusófonos  até  análises  de  campanha  política  nos  EUA -e preserva a representatividade global do fenômeno.",0.28961822390556335
Quais são os impactos da inteligência artificial?,twitter_algoritmo.md,199,## 4.4 Identificação de referências ao espaço público,0.19084185361862183
Quais são os impactos da inteligência artificial?,twitter_algoritmo.md,201,"A  hipótese  central  requer  mensurar  a  frequência  com  que  pesquisadores descrevem o Twitter/X como arena de deliberação pública. Para tanto, selecionamos quatro  expressõeschave:  'espaço  público',  'public  sphere',  'arena  de  debate'  e 'opinião pública' (Feldman ; Sanger, 2007; Jurafsky; Martin, 2020). Implementamos em Python uma função de busca baseada em expressões regulares com delimitadores finegrained (`\b...\b`), aplicada de forma iterativa aos campos `Title` e `Abstract` de cada registro. Quando um termo era detectado, a variável binária `mentions\_public` recebia valor 1, indicando correspondência confiável; caso contrário, recebia 0. Esse método garante  objetividade  e  evita  enviesamentos  manuais,  ao  mesmo  tempo  que  facilita auditoria posterior do código-fonte.",0.30783939361572266
Quais são os impactos da inteligência artificial?,twitter_algoritmo.md,203,<!-- image -->,0.05314694717526436
Quais são os impactos da inteligência artificial?,twitter_algoritmo.md,205,11,0.04845503345131874
Quais são os impactos da inteligência artificial?,twitter_algoritmo.md,207,## 4.5 Séries temporais e cálculo de proporções,0.21173998713493347
Quais são os impactos da inteligência artificial?,twitter_algoritmo.md,209,"Com  a  sinalização  de  menções  a  espaço  público,  agrupamos  o corpus por `Year` para derivar duas séries temporais: N ₜ (quantidade total de publicações em cada ano) e M ₜ (quantidade de publicações com `mentions\_public = 1`). A proporção anual P ₜ = (M ₜ / N ₜ ) × 100% foi então calculada para oferecer perspectiva relativa. Plotamos as  séries  N ₜ (Figura  1)  e  P ₜ (Figura  2),  utilizando  o  pacote  `matplotlib`  com configurações de alta legibilidade -fonte sem serifa, grid sutil e exportação a 300 dpi -conforme recomendações de Tufte (2001) e Cleveland (1994). Os gráficos destacam o crescimento inicial, estabilização e queda no volume de publicações relacionadas à plataforma digital.",0.21707794070243835
Quais são os impactos da inteligência artificial?,twitter_algoritmo.md,211,<!-- image -->,0.05314694717526436
Quais são os impactos da inteligência artificial?,twitter_algoritmo.md,213,Fonte,0.1727152168750763
Quais são os impactos da inteligência artificial?,twitter_algoritmo.md,215,: Elaboração própria,0.19152209162712097
Quais são os impactos da inteligência artificial?,twitter_algoritmo.md,217,<!-- image -->,0.05314694717526436
Quais são os impactos da inteligência artificial?,twitter_algoritmo.md,219,<!-- image -->,0.05314694717526436
Quais são os impactos da inteligência artificial?,twitter_algoritmo.md,221,Fonte,0.1727152168750763
Quais são os impactos da inteligência artificial?,twitter_algoritmo.md,223,: Elaboração própria,0.19152209162712097
Quais são os impactos da inteligência artificial?,twitter_algoritmo.md,225,## 4.6 Análise de intervenção em séries temporais,0.29968520998954773
Quais são os impactos da inteligência artificial?,twitter_algoritmo.md,227,"Para investigar o impacto específico da aquisição do Twitter por Elon Musk (outubro/2022), adotamos o método de séries temporais interrompidas (ITS) descrito em Bernal, Cummins e Gasparrini (2017). Empregamos um modelo de regressão linear generalizada  por  mínimos  quadrados  ordinários,  tomando  o  logaritmo  de  N ₜ como variável dependente e incluindo três covariáveis: `Time` (anos decorridos desde 2006), `Post2022` (indicador binário 0/1) e a interação `Time×Post2022`. A equação estimada foi:",0.3263325095176697
Quais são os impactos da inteligência artificial?,twitter_algoritmo.md,229,"Esse framework permite  decompor  efeitos  imediatos  (β₂)  e  mudanças  de tendência (β₃) associados à intervenção de 2022. Os coeficientes foram avaliados por Wald test (α = 0,05). A Figura 3 exibe a comparação entre dados observados e valores ajustados, enquanto a Figura 4 apresenta gráfico de resíduos versus valores preditos, atestando adequação diagnóstica.",0.280020147562027
Quais são os impactos da inteligência artificial?,twitter_algoritmo.md,231,<!-- image -->,0.05314694717526436
Quais são os impactos da inteligência artificial?,twitter_algoritmo.md,233,Fonte : Elaboração própria,0.19304895401000977
Quais são os impactos da inteligência artificial?,twitter_algoritmo.md,235,<!-- image -->,0.05314694717526436
Quais são os impactos da inteligência artificial?,twitter_algoritmo.md,237,Fonte : Elaboração própria,0.19304895401000977
Quais são os impactos da inteligência artificial?,twitter_algoritmo.md,239,<!-- image -->,0.05314694717526436
Quais são os impactos da inteligência artificial?,twitter_algoritmo.md,241,13,0.013013733550906181
Quais são os impactos da inteligência artificial?,twitter_algoritmo.md,243,## 4.7 Classificação por área do conhecimento,0.2783467471599579
Quais são os impactos da inteligência artificial?,twitter_algoritmo.md,245,"Por fim, mapeamos cada registro a uma categoria temática usando um dicionário refinado  de  palavras-chave,  contemplando  13  áreas:  Comunicação,  Ciências  Sociais, Política, Saúde, Tecnologia da Informação, Economia, Psicologia, Direito, Meio Ambiente, Educação, Marketing, Segurança e Humanidades. A distribuição resultante (Figura 5) e a  proporção  de  menções  a  espaço  público  em  cada  área  (Figura  6)  revelam  maior densidade de debate público nos domínios de Direito, Comunicação e Ciências Sociais.",0.30267253518104553
Quais são os impactos da inteligência artificial?,twitter_algoritmo.md,247,Figura 5 -Distribuição refinada de artigos por área do conhecimento,0.2639114558696747
Quais são os impactos da inteligência artificial?,twitter_algoritmo.md,249,<!-- image -->,0.05314694717526436
Quais são os impactos da inteligência artificial?,twitter_algoritmo.md,251,Fonte,0.1727152168750763
Quais são os impactos da inteligência artificial?,twitter_algoritmo.md,253,: Elaboração própria,0.19152209162712097
Quais são os impactos da inteligência artificial?,twitter_algoritmo.md,255,Figura 6 -Proporção de menções a 'espaço público' por área refinada,0.1832987368106842
Quais são os impactos da inteligência artificial?,twitter_algoritmo.md,257,<!-- image -->,0.05308298021554947
Quais são os impactos da inteligência artificial?,twitter_algoritmo.md,259,Fonte,0.1727152168750763
Quais são os impactos da inteligência artificial?,twitter_algoritmo.md,261,: Elaboração própria,0.19152209162712097
Quais são os impactos da inteligência artificial?,twitter_algoritmo.md,263,<!-- image -->,0.05308298021554947
Quais são os impactos da inteligência artificial?,twitter_algoritmo.md,265,A combinação desses procedimentos -bibliométricos e estatísticos -fornece base robusta e replicável para sustentar a análise teórica subsequente sobre o caráter político e ultraliberal das práticas digitais no Twitter/X.,0.32037654519081116
Quais são os impactos da inteligência artificial?,twitter_algoritmo.md,267,## Considerações finais,0.26417553424835205
Quais são os impactos da inteligência artificial?,twitter_algoritmo.md,269,"Com este breve debate teórico-analítico, pretendemos contribuir para pesquisas posteriores que visem analisar as relações presentes nos movimentos digitais que se organizam politicamente. A partir das dinâmicas aqui analisadas, podemos visualizar um panorama agudo de institucionalização da ética ultraliberal, que, derivada da ética hacker , transforma a noção de informação na categoria de 'qualquer dado que possa ser digitalizado'.  Os  algoritmos,  processo  racionalizante  central  para  o desenvolvimento dessa forma de economia, estabelecem em sua dinâmica o borramento entre o público e o privado em sua totalidade: de um lado, as big techs controlam e dominam o espaço em  que  as  impressões  dos  usuários,  bem  como  suas  informações  pessoais,  são registradas e influenciam os algoritmos, e, de outro, o público de consumidores tende a naturalizar a utilização dessas redes como arena política de disputa de narrativas. O layout do Twitter/X, principalmente, favorece essa impressão.",0.3914881646633148
Quais são os impactos da inteligência artificial?,twitter_algoritmo.md,271,"O  espaço  digital  das  redes  sociais  estabelece  alguns  paradoxos  iluministas: ama-se a liberdade, mas odeia-se a democracia 8 . Visualizamos, portanto, um borramento dos conceitos de público/privado e de liberdade/democracia decorrente da digitalização algorítmica como forma de comunicação hegemônica no Ocidente.",0.2975279688835144
Quais são os impactos da inteligência artificial?,twitter_algoritmo.md,273,"Sua  estrutura  funcional  consolidou-se  na  lógica  da  propriedade  privada, articulada  a  algoritmos  e  a  uma  ética  ultraliberal -um  discurso  derivado  da  ética hacker,  formulada  nos  primórdios  da linguagem algorítmica  como  um princípio  de 'liberdade da informação' e uma premissa cooperativista de 'economia da doação'. Com a entrada  dos  conglomerados  comerciais  de  mídia  e  o  uso  massivo  das  redes sociais digitais, essa ética hacker, oriunda da chamada ideologia californiana (Barbrook, 2003), tornou-se a base do ultraliberalismo que estrutura os discursos e as formas de engajamento dos usuários -inclusive o tom predominante entre políticos com milhões de seguidores na plataforma X e seu próprio proprietário.",0.32342928647994995
Quais são os impactos da inteligência artificial?,twitter_algoritmo.md,275,"A ética hacker fornece a hipótese de que o próprio funcionamento da computação reitera a lógica de que informação é qualquer dado que possa ser digitalizado. Vê-se, então, que no espaço das redes sociais, a partir dessa ética, as disputas concentram-se nas múltiplas narrativas, deslocando o poder do discurso a todo tempo, alimentando a forma  das  redes  sociais  como  uma  arena  de  disputa.  Seus  princípios  não  estão estabelecidos no ato de informar, e sim no engajamento.",0.3502120077610016
Quais são os impactos da inteligência artificial?,twitter_algoritmo.md,277,"Isso aprofundou-se com a compra do Twitter por Elon Musk. Estabelecemos esse marco como ponto de análise, pois ele fornece um panorama de como os impactos do ultraliberalismo reivindicam os espaços privados como arenas legítimas do debate público. As afirmações de Musk, digitalizadas em sua própria rede, bem como as de outras  personalidades  públicas,  carregam  a  ideia  de  um  acesso  mais  'direto'  às questões políticas pelos usuários. Na época da compra da rede, noticiava-se a demissão massiva  de  7  mil  funcionários  em  tempo  real,  ao  mesmo  tempo  que  os  usuários procuravam um outro aplicativo com a mesma dinâmica em seu layout para migrarem.",0.35402941703796387
Quais são os impactos da inteligência artificial?,twitter_algoritmo.md,279,"8 'Online, seja de direita ou esquerda, o embate tende a se dar em um tribunal cujos termos, longe do direito, tendem ao julgamento moral' ( Miskolci, 2017, p. 1).",0.23704659938812256
Quais são os impactos da inteligência artificial?,twitter_algoritmo.md,281,<!-- image -->,0.05314694717526436
Quais são os impactos da inteligência artificial?,twitter_algoritmo.md,283,15,0.0018801377154886723
Quais são os impactos da inteligência artificial?,twitter_algoritmo.md,285,"Posteriormente, os usuários brasileiros de fato migraram temporariamente para outras redes  similares  (Bluesky  e  Threads,  por  exemplo),  pelo  fato  do  comportamento ultraliberal de Musk acarretar sanções jurídicas para o funcionamento do Twitter no Brasil, que constituía a base do argumento do ministro Alexandre de Moraes de que seu comportamento e a rede social X incentivavam discursos extremistas e antidemocráticos (Tavares, 2024). Ainda, em virtude da retirada de qualquer representação jurídica da rede no país, o ministro determinou a suspensão da rede, que durou cerca de 40 dias.",0.23372405767440796
Quais são os impactos da inteligência artificial?,twitter_algoritmo.md,287,"Os dados aqui expostos também demonstram como o perfil dos usuários de Twitter/X foi se alinhando a um perfil de cidadãos conservadores a partir da venda da rede.  Com  o  arrefecimento  de  um  possível  'fim  do T witter',  o  que  causou  um engajamento considerável sobre tal assunto, novas diretrizes passaram a fazer parte da rede sem que a dinâmica de seu funcionamento apresentasse mudança significativa. Essa noção ultra-liberal conservadora, cristalizada com a venda da rede social, entretanto, foi utilizada até o momento para instaurar crises e concretizar o avanço de perfis de extrema-direita ao redor do mundo.",0.24831968545913696
Quais são os impactos da inteligência artificial?,twitter_algoritmo.md,289,"Neste  aspecto  observamos  como  o  borramento  dos  conceitos  de  liberdade/ democracia  coexiste  neste  espaço.  Com  a  naturalização  do  uso  das  mídias  sociais digitais  e  a  participação  maciça  de  usuários  em  uma  rede  social,  as  pautas  da informação criam as mais diversas narrativas sobre um fato.",0.28274229168891907
Quais são os impactos da inteligência artificial?,twitter_algoritmo.md,291,"Dessa  forma,  o  borramento  da  noção  de  informação  impacta  diretamente  a participação política de diversos grupos que, orientados por narrativas supostamente baseadas em dados históricos inexistentes, passam a consumir e reproduzir discursos dotados  de  um  caráter  pedagógico  e  mobilizador,  semelhantes  às  dinâmicas  dos movimentos sociais, entendidos como fontes de inovação e de produção de saberes (GOHN, 2011, p. 333). Mesmo que atuem à margem das institucionalidades, as suas reivindicações -que vão de tentativas de golpe de Estado à disseminação de notícias falsas -evidenciam como o comportamento digital engendra uma modalidade de ação coletiva sociopolítica e cultural, capaz de articular práticas online e offline na expressão de demandas e identidades políticas. Quando confrontados por outros usuários ou pela justiça, esses grupos recorrem ao direito de liberdade de expressão, princípio garantido pelas próprias plataformas e reiterado pelos seus proprietários.",0.3496234118938446
Quais são os impactos da inteligência artificial?,twitter_algoritmo.md,293,"Tais desdobramentos levam a uma crise das noções de liberdade virtual e da democracia institucional, onde a arena de disputa se intensifica nas redes sociais a cada nova  notícia  sobre  a  aliança  entre  empresários  de  mídias  digitais  e  presidentes, tornando-se pauta também nas casas legislativas e cortes.",0.37600576877593994
Quais são os impactos da inteligência artificial?,twitter_algoritmo.md,295,## Referências,0.24978011846542358
Quais são os impactos da inteligência artificial?,twitter_algoritmo.md,297,"BARBROOK, Richard. A regulamentação da liberdade: liberdade de expressão, liberdade de comércio e liberdade de dádiva na rede. In : COCCO, Giuseppe; GALVÃO, Alexander Patez; SILVA, Gerardo (org.). Capitalismo cognitivo : trabalho, redes e inovação. Rio de Janeiro: DP&amp;A Editora, 2003. p. 133-150.",0.22552716732025146
Quais são os impactos da inteligência artificial?,twitter_algoritmo.md,299,"BARRETO, A. A oferta e a demanda da informação: condições técnicas, econômicas e políticas. Revista Ciência da Informação . Brasília: IBICT, vol. 28, n. 2. 1995.",0.30026161670684814
Quais são os impactos da inteligência artificial?,twitter_algoritmo.md,301,"BERNAL, James Lopez; CUMMINS, Steven; GASPARRINI, Antonio. Interrupted time series regression for the evaluation of public health interventions: a tutorial. International Journal of Epidemiology , v. 46, n. 1, p. 348 -355, 2017. DOI: 10.1093/ije/dyw098.",0.12848040461540222
Quais são os impactos da inteligência artificial?,twitter_algoritmo.md,303,①,0.053915154188871384
Quais são os impactos da inteligência artificial?,twitter_algoritmo.md,305,"CARDON, Dominique. À quoi rêvent les algorithmes : Nos vies à l'heure des big data. Paris: Éditions du Seuil, 2015.",0.24520887434482574
Quais são os impactos da inteligência artificial?,twitter_algoritmo.md,307,"CARDON, Dominique. Culture numérique . Paris: Presses de Science-Po, 2019.",0.11181653290987015
Quais são os impactos da inteligência artificial?,twitter_algoritmo.md,309,"CASTELLS, Manuel. A sociedade em rede . São Paulo: Paz e Terra, 1999.",0.22620436549186707
Quais são os impactos da inteligência artificial?,twitter_algoritmo.md,311,"CASTELLS, Manuel. Redes de indignação e esperança . 2. ed. Rio de Janeiro: Zahar, 2013.",0.18493318557739258
Quais são os impactos da inteligência artificial?,twitter_algoritmo.md,313,"CESARINO, Letícia. O mundo do avesso : verdade política na era digital. São Paulo: Editora Ubu, 2022.",0.24826699495315552
Quais são os impactos da inteligência artificial?,twitter_algoritmo.md,315,"CHUN,  Wendy  Hui  Kyong. Discriminating  data :  correlation,  neighborhoods,  and  the  new politics of recognition. Cambridge: MIT Press, 2021.",0.07251378893852234
Quais são os impactos da inteligência artificial?,twitter_algoritmo.md,317,"CLEVELAND, W. S. The Elements of Graphing Data . New Jersey: Hobart Press, 1994.",-0.012505809776484966
Quais são os impactos da inteligência artificial?,twitter_algoritmo.md,319,"FELDMAN, Ronen;  SANGER,  James. The  Text  Mining  Handbook :  Advanced  Approaches  in Analyzing Unstructured Data. Cambridge: Cambridge University Press, 2007.",0.13082276284694672
Quais são os impactos da inteligência artificial?,twitter_algoritmo.md,321,"GARFIELD, Eugene. Citation indexes for science: a new dimension in documentation through association of ideas. Science , v. 122, n. 3159, p. 108-111, 1955. DOI: 10.1126/science.122.3159.108.",0.12212466448545456
Quais são os impactos da inteligência artificial?,twitter_algoritmo.md,323,"GOHN, Maria da Glória. Movimentos Sociais na Contemporaneidade. Revista Brasileira de Educação , v. 16, n. 17. p. 333-361, 2011. Disponível em: https://www.scielo.br/j/rbedu/a/vXJKXcs7cybL3YNbDCkCRVp/?format=pdf&amp;lang=pt. Acesso em 22 out. 2025.",0.20441600680351257
Quais são os impactos da inteligência artificial?,twitter_algoritmo.md,325,"HABERMAS, Jürgen. Espaço Público: 30 anos depois. Prefácio de 1990. In : HABERMAS, J. Mudança estrutural da esfera pública . São Paulo: Editora Unesp, 2014. p. 35-87. Disponível em: https://doceru.com/doc/s5vvvve. Acesso em 22 out. 2025.",0.1895293891429901
Quais são os impactos da inteligência artificial?,twitter_algoritmo.md,327,"HABERMAS, Jürgen. Uma nova mudança estrutural da esfera pública e as condições da política deliberativa . Tradução de Denilson Luís Werle. São Paulo: Unesp, 2023.",0.2348727285861969
Quais são os impactos da inteligência artificial?,twitter_algoritmo.md,329,"HELMOND, Anne. A plataformização da web. In : OMENA, Janna Joceli (org.). Métodos digitais : teoria-prática-crítica. Lisboa: ICNOVA, 2019. p. 49-72.",0.24111144244670868
Quais são os impactos da inteligência artificial?,twitter_algoritmo.md,331,"JURAFSKY,  Daniel;  MARTIN,  James  H. Speech  and  Language  Processing :  An  Introduction  to Natural  Language  Processing,  Computational  Linguistics,  and  Speech  Recognition,  with Language Models. 3rd ed., draft online, 2025. Stanford University. Disponível em: https://web.stanford.edu/~jurafsky/slp3/ed3book\_aug25.pdf. Acessoe m 22 out. 2025.",0.27790674567222595
Quais são os impactos da inteligência artificial?,twitter_algoritmo.md,333,"LÉVY, Pierre. Cibercultura. 3. ed. São Paulo: Editora 34, 1999.",0.18300266563892365
Quais são os impactos da inteligência artificial?,twitter_algoritmo.md,335,"MALINI, Fábio. A informação como arma política: do confinamento ao descontrole. In : COCCO, Giuseppe; GALVÃO, Alexander Patez; SILVA, Gerardo (org.). Capitalismo cognitivo : trabalho, redes e inovação. Rio de Janeiro: DP&amp;A Editora, 2003. p. 151-191.",0.29482585191726685
Quais são os impactos da inteligência artificial?,twitter_algoritmo.md,337,"MARTINO, Luis Mauro Sá. Teoria das mídias digitais : linguagens, ambientes e redes. Petrópolis: Vozes, 2015.",0.26556020975112915
Quais são os impactos da inteligência artificial?,twitter_algoritmo.md,339,"MISKOLCI, Richard. Notas sobre o microfascismo nas redes sociais. Cult UOL , São Paulo, 3 mar. 2017. Disponível em: https://revistacult.uol.com.br/home/redes-de-ressentimento-notassobre-o-microfascismo-nas-redes-sociais/. Acesso em: 29 mar. 2024.",0.24253739416599274
Quais são os impactos da inteligência artificial?,twitter_algoritmo.md,341,"O'REILLY, Tim. What is Web 2.0. United States: O'Reilly, 30 set. 2005. Disponível em: https://www.oreilly.com/pub/a/web2/archive/what-is-web-20.html?page=1. Acesso em: 13 de março de 2025.",0.23451988399028778
Quais são os impactos da inteligência artificial?,twitter_algoritmo.md,343,"ROSSI, Andrew. Torre de marfim (Ivory Tower). Noruega: Documentário, 2014.",0.15293949842453003
Quais são os impactos da inteligência artificial?,twitter_algoritmo.md,345,"TAVARES, Vitor. Moraes determina bloqueio do X no Brasil após Elon Musk descumprir decisão judicial. BBC News Brasil, São Paulo, 30 ago. 2024. Disponível em: https://www.bbc.com/portuguese/articles/c4gz28359d4o. Acesso em: 29 mar. 2025.",0.2878279387950897
Quais são os impactos da inteligência artificial?,twitter_algoritmo.md,347,"TUFTE, E. R. The Visual Display of Quantitative Information . Cheshire, CT: Graphics Press, 2001.",0.08327571302652359
Quais são os impactos da inteligência artificial?,twitter_algoritmo.md,349,"VAN DIJCK, José. La cultura de la conectividad : una historia crítica de las redes sociales. Buenos Aires: Editora Siglo Veintiuno, 2016.",0.12268121540546417
Quais são os impactos da inteligência artificial?,twitter_algoritmo.md,351,"VAZ, Paulo. Cronologia da internet. Revista Lugar Comum , Rio de Janeiro, n. 13-14, p. 81-89, 2002.",0.2447122484445572
Quais são os impactos da inteligência artificial?,twitter_algoritmo.md,353,<!-- image -->,0.05308298021554947
Quais são os impactos da inteligência artificial?,twitter_algoritmo.md,355,17,-0.01969391107559204
Quais são os impactos da inteligência artificial?,twitter_algoritmo.md,357,"ZHAO, Dangzhi; STROTMANN, Andreas. Analysis and Visualization of Citation Networks . San Rafael, CA: Morgan &amp; Claypool, 2015.",0.1246245950460434
Quais são os impactos da inteligência artificial?,twitter_algoritmo.md,359,"ZUBOFF, Shoshana. A era do capitalismo de vigilância : a luta por um futuro humano na nova fronteira do poder. Rio de Janeiro: Intrínseca, 2020. Ebook .",0.27363479137420654
Quais são os impactos da inteligência artificial?,twitter_algoritmo.md,361,"Declaração de Coautoria: Ettore Schimid Batalha declara ter sido responsável 'pelo debate teórico  dos  conceitos  de  espaço público,  indústria cultural  e  ética  hacker, desenvolvidos  ao  longo  da  seção  1  do  artigo',  bem  como  perlas  considerações finais. Jefferson Ribeiro da Silva afir ma ter colaborado para o 'Desenvolvimento teórico da seção 1'; e Bruno Daniel Vendruscolo Velasquez sustenta ter contribuído para o artigo com o 'levantamento de dados empíricos e revisão textual.'",0.2763122022151947
Quais são os impactos da inteligência artificial?,twitter_algoritmo.md,363,## *Minicurrículo das Autorias:,0.2144271731376648
Quais são os impactos da inteligência artificial?,twitter_algoritmo.md,365,Ettore  Schimid  Batalha. Mestre  em  Sociologia  (2018).  Doutorando  em  Sociologia  pela Universidade Federal de São Carlos. Pesquisa financiada pela CAPES  (Processo nº 88887.674096/2022-00). E-mail: ettorebatalha@gmail.com,0.21037134528160095
Quais são os impactos da inteligência artificial?,twitter_algoritmo.md,367,Jefferson Ribeiro da Silva . Licenciado em Letras (2022) e Bacharel em Ciências Sociais (2014). Mestrando em Educação pela Universidade Federal de Mato Grosso do Sul. Pesquisa financiada pela CAPES (Processo nº 88887.161204/2025).  E-mail: jefferson.silva@ufms.br,0.21444357931613922
Quais são os impactos da inteligência artificial?,twitter_algoritmo.md,369,Bruno  Daniel  Vendruscolo  Espinosa  Velásquez .  Bacharel  em  Ciências  Sociais  (2012). Mestrando junto ao Programa de Pós-Graduação em Modelagem de Sistemas Complexos da Universidade de São Paulo. E-mail: velasquez.bruno@gmail.com.,0.15773843228816986
Quais são os impactos da inteligência artificial?,twitter_algoritmo.md,371,<!-- image -->,0.05314694717526436
Quais são os impactos da inteligência artificial?,twitter_algoritmo.md,373,<!-- image -->,0.05308175086975098
Quais são os impactos da inteligência artificial?,twitter_algoritmo.md,375,", Parecer 1;",0.14953090250492096
Quais são os impactos da inteligência artificial?,twitter_algoritmo.md,377,Avaliadora 1: Thatiane Faria Oliveira Moreira,0.23802927136421204
Quais são os impactos da inteligência artificial?,twitter_algoritmo.md,379,<!-- image -->,0.05314694717526436
Quais são os impactos da inteligência artificial?,twitter_algoritmo.md,381,Editores de Seção: Pedro Henrique Vasques ;,0.17804552614688873
Quais são os impactos da inteligência artificial?,twitter_algoritmo.md,383,Lucas Baptista .,0.13361597061157227
Quais são os impactos da inteligência artificial?,twitter_algoritmo.md,385,<!-- image -->,0.05314694717526436
Quais são os impactos da inteligência artificial?,twitter_algoritmo.md,387,## Declaração de Disponibilidade de Dados,0.22936668992042542
Quais são os impactos da inteligência artificial?,twitter_algoritmo.md,389,Os dados de pesquisa só estão disponíveis mediante solicitação.,0.18153433501720428
Quais são os impactos da inteligência artificial?,twitter_algoritmo.md,391,<!-- image -->,0.05314694717526436
Quais são os impactos da inteligência artificial?,escrita_academica_ia.md,1,"## Escrita acadêmica ética, responsável e humana com inteligência artificial",0.5491280555725098
Quais são os impactos da inteligência artificial?,escrita_academica_ia.md,3,<!-- image -->,0.05308298021554947
Quais são os impactos da inteligência artificial?,escrita_academica_ia.md,5,Rafael Cardoso Sampaio,0.16573116183280945
Quais são os impactos da inteligência artificial?,escrita_academica_ia.md,7,## I ✉,0.049321480095386505
Quais são os impactos da inteligência artificial?,escrita_academica_ia.md,9,"I Programa Pós-Graduação em Ciência Política, Universidade Federal do Paraná, Curitiba, PR, Brasil.",0.18436674773693085
Quais são os impactos da inteligência artificial?,escrita_academica_ia.md,11,"Palavras-chave: escrita acadêmica, integridade científica, Inteligência Artificial Generativa, autoria, revisão narrativa.",0.4589264690876007
Quais são os impactos da inteligência artificial?,escrita_academica_ia.md,13,"RESUMO Introdução: A rápida disseminação da inteligência artificial generativa (IAG) transformou práticas de escrita acadêmica, ampliando a eficiência, mas levantando preocupações sobre autoria, integridade, privacidade e desenvolvimento cognitivo. A literatura recente tem se concentrado em debates normativos e em políticas institucionais sobre autoria e transparência, mas oferece pouca orientação operacional sobre como utilizar a IA sem comprometer a formação intelectual, especialmente entre jovens pesquisadores(as). Este artigo busca preencher essa lacuna ao propor um método estruturado de uso ético, responsável e humano da IA. Materiais e métodos: Oestudo realiza uma revisão narrativa de literatura sobre riscos associados à escrita com IA (e.g., diluição da autoria, descarregamento cognitivo, vieses, privacidade e 'alucinações') e integra essa revisão com documentos normativos e diretrizes institucionais. A partir dessa síntese, o artigo desenvolve um guia prático composto por cinco fases metodológicas para orientar o uso crítico da tecnologia. Resultados: Oguia proposto organiza o processo de escrita em etapas: planejamento humano prévio; escrita assistida e curadoria crítica; apropriação e reescrita autoral; verificação rigorosa de fatos, fontes e lógica argumentativa; e responsabilidade final com declaração transparente do uso de IA. Cada fase fornece salvaguardas para mitigar riscos cognitivos, éticos e epistêmicos, preservando a agência autoral. Discussão: Argumenta-se que o uso ético da IA depende menos de proibições formais e mais do desenvolvimento de práticas de vigilância intelectual, documentação e reflexão contínua. Embora o processo reduza parte da eficiência oferecida pela IA, contribui para fortalecer competências cognitivas, proteger a integridade científica e equilibrar inovação tecnológica com responsabilidade humana.",0.568248450756073
Quais são os impactos da inteligência artificial?,escrita_academica_ia.md,15,Recebido em 23 de Julho de 2025. Aprovado em 5 de Novembro de 2025. Aceito em 2 de Dezembro de 2025.,0.23102624714374542
Quais são os impactos da inteligência artificial?,escrita_academica_ia.md,17,Editor Científico: Adriano Codato,0.16945499181747437
Quais são os impactos da inteligência artificial?,escrita_academica_ia.md,19,Editor Associado: Adriano Codato,0.11395016312599182
Quais são os impactos da inteligência artificial?,escrita_academica_ia.md,21,iD,0.13174274563789368
Quais são os impactos da inteligência artificial?,escrita_academica_ia.md,23,<!-- image -->,0.05314694717526436
Quais são os impactos da inteligência artificial?,escrita_academica_ia.md,25,<!-- image -->,0.05314694717526436
Quais são os impactos da inteligência artificial?,escrita_academica_ia.md,27,## I. Introdução,0.33753037452697754
Quais são os impactos da inteligência artificial?,escrita_academica_ia.md,29,Oficina de Escrita Acadêmica,0.14749877154827118
Quais são os impactos da inteligência artificial?,escrita_academica_ia.md,31,Revista de Sociologia e Política,0.2173682451248169
Quais são os impactos da inteligência artificial?,escrita_academica_ia.md,33,DOI 10.1590/1678-98732433e018,0.2151666134595871
Quais são os impactos da inteligência artificial?,escrita_academica_ia.md,35,"A integração da inteligência artificial generativa (IAG) na produção de conhecimento acadêmico, acelerada por ferramentas como o ChatGPT, evoluiu rapidamente de uma postura de cautela para uma adoção ampla, motivada especialmente pela promessa de maior eficiência. A capacidade de automatizar ou acelerar diversas fases do trabalho acadêmico gerou otimismo (Pereira et al., 2024). Contudo, essa incorporação massiva também levanta questionamentos sobre a integridade da pesquisa, a originalidade do pensamento e o desenvolvimento das competências cognitivas dos próprios acadêmicos (Lopes et al., 2024; Sampaio et al., 2024).",0.6253195405006409
Quais são os impactos da inteligência artificial?,escrita_academica_ia.md,37,"A resposta inicial da academia concentrou-se em debates normativos e filosóficos. Uma parte considerável da literatura recente dedicou-se a investigar os limites da autoria, questionando se uma entidade não humana poderia ser creditada em trabalhos científicos. A conclusão predominante é que a IA funciona como ferramenta, pois não possui agência ou responsabilidade legal e moral por suas produções (Resnik &amp; Hosseini, 2025). Em paralelo, outro foco dominante foi a criação de políticas institucionais, que frequentemente enquadram o uso de IA sob a ótica da desonestidade acadêmica, refletindo a preocupação em proteger os valores tradicionais da produção de conhecimento e valorizando práticas de total transparência (Trindade &amp; Oliveira, 2024).",0.5730528235435486
Quais são os impactos da inteligência artificial?,escrita_academica_ia.md,39,"Apesar de relevante, a discussão normativa vigente deixa uma lacuna de orientação prática para estudantes e jovens pesquisadores sobre como utilizar a IA de forma ética, sem comprometer o desenvolvimento intelectual (Winberg et al., 2024). A ausência de um método claro agrava os perigos às fundações cognitivas e criativas da produção de conhecimento, manifestando-se em três áreas críticas.",0.5460397601127625
Quais são os impactos da inteligência artificial?,escrita_academica_ia.md,41,"O primeiro risco diz respeito à diluição da autoria. A autoria manifesta a voz singular de um pesquisador, mas a colaboração com IA pode esvaziar o processo criativo ao transferir tarefas intelectuais para a máquina (Floridi, 2025). Estudos demonstram que, mesmo melhorando a qualidade textual, o uso de IA pode reduzir a satisfação intrínseca que alimenta a motivação acadêmica (Mei et al., 2025). Essa delegação pode levar à fixação de ideias e à redução da autoconfiança criativa, uma vez que a criatividade humana opera com base em associações idiossincráticas, enquanto a IA gera textos derivativos e estatisticamente prováveis (Lopes et al., 2024).",0.5907847285270691
Quais são os impactos da inteligência artificial?,escrita_academica_ia.md,43,"O segundo risco envolve o descarregamento cognitivo ( cognitive offloading ). A delegação de tarefas mentais diminui o engajamento com o pensamento crítico e a aprendizagem autônoma. Evidências mostram que o uso de IA sem salvaguardas resulta em desempenho inferior em avaliações posteriores, sugerindo que o suporte tecnológico contínuo mina a resolução independente de problemas (Jin et al., 2025; Lee et al., 2025). Com o tempo, essa dependência pode atrofiar capacidades cognitivas essenciais (Lopes et al., 2024; Sampaio et al., 2024).",0.5930137634277344
Quais são os impactos da inteligência artificial?,escrita_academica_ia.md,45,"O terceiro risco tange à privacidade e propriedade intelectual. Ao interagir com ferramentas de IA, pesquisadores expõem ideias e rascunhos ao treinamento de modelos, gerando questões de confidencialidade (Winberg et al., 2024). A falta de transparência sobre o uso de dados protegidos agrava o cenário (Bai et al., 2024; Sampaio et al., 2024). Além disso, a natureza derivativa dos modelos cria riscos tangíveis de plágio inadvertido (Pereira et al., 2024).",0.5859927535057068
Quais são os impactos da inteligência artificial?,escrita_academica_ia.md,47,"Este artigo busca preencher a lacuna de orientação prática, oferecendo um guia metodológico para o escrita acadêmica ética, responsável e humana com inteligência artificial com ênfase na Ciência Política e voltado especialmente para jovens pesquisadores e estudantes ainda receosos em utilizar a IA em seus trabalhos. O uso ético refere-se à adesão aos princípios de integridade científica (não fabricar dados, não plagiar); o uso responsável tange à transparência algorítmica e à privacidade de dados de pesquisa; já o uso humano diz respeito à preservação da agência e da voz do pesquisador, impedindo que a tecnologia substitua o pensamento crítico.",0.5388401746749878
Quais são os impactos da inteligência artificial?,escrita_academica_ia.md,49,"O guia é estruturado em cinco fases que orientam o pesquisador para uma colaboração ética e responsável, assegurando que a autoria humana permaneça central no processo. Nesse sentido, em vez de focar somente no que evitar, o objetivo é mostrar como unir a eficiência da máquina com a prevalência do pensamento humano, lidando diretamente com os três riscos aqui apresentados.",0.40730270743370056
Quais são os impactos da inteligência artificial?,escrita_academica_ia.md,51,"## II. Guia prático para uso ético, responsável e humano da IA generativa na escrita acadêmica",0.4647069275379181
Quais são os impactos da inteligência artificial?,escrita_academica_ia.md,53,"Diante de tais desafios, elaboramos um guia prático composto por sete etapas a serem observadas durante a escrita com IA buscando equilíbrio entre um uso ético, responsável e que valorize o humano. O Quadro 1 resume as etapas para efeitos didáticos.",0.505889892578125
Quais são os impactos da inteligência artificial?,escrita_academica_ia.md,55,"Quadro 1 - Etapas para uso ético, responsável e humano da IA na escrita acadêmica",0.43387728929519653
Quais são os impactos da inteligência artificial?,escrita_academica_ia.md,57,|              | Fase                                       | Foco Principal                                                 | Objetivo                                                                                                   |,0.18406721949577332
Quais são os impactos da inteligência artificial?,escrita_academica_ia.md,58,|--------------|--------------------------------------------|----------------------------------------------------------------|------------------------------------------------------------------------------------------------------------|,0.07459794729948044
Quais são os impactos da inteligência artificial?,escrita_academica_ia.md,59,"| Pré- escrita | 1. Planejamento humano para o uso de IA    | Estruturação pré-IA, proteção de dados e engenharia de prompts | Garantir a intenção autoral, proteger dados de pesquisa e dominar princípios de interação com IA.          |",0.5404990911483765
Quais são os impactos da inteligência artificial?,escrita_academica_ia.md,60,"| Escrita      | 2. Escrita assistida e cu- radoria crítica | Brainstorming , análise e revisão contínua                     | Usar a IA para expandir ideias, aprofundar refle- xão crítica e refinar progressivamente o conteúdo.       |",0.4289237856864929
Quais são os impactos da inteligência artificial?,escrita_academica_ia.md,61,"|              | 3. Apropriação e reescrita autoral         | Transformação e personalização do texto                        | Infundir a voz, pensamento e estilo do autor, ga- rantindo originalidade e evitando marcas algorít- micas. |",0.3073343336582184
Quais são os impactos da inteligência artificial?,escrita_academica_ia.md,62,"| Pós- escrita | 4. Verificação rigorosa de fatos e fontes  | Validação independente de infor- mações                        | Assegurar a precisão factual, bibliográfica, lógica e ausência de plágio.                                  |",0.24436835944652557
Quais são os impactos da inteligência artificial?,escrita_academica_ia.md,63,|              | 5. Responsabilidade final e transparência  | Accountability e declaração de uso                             | Assumir responsabilidade integral pelo trabalho e declarar transparentemente o uso de IA.                  |,0.46857061982154846
Quais são os impactos da inteligência artificial?,escrita_academica_ia.md,65,Fonte: elaborado pelo autor (2025).,0.24746356904506683
Quais são os impactos da inteligência artificial?,escrita_academica_ia.md,67,## II.1. Fase 1: planejamento humano para o uso de IA,0.49269241094589233
Quais são os impactos da inteligência artificial?,escrita_academica_ia.md,69,"A proteção de dados sensíveis que possam identificar participantes de uma pesquisa é uma consideração central ao utilizar inteligência artificial. A inserção de qualquer informação confidencial, como relatos pessoais ou dados que permitam a identificação de indivíduos, deve ser evitada em plataformas públicas de IA. O manejo inadequado dessas informações pode levar a violações de privacidade e ao descumprimento de regulamentações de proteção de dados (Trindade &amp; Oliveira, 2024). A anonimização completa dos dados, removendo quaisquer identificadores pessoais antes da interação com ferramentas de IA, é recomendada para salvaguardar a confidencialidade dos participantes.",0.553292989730835
Quais são os impactos da inteligência artificial?,escrita_academica_ia.md,71,"Outra dimensão de cuidado refere-se à preservação do ineditismo e do capital intelectual da pesquisa. Pesquisadores manifestam apreensão de que seus achados originais, uma vez inseridos em uma plataforma de IA, possam se tornar parte da informação geral disponível online. Os modelos de linguagem são continuamente treinados com os dados que recebem, e qualquer informação fornecida pode ser incorporada ao seu conjunto de treinamento e, eventualmente, ser reapresentada em interações com outros usuários (Pereira et al., 2024; Sampaio et al., 2024). Como cada plataforma estabelece suas próprias regras quanto à privacidade dos dados e ao uso dessas informações para treinamento dos modelos, o pesquisador deve conhecer as políticas de cada ferramenta antes de seu uso.",0.5433233380317688
Quais são os impactos da inteligência artificial?,escrita_academica_ia.md,73,"Ainda antes da escrita com IA, a principal orientação é: 'nunca comece pelo chat'. Toda escrita acadêmica rigorosa deve ser iniciada fora das ferramentas de inteligência artificial. O pesquisador deve primeiro estabelecer as fundações intelectuais do trabalho mapeando a tese central, formulando perguntas de pesquisa e esboçando o esqueleto do texto. Essa estruturação prévia fortalece a intenção autoral e mitiga que o algoritmo dite a narrativa ou limite o escopo criativo (Pereira et al., 2024; Mollick &amp; Mollick, 2024). A criatividade genuína emerge de conexões inesperadas e pensamento que vão além de dados de treinamento, enquanto a IA opera com padrões estatísticos de alta probabilidade, tornando-se usualmente inadequada para inovação conceitual (Lopes et al., 2024; Resnik &amp; Hosseini, 2025).",0.5392698049545288
Quais são os impactos da inteligência artificial?,escrita_academica_ia.md,75,"Na pesquisa em Ciência Política, isso significa, entre outras coisas, definir o desenho de pesquisa de forma independente. Antes de solicitar à IA que",0.32653722167015076
Quais são os impactos da inteligência artificial?,escrita_academica_ia.md,77,"'escreva uma introdução', o pesquisador deve ter clareza sobre quatro elementos. O primeiro é a pergunta de pesquisa, que delimita o que está sendo investigado e, preferencialmente, explicita uma relação causal a ser testada, por exemplo 'Qual o impacto das emendas parlamentares na coesão partidária no Brasil pós-2018?'. O segundo é a hipótese de trabalho, que oferece uma resposta provisória para guiar o estudo. O terceiro é o marco teórico, que define as lentes conceituais da análise, como institucionalismo de escolha racional ou sociologia política. O quarto é a estratégia metodológica, que define como a hipótese será testada empiricamente, seja por métodos quantitativos, qualitativos ou mistos.",0.2799684405326843
Quais são os impactos da inteligência artificial?,escrita_academica_ia.md,79,"Definido o planejamento, o pesquisador deve escolher as ferramentas e dominar os princípios de interação com a IA. Há uma vasta gama de ferramentas disponíveis (ver Sampaio et al., 2024; Trindade &amp; Oliveira, 2024). As plataformas de IA geralmente oferecem algum tipo de editor de texto com possibilidades de escrita, dentre os quais você deverá escolher (ver Apêndice). Não obstante, muitas ferramentas funcionam como extensões que você pode adicionar ao seu editor de texto, como o Microsoft Word e o Google Docs, sendo que as próprias empresas já embutiram ferramentas do tipo em seus editores. Aqui, o principal cuidado é que algumas ferramentas são especializadas na escrita acadêmica e outras são generalistas, merecendo mais cuidado, além disso, cada plataforma estabelece suas próprias regras quanto à privacidade dos dados e ao uso dessas informações para treinamento dos modelos.",0.5312102437019348
Quais são os impactos da inteligência artificial?,escrita_academica_ia.md,81,"Os chats dos modelos de linguagem, como ChatGPT, DeepSeek e afins, também podem auxiliar na escrita acadêmica. A qualidade dos resultados é diretamente proporcional à precisão do comando fornecido, prática conhecida como 'engenharia de prompts ' (Trindade &amp; Oliveira, 2024). Em vez de fazer perguntas genéricas, o pesquisador deve assumir o papel de um 'designer de narrativas', como sugere Floridi (2025), especificando os requisitos, restrições e parâmetros da tarefa (para mais, ver Sampaio &amp; Figueiredo, 2025).",0.36590757966041565
Quais são os impactos da inteligência artificial?,escrita_academica_ia.md,83,"Grosso modo, deve-se atribuir um papel ou função específica à IA para converte-la em uma assistente especializada e não em ferramenta generalista. Comandos como 'atue como pesquisador sênior especialista em instituições políticas e relações Executivo Legislativo' ou 'assuma o papel de um parecerista de periódico e me dê sugestões e pontos a serem melhorados no seguinte texto' tendem a ser efetivos. Essa definição ajuda a IA a compreender o tipo de saída ( output ) esperado e aumenta a precisão das respostas (Mollick &amp; Mollick, 2024).",0.5274174213409424
Quais são os impactos da inteligência artificial?,escrita_academica_ia.md,85,"Além de definir um papel, o prompt deve fornecer um contexto claro, incluindo a tarefa exata a ser realizada, incluindo o formato , o público-alvo , e o estilo de escrita desejado, o que maximiza a relevância do resultado (Trindade &amp; Oliveira, 2024), como 'corrija esta seção de discussão teórica sobre a governabilidade na Nova República pós-1988. O público-alvo são pares acadêmicos especializados em instituições políticas brasileiras. Mantenha tom analítico e formal. Utilize o vocabulário conceitual consagrado pela literatura brasileira sobre o presidencialismo de coalizão, incluindo conceitos como 'poderes de agenda', 'disciplina partidária', 'formação de gabinetes' e 'custos de transação legislativos'. A seção deve ter entre 1.500 e 2.000 palavras, estruturada em parágrafos argumentativos sem uso de listas ou marcadores. Justifique as alterações realizadas ao texto'. Em muitos casos, é bom fornecer contextos maiores, como anexar um artigo ou colar um texto dentro da temática que você deseja escrever.",0.2262813001871109
Quais são os impactos da inteligência artificial?,escrita_academica_ia.md,87,"## II.2. Fase 2: geração de insumos, curadoria crítica e refinamento iterativo",0.2247040867805481
Quais são os impactos da inteligência artificial?,escrita_academica_ia.md,89,"Uma vez escolhidas as ferramentas e dominados os princípios de engenharia de prompts , torna-se possível interagir com a inteligência artificial de maneira controlada, utilizando-a como um recurso de apoio para ampliar o repertório criativo e analítico, sem substituir a capacidade de análise crítica. Um uso profícuo consiste em solicitar à IA a geração de listas de ideias sobre um tópico, a sugestão de diferentes ângulos para um argumento, a criação de exemplos para ilustrar conceitos ou a elaboração de analogias para teorias complexas (Mollick &amp; Mollick, 2024). Essa abordagem transforma a IA em uma 'parceira de brainstorming ' ou em uma 'fonte de inspiração' e uma 'bússola' que aponta novas direções (Jin et al., 2025). A IA pode aumentar a fluência e a flexibilidade do pensamento divergente, auxiliando na superação de bloqueios criativos.",0.5931563377380371
Quais são os impactos da inteligência artificial?,escrita_academica_ia.md,91,"Assim como o trabalho não começa no chat, ele também não termina nele. Nenhuma resposta produzida por IA deve ser tratada como versão final. Cada trecho de texto produzido pela máquina é um protótipo, um rascunho inicial que exige um rigoroso processo de curadoria e apropriação humana. Em vez de aceitar passivamente a primeira sugestão, que frequentemente é genérica e carece de profundidade (Pereira et al., 2024), o pesquisador deve guiar a ferramenta com comandos específicos, a exemplo de 'sua sugestão anterior foi útil, mas agora a refine para incorporar o debate sobre a execução de emendas parlamentares como moeda de troca nas relações Executivo-Legislativo e remover as generalizações sobre barganha política em sistemas presidencialistas'.",0.44180867075920105
Quais são os impactos da inteligência artificial?,escrita_academica_ia.md,93,"Esta fase se define por ciclos curtos e contínuos de revisão, nos quais o pesquisador lê criticamente o material, identifica imprecisões, superficialidades ou lacunas argumentativas ('Escrever', 'Filtrar', 'Verificar'), e utiliza essas observações para refinar seus prompts em um diálogo contínuo com a ferramenta (Bai et al., 2024). Ess e ciclo de interação e refinamento progressivo não só melhora a qualidade do resultado da máquina, mas também ajuda o próprio pesquisador a clarificar seus objetivos e a aprofundar seu pensamento crítico (Lee et al., 2025), mantendo total agência e controle sobre o conteúdo (Floridi, 2025).",0.346088171005249
Quais são os impactos da inteligência artificial?,escrita_academica_ia.md,95,"Uma forma de aprofundar esse processo é inverter a dinâmica da interação, solicitando que a IA atue como uma 'entrevistadora' ou 'crítica socrática' para desafiar a lógica do trabalho humano. Comandos como 'leia este parágrafo sobre o conceito de polarização afetiva e aponte três falhas lógicas ou contra-argumentos baseados na literatura recente' ou 'aja como um aluno iniciante e peça para eu explicar este conceito em termos simples' forçam o autor a defender e a clarificar suas ideias, quebrando o que Mollick &amp; Mollick (2024) denominam 'ilusão de profundidade explanatória', quando acreditamos entender um tópico mais profundamente do que de fato entendemos.",0.4351729154586792
Quais são os impactos da inteligência artificial?,escrita_academica_ia.md,97,"Muitas ferramentas de escrita com IA permitem você selecionar um texto e pedir para a máquina 'melhorar a escrita', 'deixar mais formal', 'simplificar a linguagem', 'corrigir ortografia e gramática', 'encurtar', 'alongar' ou 'mudar o tom', como é o exemplo do Gemini, que é capaz de editar o texto diretamente no Google Docs (ver Apêndice). Prefira esse tipo de opção mais detida em pequenos trechos, evitando opções generalistas que escrevem trechos completos, como 'escrever introdução (conclusão)' ou 'escrever com argumentos opostos' (ver Apêndice). Mas todas essas opções, na prática, significam que seu texto vai ser reescrito por uma IA generativa.",0.48291996121406555
Quais são os impactos da inteligência artificial?,escrita_academica_ia.md,99,"Da mesma maneira, ao usar chats de grandes modelos de linguagem, como ChatGPT, Qwen, DeepSeek e afins, sempre prefira prompts que peçam para revisar ou melhorar o trecho com 'justificativas para as mudanças', o que garante que você compreenda as razões pelas quais a máquina está mexendo no seu texto e te exercita a compreender tais sugestões. Esse exercício de avaliação das justificativas funciona como prática reflexiva, utilizando a IA como um 'espelho' para testar a robustez dos próprios argumentos (Jin et al., 2025). Uma alternativa é solicitar que o chat ofereça 'duas ou mais opções de correção'. Dessa maneira, você poderá observar as diferentes alternativas e construir seu próprio texto. A experiência mostra que a familiaridade com as ferramentas de IA leva os pesquisadores a se tornarem mais críticos e exigentes com os resultados, desenvolvendo uma postura de validação contínua (Lee et al., 2025; Winberg et al., 2024).",0.4749928116798401
Quais são os impactos da inteligência artificial?,escrita_academica_ia.md,101,## II.3. Fase 3: apropriação e reescrita autoral,0.20674821734428406
Quais são os impactos da inteligência artificial?,escrita_academica_ia.md,103,"Como já dito, frequentemente você estará revisando, refinando e se apropriando diretamente do texto que está sendo escrito com auxílio de IA. Entretanto, mesmo após curadoria e verificação, deve acontecer uma apropriação e reescrita autoral.",0.412736713886261
Quais são os impactos da inteligência artificial?,escrita_academica_ia.md,105,"A fase de apropriação autoral é o momento em que o pesquisador transforma esse material em sua própria produção intelectual por meio da reescrita ativa. Este processo envolve muito mais do que simples correções, exigindo que cada trecho seja reformulado com as próprias palavras do autor, ajustando o vocabulário, o tom e o estilo para garantir que o texto reflita sua voz única (Lopes et al., 2024b; Pereira et al., 2024; Trindade &amp; Oliveira, 2024).",0.30566415190696716
Quais são os impactos da inteligência artificial?,escrita_academica_ia.md,107,"O pesquisador deve reorganizar parágrafos, inserir transições lógicas e acrescentar sua interpretação e análise original, elementos que a IA frequentemente não pode fornecer (Floridi, 2025). Portanto, estamos falando de uma apropriação que acrescenta de modo significativo a parte humana da autoria , como o pensamento crítico, a criatividade, ou simplesmente a 'alma ao texto', já que textos de IA usualmente soam muito genéricos, técnicos e justamente sem o toque humano. A leitura do texto em voz alta é uma técnica profícua para identificar dissonâncias e garantir que o resultado soe coeso, com as 'costuras' que revelem a origem mecânica de certas passagens.",0.5283848643302917
Quais são os impactos da inteligência artificial?,escrita_academica_ia.md,109,"Aqui, é preciso cuidado especial com o que Floridi (2025) chama de dataprint , ou seja, as marcas deixadas pelos dados de treinamento e técnicas de desenvolvimento dos grandes modelos de linguagem. Como já sabemos, as IAs foram treinadas nos dados disponíveis na internet, o que significa que reproduzem todos os vieses ali presentes, como a maior presença de textos em língua inglesa e de países do norte global.",0.4428802728652954
Quais são os impactos da inteligência artificial?,escrita_academica_ia.md,111,"Sem o cuidado devido, todos esses vieses irão diretamente para o seu texto e os 'vícios de linguagem das máquinas' se transformarão nos seus próprios, como pode ser visto nos atuais usos abusivos de certas palavras ('crucial', 'essencial'); expressões (' insights valiosos'); traduções incorretas, como 'rica tapeçaria' que vem do inglês ' rich tapestry '; marcadores de texto ('-') e formas de construir orações subordinadas com dois pontos ':' e ponto e vírgula ';'(ver Sampaio &amp; Figueiredo, 2025). Em suma, o objetivo é não deixar que a IA 'lave' a sua escrita.",0.5146504044532776
Quais são os impactos da inteligência artificial?,escrita_academica_ia.md,113,## II.4. Fase 4: verificação rigorosa de fatos e fontes,0.14094088971614838
Quais são os impactos da inteligência artificial?,escrita_academica_ia.md,115,"Após a curadoria e reescrita do texto, o pesquisador deve verificar de forma independente e meticulosa cada informação, dado, estatística e referência bibliográfica gerada pela ferramenta. É um erro assumir que a fluidez e a aparente coerência do texto da IA são sinônimos de precisão (Pereira et al., 2024).",0.4628402590751648
Quais são os impactos da inteligência artificial?,escrita_academica_ia.md,117,"Modelos de linguagem são propensos a 'alucinações', um fenômeno que consiste na fabricação de informações, dados e citações que parecem plausíveis, mas são falsos ou imprecisos (Trindade &amp; Oliveira, 2024; Lopes et al., 2024). Confiar cegamente nessas saídas, sem uma validação rigorosa, compromete a integridade da pesquisa, podendo configurar má conduta acadêmica e minar a credibilidade do autor.",0.32724013924598694
Quais são os impactos da inteligência artificial?,escrita_academica_ia.md,119,"A verificação deve acontecer especialmente em termos de quatro elementos. Primeiramente, a verificação factual , na qual o pesquisador confirma datas, nomes e estatísticas em fontes primárias ou em bases de dados confiáveis. Em segundo lugar, a verificação bibliográfica , que envolve checar a existência real de cada obra citada, validando seus DOIs e autores em plataformas como Scopus, Web of Science ou Google Scholar, porém sugerimos nunca usar citações geradas por IA , e, especialmente, nunca citar textos que não foram lidos pelo autor (algo já possível com certas ferramentas, ver Apêndice).",0.34991368651390076
Quais são os impactos da inteligência artificial?,escrita_academica_ia.md,121,"Não se trata apenas de citações inventadas ou falsas, mas a IA pode citar textos e autores que existem, mas citar incorretamente. Por exemplo, ela pode gerar uma citação correta ao clássico trabalho de 'Bowling Alone' de Robert Putnam, mas atribuir a ele uma ideia que é da literatura de cultura política, mas não presente na obra ou mesmo citar uma ideia do próprio Putnam, mas presente em outro trabalho. Por isso, a regra é absoluta e não admite exceções. Nunca cite um texto que você não leu na íntegra, mesmo que a referência pareça perfeita.",0.359773188829422
Quais são os impactos da inteligência artificial?,escrita_academica_ia.md,123,"Em terceiro lugar, a verificação de plágio , pois ideias e textos gerados por IA podem estar baseados em ideias e textos já publicados, podendo gerar um plágio inadvertido. Finalmente, a verificação lógica , que consiste em avaliar a coerência interna do argumento e a ausência de contradições (Lee et al., 2025). Esse processo de validação é o componente final do ciclo proposto por Bai et al. (2024), sendo a etapa que efetivamente garante a qualidade e a confiabilidade do trabalho.",0.4146929085254669
Quais são os impactos da inteligência artificial?,escrita_academica_ia.md,125,## II.5. Fase 5: responsabilidade final e transparência,0.1682407110929489
Quais são os impactos da inteligência artificial?,escrita_academica_ia.md,127,"A etapa final do processo de escrita é assumir responsabilidade total e inequívoca sobre o manuscrito. Como autor humano, você deve assumir a precisão das informações, a integridade dos argumentos e a originalidade da contribuição, mesmo que partes do texto tenham sido sugeridas ou refinadas com o auxílio da IA. A autoria acadêmica implica uma prestação de contas ( accountability ) que é intransferível. Uma IA, por ser uma ferramenta sem consciência, intencionalidade ou personalidade jurídica, não pode ser responsabilizada por erros, plágio ou quaisquer outras implicações éticas do trabalho. A responsabilidade é, e sempre deve ser, inteiramente do autor humano (Resnik &amp; Hosseini, 2025; Sampaio et al., 2024).",0.47822627425193787
Quais são os impactos da inteligência artificial?,escrita_academica_ia.md,129,"Oprincipal consenso sobre o uso de IA na escrita acadêmica é a declaração transparente de sua utilização. Essa não é uma mera formalidade, mas um pilar da integridade acadêmica. As políticas de periódicos e instituições convergem para a exigência de que os autores declarem o uso de ferramentas de IA, geralmente na seção de metodologia, nos agradecimentos ou em uma declaração final específica (Trindade &amp; Oliveira, 2024; Sampaio et al., 2024). Essa declaração deve nomear a ferramenta, a versão e a data de utilização, como 'ChatGPT 5.1, Gemini 3.0 pro, usados em novembro de 2025'. A inclusão da data é particularmente relevante porque os modelos de IA são atualizados com frequência, mas nem sempre alteram o nome de sua versão. Registrar quando a ferramenta foi utilizada facilita a replicabilidade da pesquisa e permite que futuros leitores compreendam o contexto tecnológico em que o trabalho foi produzido.",0.5023571252822876
Quais são os impactos da inteligência artificial?,escrita_academica_ia.md,131,"Além disso, é importante descrever como as ferramentas foram utilizadas e para que finalidade, documentando o processo, mantendo um registro dos prompts utilizados e das principais versões do texto, é uma prática recomendada que assegura a rastreabilidade do trabalho e prepara o autor para responder a quaisquer questionamentos de revisores ou editores. A transparência demonstra uma conduta ética e responsável perante a comunidade científica, reforçando o agente humano como plenamente responsável pela qualidade, veracidade e originalidade de sua obra (Winberg et al., 2024). É importante esclarecer que a transparência no uso da IA ainda é um ponto que pode gerar avaliações paradoxais. Em certos cenários, ela elevou a aceitação moral do trabalho (Mei et al., 2025), em outros, aumentou a desconfiança sobre a qualidade do trabalho (Schilke &amp; Reimann, 2005).",0.5137573480606079
Quais são os impactos da inteligência artificial?,escrita_academica_ia.md,133,"Para estruturar essa declaração de forma sistemática, os pesquisadores podem utilizar frameworks como o desenvolvido por Resnik &amp; Hosseini (2025), que oferecem modelos para diferentes níveis de contribuição da IA, desde a geração de ideias até a edição, conforme o Quadro 2.",0.5121942162513733
Quais são os impactos da inteligência artificial?,escrita_academica_ia.md,135,"Antes de submeter o manuscrito, uma boa prática é realizar uma verificação final, consultando as políticas institucionais (do periódico, evento, associação, editora etc.) relativas ao uso de Inteligência Artificial e ao cumprimento dos requisitos de transparência exigidos. Como é natural, algumas instituições são mais restritivas que outras e já conhecer a regra facilita o processo.",0.4563005268573761
Quais são os impactos da inteligência artificial?,escrita_academica_ia.md,137,## III. Refletindo sobre o processo de escrita com IA,0.4971206486225128
Quais são os impactos da inteligência artificial?,escrita_academica_ia.md,139,"Como uma fase adicional e não obrigatória, recomenda-se que o uso de IA seja permeado pela reflexão do pesquisador, notadamente para aqueles que ainda não dominam o texto acadêmico. Após cada escrita com IA, realiza-se um exercício de documentação do processo, uma espécie de 'diário de bordo da IA'. Esse documento, que geralmente não integra o trabalho final, funciona como um exercício de autoavaliação.",0.46435442566871643
Quais são os impactos da inteligência artificial?,escrita_academica_ia.md,141,"O pesquisador registra sistematicamente como utilizou a ferramenta, observando pontos como as etapas do trabalho em que a IA foi acionada e com quais prompts , e de que maneira a ferramenta impactou o processo em termos de eficiência, satisfação e aprendizado, por exemplo, ao sugerir novas perspectivas (Pereira et al., 2024). Também são registrados os principais obstáculos encontrados, como a geração de conteúdo genérico ou 'alucinações' que",0.5917876362800598
Quais são os impactos da inteligência artificial?,escrita_academica_ia.md,143,Quadro 2 - Divulgação do uso de IA em pesquisa e escrita,0.47214552760124207
Quais são os impactos da inteligência artificial?,escrita_academica_ia.md,145,| Categoria de divul- gação   | Uso da IA (Exemplos)                                                                                                                                                                                                                                                                                                                                                                                                                                                                                                 |,0.4971153736114502
Quais são os impactos da inteligência artificial?,escrita_academica_ia.md,146,|-----------------------------|----------------------------------------------------------------------------------------------------------------------------------------------------------------------------------------------------------------------------------------------------------------------------------------------------------------------------------------------------------------------------------------------------------------------------------------------------------------------------------------------------------------------|,0.04954037442803383
Quais são os impactos da inteligência artificial?,escrita_academica_ia.md,147,| Divulgação desne- cessária  | A IA atua em tarefas menores ou como parte de uma operação integrada que não gera conteúdo nem toma decisões de pesquisa. Para sugerir palavras ou frases que melhorem a clareza ou inteligibilidade de uma frase existente. Como parte de uma operação maior na qual a IA não está gerando ou sintetizando conteúdo nem tomando decisões de pesquisa (ex.: IA integrada a outros sistemas/máquinas). Como assistente digital (ex.: ajudar a organizar e manter ativos digitais e fluxos de trabalho de um projeto). |,0.5629668235778809
Quais são os impactos da inteligência artificial?,escrita_academica_ia.md,148,"| Divulgação opcional         | A IA foi usada como ferramenta auxiliar para aprimoramento ou suporte, mas não afetou o conteúdo central. Para editar texto existente quanto à gramática, ortografia ou organização. Para localizar e gerar exemplos para conteúdo existente. Para fazer brainstorming e sugerir formas de organizar um artigo ou o título de um artigo/seção. Para validar e/ou oferecer feedback sobre ideias, texto e código existentes.                                                                                          |",0.4123435914516449
Quais são os impactos da inteligência artificial?,escrita_academica_ia.md,149,"| Divulgação obrigatória      | A IA teve impacto na geração, síntese ou decisão do conteúdo central da pesquisa. Para formular perguntas, hipóteses, elaborar e conduzir experimentos. Para redigir partes do artigo, resumir, parafrasear, revisar significativamente ou sintetizar conteúdo textual. Para traduzir partes ou a totalidade do artigo.                                                                                                                                                                                              |",0.4912012815475464
Quais são os impactos da inteligência artificial?,escrita_academica_ia.md,151,Fonte: baseado em Resnik &amp; Hosseini (2025).,0.27261096239089966
Quais são os impactos da inteligência artificial?,escrita_academica_ia.md,153,"exigiram verificação (Trindade &amp; Oliveira, 2024). Essa análise permite identificar o que a interação revelou sobre o próprio processo de escrita.",0.2566191554069519
Quais são os impactos da inteligência artificial?,escrita_academica_ia.md,155,"Este exercício de documentação não visa apenas à transparência, mas ao desenvolvimento de uma consciência crítica sobre a colaboração, permitindo um uso mais intencional e controlado em projetos futuros e consolidando a agência e a responsabilidade do autor humano, além de ser um exercício em si de escrita humana e reflexão.",0.2910754680633545
Quais são os impactos da inteligência artificial?,escrita_academica_ia.md,157,"Este artigo apresentou um roteiro em cinco fases para uma interação ética, responsável e humana com a inteligência artificial generativa na escrita acadêmica, estruturado em torno de três riscos centrais: o sentimento de perda da autoria, o descarregamento cognitivo e a exposição de dados de pesquisa. As fases foram numeradas por razões didáticas e não exigem aplicação sequencial ou integral em cada atividade de escrita. Além disso, uma possível limitação é que ao seguir fielmente as fases, todo o ganho da eficiência trazido pela IA pode se perder nos processos de curadoria e reflexão. Entretanto, o objetivo principal era desenvolver um método detalhado para esse uso crítico da IA para a escrita acadêmica, garantindo que a tecnologia sirva ao aprimoramento do pensamento, e não à sua substituição. Acreditamos que com o treino, os jovens pesquisadores irão fazer as etapas de forma mais natural e poderão também sentir ganhos de produtividade.",0.5546354055404663
Quais são os impactos da inteligência artificial?,escrita_academica_ia.md,159,"Para além do guia, recomenda-se que pesquisadores reservem uma porção do tempo de redação para a prática deliberada sem auxílio da IA, como estratégia concreta para mitigar os riscos de descarregamento cognitivo e atrofia de",0.42239120602607727
Quais são os impactos da inteligência artificial?,escrita_academica_ia.md,161,## IV. Conclusão,0.259251207113266
Quais são os impactos da inteligência artificial?,escrita_academica_ia.md,163,## Declaração de uso de IA,0.42175328731536865
Quais são os impactos da inteligência artificial?,escrita_academica_ia.md,165,## Financiamento,0.1747533529996872
Quais são os impactos da inteligência artificial?,escrita_academica_ia.md,167,## Conflito de interesses,0.27393803000450134
Quais são os impactos da inteligência artificial?,escrita_academica_ia.md,169,"habilidades. A documentação dessas experiências em um diário reflexivo auxilia na construção de maturidade intelectual e tecnológica, permitindo o refinamento contínuo de diretrizes pessoais para projetos futuros.",0.3330756723880768
Quais são os impactos da inteligência artificial?,escrita_academica_ia.md,171,"Emúltima análise, o uso ético da IA na pesquisa não se resume a seguir um conjunto de regras, mas a cultivar uma postura de vigilância intelectual e responsabilidade. Ao aderir aos princípios de rigor, transparência e reprodutibilidade, dentro dos limites do que a tecnologia permite, o pesquisador assegura a integridade de seu trabalho e contribui para uma cultura acadêmica que valoriza a inovação sem sacrificar a profundidade.",0.5169184803962708
Quais são os impactos da inteligência artificial?,escrita_academica_ia.md,173,"Durante a preparação deste texto, o autor utilizou Claude (versão 4.5 Opus), Gemini (versões 2.5Pro, 3.0 Pro) e GLM 4.5 da Z.ai entre julho e novembro de 2025 para brainstorming , avaliação do texto e melhorias gramaticais e semânticas ao texto. Após o uso destas ferramentas, o autor revisou e editou o conteúdo em conformidade com o método científico e assume total responsabilidade pelo conteúdo da publicação.",0.2609677016735077
Quais são os impactos da inteligência artificial?,escrita_academica_ia.md,175,## Contribuição de autoria (CRediT),0.3102421760559082
Quais são os impactos da inteligência artificial?,escrita_academica_ia.md,177,"Rafael Cardoso Sampaio: conceitualização, análise formal, investigação, metodologia, escrita do artigo original.",0.251535564661026
Quais são os impactos da inteligência artificial?,escrita_academica_ia.md,179,Esta pesquisa contou com financiamento do CNPq e com o apoio da Associação Brasileira de Ciência Política (ABCP).,0.21939431130886078
Quais são os impactos da inteligência artificial?,escrita_academica_ia.md,181,## Declaração de disponibilidade de dados,0.21891441941261292
Quais são os impactos da inteligência artificial?,escrita_academica_ia.md,183,Nenhum dado de pesquisa gerado ou utilizado.,0.24106237292289734
Quais são os impactos da inteligência artificial?,escrita_academica_ia.md,185,Oautor declara não haver nenhum conflito de interesses.,0.19987063109874725
Quais são os impactos da inteligência artificial?,escrita_academica_ia.md,187,"Rafael Cardoso Sampaio (cardososampaio@gmail.com) é professor permanente do programa de Pós-graduação em Ciência Política (UFPR). Pesquisador do Instituto Nacional de Ciência e Tecnologia Transformações da Participação, do Associativismo e do Confronto Político (INCT Participa). Bolsista produtividade do CNPq.",0.2234702706336975
Quais são os impactos da inteligência artificial?,escrita_academica_ia.md,189,## Referências,0.24978011846542358
Quais são os impactos da inteligência artificial?,escrita_academica_ia.md,191,"- Bai, S., Gonda, D.E. &amp; Hew, K.F. (2024) Write-curate-verify: a case study of leveraging generative AI for scenario writing in scenario-based learning. IEEE Transactions on Learning Technologies , 17, pp. 1301-1312. DOI",0.2597086727619171
Quais são os impactos da inteligência artificial?,escrita_academica_ia.md,192,"- Floridi, L. (2025) Distant writing: Literary production in the age of artificial intelligence. Minds and Machines , 35(3), 30. DOI",0.36180904507637024
Quais são os impactos da inteligência artificial?,escrita_academica_ia.md,193,"- Jin, F., Sun, L. &amp; Pan, Y., et al. (2025) High heels, compass, spider-man, or drug? Metaphor analysis of generative artificial intelligence in academic writing. Computers &amp; Education , 228, 105248. DOI",0.2882295846939087
Quais são os impactos da inteligência artificial?,escrita_academica_ia.md,195,"- Lee, H., Sarkar, A. &amp; Tankelevitch, L., et al. (2025) The impact of generative AI on critical thinking: self-reported reductions in cognitive effort and confidence effects from a survey of knowledge workers. Proceedings of the 2025 CHI Conference on Human Factors in Computing Systems. Yokohama, Japão. DOI",0.5213001370429993
Quais são os impactos da inteligência artificial?,escrita_academica_ia.md,196,"- Lopes, C., Forgas, R.C. &amp; Cerdà-Navarr, A. (2024) Tese de doutorado em educação escrita por inteligência artificial? Revista Brasileira de Educação , 29, e290065. DOI",0.42613187432289124
Quais são os impactos da inteligência artificial?,escrita_academica_ia.md,197,"- Mei, P., Brewis, D. &amp; Nwaiwu, F., et al. (2025) If ChatGPT can do it, where is my creativity? Generative AI boosts performance but diminishes experience in creative writing. Computers in Human Behavior: Artificial Humans , 4, 100140. DOI",0.3293692171573639
Quais são os impactos da inteligência artificial?,escrita_academica_ia.md,198,"- Mollick, E.R. &amp; Mollick, L. (2024) Instructors as innovators: a future-focused approach to new AI learning opportunities, with prompts. SSRN Electronic Journal [Preprint]. DOI",0.3720167875289917
Quais são os impactos da inteligência artificial?,escrita_academica_ia.md,199,"- Pereira, R., Reis, I.W. &amp; Ulbricht, V., et al. (2024) Generative artificial intelligence and academic writing: an analysis of the perceptions of researchers in training. Management Research: Journal of the Iberoamerican Academy of Management , 22(4), pp. 429-450. DOI",0.4580317437648773
Quais são os impactos da inteligência artificial?,escrita_academica_ia.md,200,"- Resnik, D. &amp; Hosseini, M. (2025) Disclosing artificial intelligence use in scientific research and publication: when should disclosure be mandatory, optional, or unnecessary? Accountability in Research , 2025, pp. 1-13. DOI",0.3055233359336853
Quais são os impactos da inteligência artificial?,escrita_academica_ia.md,201,"- Sampaio, R. &amp; Figueiredo, D. (2025) Prompts (infalíveis!) para pesquisa acadêmica com inteligência artificial. Teresina: EDUFPI.",0.4941696226596832
Quais são os impactos da inteligência artificial?,escrita_academica_ia.md,202,"- Sampaio, R., Sabbatini, M. &amp; Limongi, R. (2024) Diretrizes para o uso ético e responsável da inteligência artificial generativa: um guia prático para pesquisadores. São Paulo: Sociedade Brasileira de Estudos Interdisciplinares da Comunicação.",0.5349862575531006
Quais são os impactos da inteligência artificial?,escrita_academica_ia.md,203,"- Schilke, O. &amp; Reimann, M. (2005) The transparency dilemma: how AI disclosure erodes trust. Organizational Behavior and Human Decision Processes , 188, 104405. DOI",0.30784887075424194
Quais são os impactos da inteligência artificial?,escrita_academica_ia.md,204,"- Trindade, A. &amp; Oliveira, H. (2024) Inteligência artificial generativa e competência em informação: habilidades informacionais necessárias ao uso de ferramentas de IA generativa em demandas informacionais acadêmico-científicas. Perspectivas em Ciência da Informação , 29, e-47485. DOI",0.5213682055473328
Quais são os impactos da inteligência artificial?,escrita_academica_ia.md,205,"- Winberg, C., Engel-Hills, P. &amp; Winberg, S. (2024) 'Am I in control of my own writing?' Training postgraduate candidates in the responsible use of generative artificial intelligence in academic writing. African Journal of Inter/Multidisciplinary Studies , 6(1), pp. 1-12. DOI",0.2932243347167969
Quais são os impactos da inteligência artificial?,escrita_academica_ia.md,207,## Recursos de internet,0.16689558327198029
Quais são os impactos da inteligência artificial?,escrita_academica_ia.md,209,MaxAI: https://maxai.co/.,0.3788730502128601
Quais são os impactos da inteligência artificial?,escrita_academica_ia.md,211,Gemini: https://gemini.google.com/.,0.058745868504047394
Quais são os impactos da inteligência artificial?,escrita_academica_ia.md,213,SciSpace: https://scispace.com/.,0.1343235820531845
Quais são os impactos da inteligência artificial?,escrita_academica_ia.md,215,"## Towards ethical, responsible, and human-centered academic writing with AI",0.39013734459877014
Quais são os impactos da inteligência artificial?,escrita_academica_ia.md,217,"Keywords: academic writing, scientific integrity, Generative Artificial Intelligence, authorship, narrative review.",0.3087668716907501
Quais são os impactos da inteligência artificial?,escrita_academica_ia.md,219,"ABSTRACT Introduction: The rapid spread of generative artificial intelligence (GenAI) has transformed academic writing, both enhancing efficiency and prompting concerns about authorship, integrity, privacy, and cognitive development. Although recent scholarship has focused largely on normative debates and institutional policies concerning authorship and transparency, it offers little practical guidance on how to use AI without compromising intellectual formation, particularly for early-career researchers. This article addresses that gap by proposing a structured method for the ethical, responsible, and human-centered use of AI. Materials and methods: The study conducts a narrative review of the literature examining the risks associated with AI-assisted writing, such as diluted authorship, cognitive offloading, bias, privacy concerns, and 'hallucinations', and integrates this review with normative documents and institutional guidelines. Building on this synthesis, the article develops a practical guide organized into five methodological phases designed to foster critical and responsible engagement with AI technologies. Results: The proposed guide structures the writing process into five stages: initial human-centered planning; AI-assisted drafting paired with critical curation; authorial appropriation and rewriting; rigorous verification of facts, sources, and argumentative coherence; and final accountability through transparent disclosure of AI use. Each stage provides safeguards to mitigate cognitive, ethical, and epistemic risks while preserving authorial agency. Discussion: The argument advanced here is that ethical AI use depends less on formal prohibitions and more on cultivating practices of intellectual vigilance, meticulous documentation, and continuous reflection. While the proposed process may limit some of the efficiency gains associated with AI, it strengthens cognitive capacities, safeguards scientific integrity, and helps balance technological innovation with human responsibility.",0.42654746770858765
Quais são os impactos da inteligência artificial?,escrita_academica_ia.md,221,<!-- image -->,0.05314694717526436
Quais são os impactos da inteligência artificial?,escrita_academica_ia.md,223,"This is an Open Access article distributed under the terms of the Creative Commons Attribution License, which permits unrestricted use, distribution, and reproduction in any medium, provided the original work is properly cited.",0.07394617050886154
Quais são os impactos da inteligência artificial?,escrita_academica_ia.md,225,## Apêndice,0.19501033425331116
Quais são os impactos da inteligência artificial?,escrita_academica_ia.md,227,- Figura 1 - Opções presentes no Gemini acessado diretamente do Google Docs.,0.20135049521923065
Quais são os impactos da inteligência artificial?,escrita_academica_ia.md,228,- Figura 2 - Opções presentes no Gemini para inserir um texto corrigido abaixo ou para substituir o trecho presente na seleção original.,0.19844260811805725
Quais são os impactos da inteligência artificial?,escrita_academica_ia.md,229,"- Figura 3 - Ferramenta de IA MaxAI que ao ser acionada quando selecionado um texto, apresenta todas essas opções para reformular o texto e mesmo um espaço para um prompt personalizado.",0.43911707401275635
Quais são os impactos da inteligência artificial?,escrita_academica_ia.md,230,"- Figura 4 - Opções da ferramenta de escrita acadêmica do SciSpace, que apresenta diversas possibilidades consideradas antiéticas pelo autor, como 'continuar escrevendo com citações', 'escreva a introdução'/'escreva a conclusão' e ainda 'escreva usando argumentos opostos' (tradução minha).",0.2859201431274414
Quais são os impactos da inteligência artificial?,escrita_academica_ia.md,232,Figura 1 - Opções de ferramenta de escrita com IA,0.4514366388320923
Quais são os impactos da inteligência artificial?,escrita_academica_ia.md,234,<!-- image -->,0.05314694717526436
Quais são os impactos da inteligência artificial?,escrita_academica_ia.md,236,Fonte: captura de tela realizada pelo autor. Acesso em: 28 de nov. 2025.,0.2530805170536041
Quais são os impactos da inteligência artificial?,escrita_academica_ia.md,238,Figura 2 - Opções de inserção do texto modificado pela ferramenta de IA,0.4074191153049469
Quais são os impactos da inteligência artificial?,escrita_academica_ia.md,240,"(Floridi, 2025). Portanto, estamos falando de uma apropriação que acrescenta de modo significativo a parte humana da autoria, como o pensamento crítico, a criatividade, ou simplesmente a ""alma ao texto"", já que textos de IA usualmente soam com muito genéricos, técnicos e justamente sem o toque humano. A leitura do texto em voz alta é uma técnica profícua para identificar dissonâncias e garantir que o resultado soe coeso, sem ""costuras"" que revelem a origem mecânica de certas passagens.",0.5026409029960632
Quais são os impactos da inteligência artificial?,escrita_academica_ia.md,242,<!-- image -->,0.05308298021554947
Quais são os impactos da inteligência artificial?,escrita_academica_ia.md,244,Fonte: captura de tela realizada pelo autor. Acesso em: 28 de nov. 2025.,0.2530805170536041
Quais são os impactos da inteligência artificial?,escrita_academica_ia.md,246,Figura 3 - opções de ferramenta MaxAI de escrita com IA,0.4593890309333801
Quais são os impactos da inteligência artificial?,escrita_academica_ia.md,248,<!-- image -->,0.05314694717526436
Quais são os impactos da inteligência artificial?,escrita_academica_ia.md,250,Fonte: captura de tela realizada pelo autor. Acesso em: 23 de jul. 2025,0.24772366881370544
Quais são os impactos da inteligência artificial?,escrita_academica_ia.md,252,Figura 4 - Ferramenta de escrita com IA da SciSpace,0.39959004521369934
Quais são os impactos da inteligência artificial?,escrita_academica_ia.md,254,<!-- image -->,0.05314694717526436
Quais são os impactos da inteligência artificial?,escrita_academica_ia.md,256,Fonte: captura de tela realizada pelo autor. Acesso em: 23 de jul. 2025.,0.250028520822525
Quais são os impactos da inteligência artificial?,bioetica_e_ia.md,1,273,-0.035014137625694275
Quais são os impactos da inteligência artificial?,bioetica_e_ia.md,3,<!-- image -->,0.05314694717526436
Quais são os impactos da inteligência artificial?,bioetica_e_ia.md,5,## Entre o algoritmo e o Juramento de Hipócrates: bioética na era da inteligência artificial,0.5055657625198364
Quais são os impactos da inteligência artificial?,bioetica_e_ia.md,7,"Juracy Barbosa dos Santos 1 , Guilhermina Rego 1 , Rui Nunes 1",0.20012794435024261
Quais são os impactos da inteligência artificial?,bioetica_e_ia.md,9,"1. Faculdade de Medicina da Universidade do Porto, Porto, Portugal.",0.07978624850511551
Quais são os impactos da inteligência artificial?,bioetica_e_ia.md,11,## Resumo,0.28259700536727905
Quais são os impactos da inteligência artificial?,bioetica_e_ia.md,13,"O avanço da inteligência artificial tem transformado profundamente a prática médica. De sistemas de apoio à decisão clínica a algoritmos de triagem e diagnóstico, a inteligência artificial tem demons -trado potencial para diagnósticos precoces, terapias personalizadas, otimização de recursos, redução de erros e ampliação do acesso a cuidados especializados. Contudo, essa revolução tecnológica impõe desafios éticos significativos aos princípios clássicos da bioética, como beneficência, não maleficência, confidencialidade e respeito à autonomia do doente, consagrados desde o Juramento de Hipócrates. A incorporação da inteligência artificial na medicina suscita tensões entre eficiência automatizada e valores humanos. Este artigo revisa a literatura sobre os principais dilemas éticos da aplicação da inteli -gência artificial na prática médica e avalia em que medida os princípios hipocráticos podem ser preser -vados ou adaptados diante das transformações tecnológicas, a fim de contribuir para o debate sobre os rumos éticos da medicina contemporânea em um cenário de crescente automação.",0.6538049578666687
Quais são os impactos da inteligência artificial?,bioetica_e_ia.md,15,Palavras-chave: Bioética. Inteligência artificial. Ética médica. Autonomia pessoal.,0.517061173915863
Quais são os impactos da inteligência artificial?,bioetica_e_ia.md,17,## Resumen,0.0986783429980278
Quais são os impactos da inteligência artificial?,bioetica_e_ia.md,19,## Entre el algoritmo y el Juramento Hipocrático: bioética en la era de la inteligencia artificial,0.40069130063056946
Quais são os impactos da inteligência artificial?,bioetica_e_ia.md,21,"El avance de la inteligencia artificial ha transformado profundamente la práctica médica. Desde sistemas de apoyo a la decisión clínica hasta algoritmos de triaje y diagnóstico, la inteligencia artificial ha demostrado potencial para diagnósticos precoces, terapias personalizadas, optimización de recursos, reducción de errores y ampliación del acceso a cuidados especializados. No obstante, esta revolución tecnológica impone desafíos éticos significativos a los principios clásicos de la bioética, tales como la beneficencia, la no maleficencia, la confidencialidad y el respeto a la autonomía del paciente, consagrados desde el Juramento Hipocrático. La incorporación de la inteligencia artificial en la medicina suscita tensiones entre la eficiencia automatizada y los valores humanos. Este artículo revisa la literatura sobre los principales dilemas éticos de la aplicación de la inteligencia artificial en la práctica médica y evalúa en qué medida los principios hipocráticos pueden preservarse o adaptarse ante las transformaciones tecnológicas, con el fin de contribuir al debate sobre los rumbos éticos de la medicina contemporánea en un escenario de creciente automatización.",0.5596447587013245
Quais são os impactos da inteligência artificial?,bioetica_e_ia.md,23,Palabras clave: Bioética. Inteligencia artificial. Ética médica. Autonomía personal.,0.413269579410553
Quais são os impactos da inteligência artificial?,bioetica_e_ia.md,25,## Abstract,0.11084719747304916
Quais são os impactos da inteligência artificial?,bioetica_e_ia.md,27,## Between the algorithm and the Hippocratic Oath: bioethics in the age of artificial intelligence,0.34239792823791504
Quais são os impactos da inteligência artificial?,bioetica_e_ia.md,29,"The advancement of artificial intelligence has profoundly transformed medical practice. From clinical decisionsupport systems to screening and diagnostic algorithms, artificial intelligence has demonstrated potential for early diagnosis, personalized therapies, resource optimization, error reduction, and expanded access to specialized care. However, this technological revolution imposes significant ethical challenges on the classic principles of bioethics, such as beneficence, non-maleficence, confidentiality, and respect for patient autonomy, enshrined since the Hippocratic Oath. The incorporation of artificial intelligence into medicine raises tensions between automated efficiency and human values. This article reviews the literature on the primary ethical dilemmas of applying artificial intelligence in medical practice and evaluates to what extent Hippocratic principles can be preserved or adapted in the face of technological transformations, aiming to contribute to the debate on the ethical directions of contemporary medicine in a scenario of increasing automation.",0.4964038133621216
Quais são os impactos da inteligência artificial?,bioetica_e_ia.md,31,"Keywords: Bioethics. Artificial intelligence. Ethics, medical. Personal autonomy.",0.37361961603164673
Quais são os impactos da inteligência artificial?,bioetica_e_ia.md,33,Declaram não haver conflito de interesse.,0.161264106631279
Quais são os impactos da inteligência artificial?,bioetica_e_ia.md,35,"A introdução da inteligência artificial (IA) na medicina representa um dos maiores saltos tecno -lógicos da história recente da saúde. De sistemas de apoio à decisão clínica a algoritmos de triagem e diagnóstico, a IA tem demonstrado potencial para diagnósticos  precoces,  terapias  personalizadas, otimização de recursos, redução de erros médicos e ampliação do acesso a cuidados especializados, especialmente em regiões remotas ou com escas -sez de profissionais de saúde qualificados  1,2 . Em áreas como dermatologia, radiologia e cardiologia, algoritmos baseados em deep learning (apren -dizado  profundo)  já  demonstram  desempenho comparável, ou mesmo superior, ao de especialis -tas humanos em tarefas específicas 3 .",0.6514896750450134
Quais são os impactos da inteligência artificial?,bioetica_e_ia.md,37,"No entanto, a rápida expansão e incorporação da IA à prática clínica não ocorre sem desafios. A  adoção  acelerada  dessas  tecnologias  suscita preocupações éticas significativas, especialmente no que diz respeito aos princípios fundamentais da bioética. Desde seus primórdios, a medicina tem sido regida por princípios éticos que visam à proteção e ao bem-estar do paciente. O Juramento de Hipócrates, datado do século V a.C., consagrou valores  fundamentais  como  beneficência,  não maleficência, confidencialidade e respeito à auto -nomia do doente - pilares da bioética ainda hoje 4 . Tais valores foram reforçados no século XX por documentos como o Código de Nüremberg e  a Declaração de Helsinki , que consolidaram as bases para a ética em pesquisa e prática médica 3 .",0.41804057359695435
Quais são os impactos da inteligência artificial?,bioetica_e_ia.md,39,"Contudo, o advento da IA na medicina introduz novos e complexos desafios éticos que tensionam esses princípios. Entre os dilemas que emergem estão  a  opacidade  e  a  não  explicabilidade  dos algoritmos - os chamados black boxes -, que difi -cultam a compreensão e a validação das decisões automatizadas por parte de médicos e pacientes, e essa falta de transparência algorítmica compro -mete o princípio da autonomia, pois impede o con -sentimento plenamente informado. Além disso, surgem questões sobre a responsabilização por erros clínicos decorrentes de decisões baseadas em IA, com dúvidas sobre se a culpa recai sobre o médico, o programador, a instituição de saúde ou o próprio algoritmo  2,5,6 .",0.5888172388076782
Quais são os impactos da inteligência artificial?,bioetica_e_ia.md,41,"A privacidade e a proteção de dados sensíveis dos pacientes são outros pontos críticos. Como a IA depende de grandes volumes de dados para treinamento e operação, é essencial garantir que o  tratamento  das  informações  esteja  em  con -formidade com legislações e regulamentações, como  a  Lei  14.510/2022,  que  dispõe  sobre  a prestação de serviços de telessaúde 7 , a Lei Geral de Proteção de Dados (LGPD, Lei 13.709/2018)  8 , e a Resolução do Conselho Federal de Medicina (CFM) 2.314/2022, que define e regulamenta a telemedicina como forma de prestação de servi -ços médicos  9 , no Brasil; o General Data Protection Regulation (GDPR)  10  e a Network and Information Systems  (NIS  Directive) 11 ,  na  União  Europeia; o Health Insurance Portability and Accountability Act (HIPAA) 12 e o Health Information Technology for Economic and Clinical Health Act (HITECH) 13 , nos  Estados  Unidos.  A  violação  da  privacidade ou o uso indevido de dados médicos podem ter consequências devastadoras para os pacientes, incluindo discriminação, estigmatização e danos morais e financeiros.",0.47023889422416687
Quais são os impactos da inteligência artificial?,bioetica_e_ia.md,43,"Adicionalmente, há o risco de ampliar desi -gualdades no acesso à saúde. A implantação de soluções baseadas em IA, muitas vezes desen -volvidas em contextos de alta renda, pode não considerar  adequadamente  as  necessidades, idiomas e realidades socioculturais de populações vulneráveis  ou  de  países  em  desenvolvimento. Isso pode acentuar disparidades já existentes no sistema de saúde e comprometer o princípio da justiça distributiva, fundamental para a equidade no cuidado médico 14 .",0.4803595244884491
Quais são os impactos da inteligência artificial?,bioetica_e_ia.md,45,"Também  merece  preocupação  a  possível desumanização na medicina. A relação médico --paciente,  historicamente  centrada  na  escuta, no cuidado e na empatia, pode ser afetada nega -tivamente  se  a  confiança  for  deslocada  para sistemas  automatizados.  O  excesso  de  depen -dência tecnológica pode tornar o atendimento mais impessoal, comprometendo a integralidade do cuidado e a dimensão subjetiva da experiên -cia do adoecimento  15 . A formação médica, nesse cenário, também deve ser repensada, uma vez que habilidades como pensamento crítico, julgamento clínico e sensibilidade ética precisam ser preserva -das e fortalecidas, mesmo em ambiente cada vez mais orientado por dados  16 .",0.3873336911201477
Quais são os impactos da inteligência artificial?,bioetica_e_ia.md,47,"O  descompasso  entre  a  velocidade  da  ino -vação tecnológica e a capacidade de regulação ética e jurídica impõe, portanto, a necessidade urgente  de  revisar  os  fundamentos  bioéticos sob nova perspectiva. Tais questões exigem não apenas análise técnica, mas abordagem bioética rigorosa, que considere o impacto da IA nos valo -res  fundamentais que regem a prática médica. A literatura recente reforça que princípios éticos isolados não são suficientes para garantir a inte -gridade moral das aplicações de IA: é necessário um sistema de governança robusto, transparente, participativo e que envolva múltiplos stakeholders, incluindo médicos, engenheiros, pacientes, juristas e representantes da sociedade civil 17,18 .",0.5664424896240234
Quais são os impactos da inteligência artificial?,bioetica_e_ia.md,49,"Este artigo tem como objetivo revisar a lite -ratura  existente  sobre  os  principais  dilemas éticos  relacionados  à  aplicação  da  inteligência artificial na prática médica, resgatar os princípios hipocráticos e analisar como eles podem (ou não) ser preservados diante das transformações tec -nológicas em curso. Por meio de análise crítica e multidisciplinar, pretende-se contribuir para o debate sobre os rumos éticos da medicina contem -porânea em um cenário de crescente automação.",0.5841811299324036
Quais são os impactos da inteligência artificial?,bioetica_e_ia.md,51,## Método,0.13241837918758392
Quais são os impactos da inteligência artificial?,bioetica_e_ia.md,53,"Este artigo caracteriza-se como pesquisa de natureza  qualitativa,  do  tipo  exploratória,  com abordagem  metodológica  baseada  em  revisão bibliográfica narrativa. O objetivo é reunir, analisar e interpretar criticamente a literatura científica acerca dos dilemas éticos emergentes na aplicação da IA artificial na prática médica, à luz dos princí -pios clássicos da bioética, conforme estabelecidos no Juramento de Hipócrates.",0.508898913860321
Quais são os impactos da inteligência artificial?,bioetica_e_ia.md,55,"Segundo Gil  19 ,  a  pesquisa  bibliográfica  per -mite o exame de contribuições teóricas já con -solidadas  e  é  especialmente  útil  em  estudos que visam compreender e discutir temas ainda em consolidação no meio acadêmico, como é o caso da interface entre bioética e IA. Abordagem exploratória, por sua vez, é adequada para o apro -fundamento inicial de um problema ainda pouco delimitado, na medida em que permite identifi -car categorias e lacunas relevantes para futuras investigações empíricas  20 .",0.3709123134613037
Quais são os impactos da inteligência artificial?,bioetica_e_ia.md,57,O percurso metodológico seguiu as seguintes etapas:,0.19157183170318604
Quais são os impactos da inteligência artificial?,bioetica_e_ia.md,59,- 1) Definição do tema e do problema de pesquisa mediante  delimitação  do  escopo  bioético  da atuação da IA em contextos clínicos e hospitalares.,0.42094871401786804
Quais são os impactos da inteligência artificial?,bioetica_e_ia.md,60,"- 2)  Levantamento  bibliográfico  sistemático, realizado nas bases de dados PubMed, Scopus,",0.2702789902687073
Quais são os impactos da inteligência artificial?,bioetica_e_ia.md,62,"SciELO e Web of Science, com os seguintes des -critores  e  combinações:  'bioethics',  'artificial intelligence', 'machine learning', 'medical ethics', 'Hippocratic  Oath',  'clinical  decision  support', 'algorithmics bias', entre outros, com o auxílio do operador booleano 'and'. Foram incluídos artigos publicados entre 2015 e 2024, nos idiomas por -tuguês e inglês, que abordassem diretamente os aspectos éticos da IA em saúde.",0.46878087520599365
Quais são os impactos da inteligência artificial?,bioetica_e_ia.md,64,"3) Seleção e triagem das fontes com base na lei -tura dos títulos, resumos e, posteriormente, textos completos. Os critérios de inclusão foram: relevân -cia para o tema, publicação em periódicos revisa -dos por pares e contribuição teórica ou prática para o debate ético. Foram excluídas publicações duplicadas, resumos de conferências sem texto completo e artigos com foco estritamente técnico ou computacional da IA, sem discussão ética.",0.41442689299583435
Quais são os impactos da inteligência artificial?,bioetica_e_ia.md,66,"4) Análise e síntese dos resultados por meio de leitura crítica e categorização temática, com ênfase em tópicos recorrentes, como autonomia médica, responsabilidade  por  decisões  automatizadas, explicabilidade algorítmica e equidade no acesso a tecnologias baseadas em IA.",0.552021324634552
Quais são os impactos da inteligência artificial?,bioetica_e_ia.md,68,"A  metodologia  adotada  visa  não  apenas mapear o estado da arte dos dilemas bioéticos da IA médica, mas também contextualizá-los à luz dos princípios hipocráticos clássicos - como beneficência, não maleficência e confidencialidade - e, com isso, identificar pontos de convergência e tensão com nossos paradigmas tecnológicos. Tal abordagem contribui para o amadurecimento crítico do debate e fornece subsídios conceituais para formulação de políticas públicas e diretrizes clínicas e desenvolvi -mento de tecnologias mais sensíveis aos princípios éticos da medicina.",0.4597165584564209
Quais são os impactos da inteligência artificial?,bioetica_e_ia.md,70,## Discussão,0.2576058804988861
Quais são os impactos da inteligência artificial?,bioetica_e_ia.md,72,## A ética médica entre Hipócrates e a era digital,0.30107825994491577
Quais são os impactos da inteligência artificial?,bioetica_e_ia.md,74,"Desde  a  Antiguidade,  a  medicina  tem  se norteado por princípios éticos que refletem com -promisso moral com o bem-estar do paciente. O Juramento de Hipócrates, datado do século V a.C., sintetiza  esse  legado  e  constitui-se  em  marco simbólico e normativo da ética médica ocidental, na  medida  em  que  enuncia  compromissos fundamentais como promoção do bem, abstenção de causar danos, respeito à confidencialidade e conduta moral do profissional de saúde 3 .  Esses valores, que deram origem aos pilares bioéticos da  beneficência,  não  maleficência,  autonomia e  justiça,  permaneceram  como  bússola  moral ao  longo  de  séculos,  mesmo  diante  das  trans -formações científicas e socioculturais. Contudo, a  ascensão  da  inteligência  artificial  representa novo ponto de inflexão, pois desafia a aplicabili -dade e a suficiência dessas diretrizes tradicionais para orientar práticas médicas mediadas por tec -nologias que tomam decisões, aprendem autono -mamente e operam em escala 2 .",0.3797753155231476
Quais são os impactos da inteligência artificial?,bioetica_e_ia.md,76,"Tal  transformação  cria  desafios  éticos,  pois a lógica algorítmica que rege os sistemas de IA nem sempre é transparente ou compatível com os valores humanísticos da medicina tradicional 4 . A medicina digital, ao incorporar algoritmos de machine learning ,  sistemas  de  apoio  a  decisão clínica e tecnologias preditivas baseadas em big data ,  expande  as  possibilidades  diagnósticas  e terapêuticas, mas também desloca a centralidade do juízo clínico humano. Ou seja, a IA pode ampliar exponencialmente a capacidade diagnóstica e pre -ditiva da prática médica, mas também deslocar a autoridade decisória do profissional para modelos estatísticos complexos, frequentemente opacos. Nesse contexto, surge a tensão entre a tradição ética  -  ancorada  na  relação  interpessoal  e  no julgamento prudente - e a nova racionalidade algorítmica, cuja lógica frequentemente se torna incompreensível, não auditável ou incontrolável 2 .",0.6056525707244873
Quais são os impactos da inteligência artificial?,bioetica_e_ia.md,78,"Essa  transição  tecnológica  impõe  à  bioética tradicional o desafio de reconfigurar seus funda -mentos para que esta seja capaz de orientar prá -ticas em ambientes tecnologizados, ou seja, nos quais as decisões não são mais tomadas exclusi -vamente por sujeitos humanos, mas por sistemas híbridos em que o médico delega ou compartilha responsabilidades com máquinas  5,21 . A medicina do futuro será, assim, além de prática humana apoiada pela técnica, uma coprodução entre humanos e algoritmos  6 .  Tal  cenário  exige  profunda  recon -figuração ética,  capaz  de  lidar  com  questões  de responsabilidade compartilhada, justiça algorítmica, transparência e governança de dados. Ao mesmo tempo, a ética hipocrática continua a oferecer refe -rencial fundamental, desde que reinterpretada à luz das novas mediações tecnológicas. Como destacam Floridi e colaboradores 17 , o desenvolvimento ético da IA deve integrar princípios humanísticos desde sua concepção, visando à construção de uma socie -dade digital justa, transparente e digna.",0.5525909066200256
Quais são os impactos da inteligência artificial?,bioetica_e_ia.md,80,## Autonomia e opacidade algorítmica,0.31678307056427
Quais são os impactos da inteligência artificial?,bioetica_e_ia.md,82,"O princípio da autonomia é central na ética médica  moderna  e  representa  o  direito  do paciente  de  tomar  decisões  informadas  sobre seu  próprio  cuidado.  A  realização  plena  desse princípio, fundamentado na transparência da rela -ção médico-paciente, depende de comunicação clara, compreensão dos riscos e participação ativa do paciente no processo terapêutico. Contudo, a ascensão da IA, especialmente em formas de deep learning , ameaça minar essa transparência essencial. Algoritmos complexos, treinados com grandes  volumes  de  dados,  frequentemente operam como 'caixas-pretas', ou seja, são inca -pazes de explicar, de forma compreensível, como chegaram a determinada recomendação  1,2,4,22 .",0.468037873506546
Quais são os impactos da inteligência artificial?,bioetica_e_ia.md,84,"Tal opacidade compromete a base do consenti -mento informado, já que nem mesmo profissionais de saúde compreendem integralmente os crité -rios utilizados pelos algoritmos. Como destacam Morley e colaboradores 21 , quando o médico não consegue explicar ao paciente como uma decisão foi tomada - seja um diagnóstico, classificação de risco ou proposta terapêutica -, o próprio pacto ético que fundamenta a autonomia acaba sendo abalado. O paciente, em vez de decidir livremente, torna-se dependente de um sistema cuja lógica lhe é inacessível.",0.33213990926742554
Quais são os impactos da inteligência artificial?,bioetica_e_ia.md,86,"Além  disso,  a  opacidade  algorítmica  intro -duz novas camadas de assimetria informacional. Pacientes com menor escolaridade, acesso digital limitado ou baixo letramento em saúde são ainda mais vulneráveis a perda de autonomia, uma vez que enfrentam barreiras adicionais à compreen -são dos processos decisórios. Como defendido por Gerke, Minssen e Cohen, a autonomia não é ape -nas direito individual, mas fenômeno relacional que exige contextos adequados para ser exercida - entre eles, o acesso a informação clara e inteligível 6 .",0.37623390555381775
Quais são os impactos da inteligência artificial?,bioetica_e_ia.md,88,"A questão se agrava quando consideramos a ambiguidade em torno da responsabilidade ética e jurídica das decisões tomadas com auxílio de IA. Quando uma decisão clínica é tomada com base em recomendação algorítmica, quem deve ser responsabilizado por seus resultados? O médico? O desenvolvedor do algoritmo? A instituição  5 ? A ausência de clareza quanto à responsabilização moral - o que é chamado por alguns autores de 'vácuo ético' 23 - compromete não apenas a auto -nomia, mas a própria legitimidade do cuidado.",0.5136051177978516
Quais são os impactos da inteligência artificial?,bioetica_e_ia.md,90,"Nesse cenário, torna-se urgente avançar na direção de sistemas mais explicáveis e auditáveis 24 . A transparência algorítmica, aliada ao desenvolvi -mento de mecanismos participativos de consen -timento e mediação, é condição essencial para preservar a autonomia do paciente em uma era dominada por decisões automatizadas.",0.39054274559020996
Quais são os impactos da inteligência artificial?,bioetica_e_ia.md,92,## Beneficência e risco de viés algorítmico,0.3457464277744293
Quais são os impactos da inteligência artificial?,bioetica_e_ia.md,94,"A  beneficência,  enquanto  obrigação  moral de agir no melhor interesse do paciente, adquire novos  contornos  em  uma  medicina  mediada por  inteligência  artificial.  Ferramentas  de  IA têm demonstrado, em diversos estudos, acurá -cia comparável ou superior à humana em tare -fas como interpretação de imagens radiológicas para  classificação  de  câncer  de  pele 1 e  predi -ção de eventos cardiovasculares 22 .  No  entanto, essa superioridade técnica não implica neutra -lidade  ética.  Como  advertem  alguns  autores, o  desempenho  dos  algoritmos  depende  forte -mente da qualidade, diversidade e representativi -dade dos dados utilizados em seu treinamento 21 .",0.5621967315673828
Quais são os impactos da inteligência artificial?,bioetica_e_ia.md,96,"Diversos estudos apontam que sistemas trei -nados  com  dados  historicamente  enviesados tendem a replicar e até amplificar desigualdades preexistentes.  Um  exemplo  emblemático  é  o algoritmo  de  gerenciamento  populacional  de saúde que subestimava a gravidade da condição de pacientes negros, pois utilizava como proxy o custo com cuidados de saúde 14 -  um indica -dor  influenciado  por  desigualdade  estrutural. A  aplicação  acrítica  desses  sistemas  pode, portanto, violar o princípio da beneficência por produzir resultados discriminatórios e ineficazes para determinados grupos.",0.3412967026233673
Quais são os impactos da inteligência artificial?,bioetica_e_ia.md,98,"Além disso,  o  risco  de  viés  algorítmico  não se limita a questões raciais ou socioeconômicas. Até mesmo sistemas desenvolvidos para recru -tamento  automatizado  apresentaram  viés  de gênero,  penalizando  candidatas  mulheres  25 ,  e, ainda,  demonstraram desempenho inferior em populações  negras,  idosos  ou  pacientes  com comorbidades múltiplas, refletindo vieses de repre -sentatividade dos dados de treinamento. Quando esse tipo de lógica é transferido para o campo da saúde, o potencial de dano ético aumenta, pois decisões clínicas podem determinar desfechos de vida ou morte. Em vez de promover o bem, a IA pode, inadvertidamente, reforçar padrões discri -minatórios e dificultar o acesso equitativo a cuida -dos de qualidade - o que infringe o princípio da beneficência e fere o ideal hipocrático de tratar igualmente todos os pacientes.",0.5143153667449951
Quais são os impactos da inteligência artificial?,bioetica_e_ia.md,100,"Nesse  contexto,  a  beneficência  exige  não apenas eficácia técnica, mas também vigilância constante sobre a equidade dos sistemas de IA. É necessário desenvolver metodologias de audi -toria algorítmica capazes de identificar padrões discriminatórios,  corrigir  vieses  e  garantir  que os benefícios da IA sejam distribuídos de forma justa 6 . A avaliação ética deve fazer parte do pró -prio ciclo de vida do sistema, desde o design até a implementação clínica  25 .",0.521896481513977
Quais são os impactos da inteligência artificial?,bioetica_e_ia.md,102,## Não maleficência e danos invisíveis,0.3051965534687042
Quais são os impactos da inteligência artificial?,bioetica_e_ia.md,104,"A não maleficência, princípio ético expresso pela  máxima  ' primum  non  nocere '  -  ou  seja, 'primeiro, não causar dano' -, exige do profis -sional  o  compromisso  de  evitar  ou  minimizar quaisquer prejuízos à saúde e ao bem-estar do paciente durante o cuidado médico. No contexto da IA, no entanto, esse entendimento deve ser ampliado para englobar riscos não intencionais, já que os danos nem sempre são visíveis, imediatos ou diretos, o que não minimiza o potencial de prejuízos significativos à saúde, à integridade ou à dignidade dos pacientes. O uso de sistemas auto -matizados pode acarretar consequências clínicas, psicológicas  e  sociais  não  intencionais,  muitas vezes imperceptíveis no início, mas com efeitos profundos em médio e longo prazos  21,23 .",0.4871140122413635
Quais são os impactos da inteligência artificial?,bioetica_e_ia.md,106,"Entre os riscos mais discutidos estão os erros diagnósticos causados por mau funcionamento do  sistema,  interpretação  inadequada  ou  uso fora de escopo. Mesmo que a IA possa oferecer precisão  superior  em  determinados  contextos, ela é tão falível quanto seus dados e parâmetros. Decisões clínicas automatizadas podem ignorar singularidades do paciente e levar a condutas ina -dequadas em situações complexas ou atípicas  26 . Isso pode ser ainda mais problemático quando há",0.5442904829978943
Quais são os impactos da inteligência artificial?,bioetica_e_ia.md,108,"excesso de confiança dos profissionais na reco -mendação algorítmica, fenômeno conhecido como automation bias (viés de automação).",0.38373157382011414
Quais são os impactos da inteligência artificial?,bioetica_e_ia.md,110,"Outro risco ético relevante é a desumanização do cuidado, uma vez que, com o avanço da tec -nologia, tende-se a valorizar o que é quantificável e  previsível  em  detrimento  da  subjetividade 27 . A substituição da escuta clínica pela interação com interfaces digitais pode reduzir o espaço para a expressão do sofrimento, do medo e da vulnera -bilidade do paciente e resultar em desumanização do cuidado e negligência de aspectos subjetivos e afetivos essenciais à experiência do adoecer 27 . Esse esvaziamento afetivo, embora difícil de medir, constitui um tipo de dano invisível - emocional e existencial - que contraria a integralidade do cuidado hipocrático.",0.4219880998134613
Quais são os impactos da inteligência artificial?,bioetica_e_ia.md,112,"Além disso, o uso de IA em saúde pode gerar efeitos coletivos adversos. Falhas de segurança, vazamento  de  dados  ou  decisões  sistêmicas enviesadas  minam  a  confiança  da  sociedade nos  sistemas  de  saúde.  A  não  maleficência, aqui,  deve  ir  além  da  dimensão  individual e  considerar  os  impactos  éticos  sistêmicos  e institucionais da automação.",0.6228954195976257
Quais são os impactos da inteligência artificial?,bioetica_e_ia.md,114,"A fim de mitigar esses riscos, é essencial incorpo -rar medidas de robustez, rastreabilidade e auditoria contínua 23 . Transparência, capacidade de revisão e a possibilidade de ' override humano' (capacidade de  intervir  ou  substituir  a  decisão  tomada  pela IA por um ser humano) são componentes éticos indispensáveis  para  que  a  IA  médica  opere  sob o princípio da não maleficência 24 . A tecnologia deve ser  testada não apenas quanto a sua eficiência, mas também quanto a sua resiliência ética.",0.5598750710487366
Quais são os impactos da inteligência artificial?,bioetica_e_ia.md,116,"## Justiça, equidade e o acesso digital à IA em saúde",0.45014289021492004
Quais são os impactos da inteligência artificial?,bioetica_e_ia.md,118,"O princípio  da  justiça,  entendido  como  a obrigação de tratar todos com equidade e de promover acesso justo aos recursos em saúde, adquire novas camadas de complexidade na era da inteligência artificial. Se, por um lado, a IA promete ampliar o alcance do cuidado médico por meio de telemedicina, triagem remota e diagnósticos automatizados, por outro, esses avanços tecnológicos frequentemente esbarram em barreiras estruturais que aprofundam desi -gualdades já existentes  21,28,29 .",0.5759343504905701
Quais são os impactos da inteligência artificial?,bioetica_e_ia.md,120,"A  literatura  evidencia  que  países  de  baixa e  média renda, assim como regiões periféricas e comunidades vulneráveis, frequentemente care -cem da  infraestrutura  mínima  necessária  para implementar soluções baseadas em IA: conectivi -dade, interoperabilidade de sistemas, qualificação profissional,  equipamentos  e  políticas  públicas orientadas para inclusão digital  29,30 .  A  ausência dessas condições compromete não apenas a efi -cácia das tecnologias, mas também a equidade na distribuição de seus benefícios.",0.4905667006969452
Quais são os impactos da inteligência artificial?,bioetica_e_ia.md,122,"A justiça social deve ser princípio norteador no  desenvolvimento  de  tecnologias  de  IA,  de modo a evitar a criação de uma medicina 'em duas velocidades': uma de alta performance e precisão, para quem pode pagar; outra, limitada e convencional, para quem depende do sistema público 17 . A mercantilização da IA na saúde pode ampliar o abismo entre pacientes de diferentes classes  sociais  e  consolidar  o  que  foi  chamado de 'injustiça automatizada' 31 .",0.5136121511459351
Quais são os impactos da inteligência artificial?,bioetica_e_ia.md,124,"Esse risco exige abordagem regulatória cen -trada em justiça distributiva. As diretrizes éticas globais sobre IA convergem para a necessidade de políticas que promovam acesso inclusivo, dados representativos  e  participação  de  populações sub-representadas no design e na validação dos sistemas  5 .  No Brasil, por exemplo, a implemen -tação ética da IA depende de investimentos em saúde digital pública, incentivo à interoperabili -dade e capacitação profissional  28 .",0.5343692898750305
Quais são os impactos da inteligência artificial?,bioetica_e_ia.md,126,"Portanto, a justiça na era da IA não é apenas questão de distribuição de recursos, mas também de  inclusão  epistemológica.  Grupos  historica -mente marginalizados devem ser incorporados ao processo de desenvolvimento tecnológico, desde a produção de dados até a formulação de crité -rios de validação. Só assim será possível construir uma inteligência artificial verdadeiramente plural e comprometida com os valores hipocráticos da medicina universal.",0.5023895502090454
Quais são os impactos da inteligência artificial?,bioetica_e_ia.md,128,"## Confidencialidade, LGPD e a nova ética da privacidade",0.31475237011909485
Quais são os impactos da inteligência artificial?,bioetica_e_ia.md,130,"Sigilo médio é um dos pilares mais antigos da ética profissional em saúde. Desde o Juramento de Hipócrates, preservar o segredo das informações obtidas durante o cuidado é considerado dever moral e jurídico. No entanto, a IA, por operar com grandes volumes de dados sensíveis, impõe desa -fios inéditos a esse princípio 6,21 .",0.28640300035476685
Quais são os impactos da inteligência artificial?,bioetica_e_ia.md,132,"Sistemas de IA dependem de dados clínicos extensivos para treinamento, validação e opera -ção em tempo real. Muitas vezes, há informações altamente identificáveis, como imagens médicas, genomas,  prontuários  e  metadados  pessoais. Mesmo  técnicas  de  anonimização  podem  ser ineficazes, já que algoritmos conseguem reiden -tificar  indivíduos por cruzamento de dados  15,30 . A coleta massiva desses dados, muitas vezes em segundo plano (via aplicativos, wearables , portais on-line), desafia a capacidade de obtenção de con -sentimento informado e a governança ética desses bancos de informação.",0.5292742848396301
Quais são os impactos da inteligência artificial?,bioetica_e_ia.md,134,"No Brasil, a LGPD  8 ,  que estabelece diretrizes para o tratamento de dados pessoais, exige base legal clara, minimização de dados, mecanismos de revogação, direito a portabilidade, eliminação e  consentimento  informado,  especialmente em  relação  aos  chamados  'dados  sensíveis', como os de saúde.",0.26692527532577515
Quais são os impactos da inteligência artificial?,bioetica_e_ia.md,136,"A regulamentação da telessaúde no Brasil, por meio da Lei 14.510/2022 7 ,  reforça a obrigatorie -dade de preservar a integridade, confidencialidade e disponibilidade das informações digitais em aten -dimentos remotos. Já a Resolução CFM 2.314/2022  9 estabelece que o médico deve garantir, por meios tecnológicos adequados, a proteção dos dados do paciente e informá-lo sobre os riscos do atendi -mento virtual. Assim, essas normativas convergem para construir um ecossistema digital seguro, ético e centrado no paciente quando o serviço médico é prestado em território brasileiro.",0.2977847158908844
Quais são os impactos da inteligência artificial?,bioetica_e_ia.md,138,"No  contexto  internacional,  destacam-se  o HIPAA 12 e  o  HITECH 13 ,  nos Estados Unidos, que definem  padrões  de  segurança,  integridade  e auditoria de dados clínicos digitais; e o GDPR  10 e a NIS Directive 11 , na Europa, que estabelecem o  princípio  de privacy  by  design (princípio  de proteção de dados segundo o qual privacidade deve ser incorporada desde as fases iniciais do desenvolvimento de sistemas, produtos, serviços ou  processos)  e  exigem accountability (dever de responsabilização e prestação de contas) dos controladores de dados e segurança cibernética em setores críticos, como a saúde.",0.3133869767189026
Quais são os impactos da inteligência artificial?,bioetica_e_ia.md,140,"Essas legislações indicam que a ética médica contemporânea deve incorporar uma bioética dos dados: um conjunto de responsabilidades éticas e técnicas voltadas à proteção da privacidade e da autodeterminação informacional dos pacientes. Vivemos em uma era de 'capitalismo de vigilân -cia', na qual dados pessoais são continuamente coletados e comercializados, de modo que a pro -teção da confidencialidade não é apenas questão técnica, mas também política e cultural 32 .",0.3469034433364868
Quais são os impactos da inteligência artificial?,bioetica_e_ia.md,142,## Responsabilidade moral e accountability em sistemas híbridos,0.3623828887939453
Quais são os impactos da inteligência artificial?,bioetica_e_ia.md,144,"Com a introdução da inteligência artificial na prática clínica, a noção tradicional de responsa -bilidade moral - centrada na figura do médico como decisor autônomo - passa por profunda transformação. Em ambientes onde decisões clíni -cas são compartilhadas entre humanos e algorit -mos, a linha entre causalidade, responsabilidade e culpa torna-se nebulosa  4,6 .",0.5845947861671448
Quais são os impactos da inteligência artificial?,bioetica_e_ia.md,146,"Essa ambiguidade é conhecida na literatura como 'vácuo de responsabilidade' 23 e caracteriza-se pela dificuldade de atribuir responsabilidade em casos de erro médico assistido por IA. Por exemplo, se um algoritmo recomenda uma conduta baseada em evi -dência estatística e o médico, ao segui-la, causa dano ao paciente, quem responde?",0.4240812063217163
Quais são os impactos da inteligência artificial?,bioetica_e_ia.md,148,"A  literatura  propõe  o  conceito  de  'respon -sabilidade  dividida',  que  reconhece  a  mul -tiplicidade  de  agentes  envolvidos,  desde  os programadores e cientistas de dados até os fato -res hospitalares e médicos 17 . Entretanto, o simples reconhecimento dessa complexidade não resolve o dilema ético, pois pode gerar efeito de dilui -ção  de  culpa,  enfraquecendo  os  mecanismos de accountability institucional 33 .",0.3510510325431824
Quais são os impactos da inteligência artificial?,bioetica_e_ia.md,150,"Como resposta a esse desafio, autores defen -dem o desenvolvimento de normas éticas e legais que responsabilizem todas as partes envolvidas, com ênfase na auditabilidade dos sistemas e na rastreabilidade  das  decisões.  Isso  implica,  por exemplo,  que  todo  sistema  de  IA  utilizado  em saúde deve manter registros acessíveis dos dados que foram utilizados, dos modelos que foram apli -cados e das recomendações que foram emitidas, dos contextos em que o foram e por quem  5 .",0.4568618834018707
Quais são os impactos da inteligência artificial?,bioetica_e_ia.md,152,"Na prática clínica, é essencial que o médico man -tenha autonomia crítica diante dos sistemas auto -matizados e os utilize como ferramentas de apoio, e  não  como  substitutos  do  julgamento  clínico.",0.2866377532482147
Quais são os impactos da inteligência artificial?,bioetica_e_ia.md,154,"A  IA  deve  ser  uma  'inteligência  aumentada' 2 , e  não  autoridade  autônoma.  Retomar  a  cen -tralidade  do  médico  como  guardião  do  julga -mento clínico, mesmo em contextos tecnológicos avançados, pode ser um caminho para reequili -brar o princípio hipocrático da prudência com a inovação. Nesse sentido, preservar a centralidade ética do médico no processo decisório é medida de proteção tanto à segurança do paciente quanto à integridade da profissão médica.",0.38841575384140015
Quais são os impactos da inteligência artificial?,bioetica_e_ia.md,156,## Crise da relação médico-paciente na era algorítmica,0.31852656602859497
Quais são os impactos da inteligência artificial?,bioetica_e_ia.md,158,"A  medicina  tradicional  sempre  foi  cons -truída sobre uma relação interpessoal complexa, marcada  por  escuta  ativa,  empatia,  confiança e  julgamento  clínico  humanizado.  No  entanto, a crescente mediação da prática médica por sis -temas  digitais  -  desde  triagens  automatizadas por chatbots (programas  desenvolvidos  para simular conversa com seres humanos, por meio de linguagem natural) até algoritmos de decisão clínica  -  ameaça  reduzir  a  dimensão  subjetiva e ética da interação entre médico e paciente  15,21 .",0.3991369307041168
Quais são os impactos da inteligência artificial?,bioetica_e_ia.md,160,"Alguns  autores  apontam  que,  ao  priorizar eficiência, padronização e objetividade, sistemas baseados em IA tendem a marginalizar aspectos humanísticos  do  cuidado,  como  compreensão do  sofrimento,  da  dor  ou  das  expectativas  do paciente 27 . O modelo hipocrático pressupõe um médico que conhece o paciente em sua integra -lidade - biológica, emocional e social - e que, portanto, é capaz de adaptar condutas de maneira ética e prudente. Todavia, o uso excessivo de tec -nologias pode levar à chamada 'despersonalização algorítmica' do cuidado, na qual a subjetividade do paciente é reduzida a variáveis numéricas ou pro -babilísticas, sem espaço para narrativas pessoais ou singularidades  28 . Além disso, a confiança, que é componente essencial da aliança terapêutica, pode ser transferida para a tecnologia - fenômeno conhecido como trust displacement -, o que fragi -liza o vínculo com o profissional, prejudica a ade -são ao tratamento e cria expectativas infundadas de infalibilidade técnica 34 .",0.5226374864578247
Quais são os impactos da inteligência artificial?,bioetica_e_ia.md,162,"Adicionalmente, o uso de IA em etapas ini -ciais  do  cuidado,  como  triagem  automatizada por chatbots , pode reduzir o contato humano em momentos decisivos para o paciente, o que gera insegurança, solidão ou sensação de abandono. A  tecnologia  tende  a  desvalorizar  a  escuta  e  a intuição clínica - capacidades que, embora não quantificáveis,  são  essenciais  para  reconhecer o sofrimento humano em sua complexidade 27 .",0.540327787399292
Quais são os impactos da inteligência artificial?,bioetica_e_ia.md,164,"Esse cenário desafia a própria identidade do médico. Se antes ele era visto como cuidador e conselheiro, hoje corre o risco de ser reduzido a operador técnico de sistemas, perdendo espaço para o raciocínio clínico e para a aética do encon -tro. É importante resgatar a noção de que a medi -cina deve ser, antes de tudo, compromisso com o bem do outro 3 - algo que não pode ser delegado a máquinas, por mais eficientes que sejam.",0.35072657465934753
Quais são os impactos da inteligência artificial?,bioetica_e_ia.md,166,"Para  enfrentar  essa  crise,  torna-se  urgente promover uma formação médica voltada à ética digital,  ao  pensamento  crítico  sobre  IA  e  ao desenvolvimento de competências comunicacio -nais para interações mediadas por tecnologia  16 . Restaurar  a  centralidade  da  relação  humana no  cuidado  é  imperativo  ético  que  nenhuma inovação pode substituir.",0.4245811700820923
Quais são os impactos da inteligência artificial?,bioetica_e_ia.md,168,## Reinterpretação dos princípios hipocráticos no século XXI,0.24141451716423035
Quais são os impactos da inteligência artificial?,bioetica_e_ia.md,170,"A  análise  dos  estudos  revisados  revela  que os  princípios  éticos  enunciados  por  Hipócrates continuam sendo uma base moral valiosa para a medicina contemporânea, mas necessitam de reinterpretação diante dos desafios da inteligência artificial. Essa reinterpretação pode ser sintetizada em quatro movimentos:",0.4188300669193268
Quais são os impactos da inteligência artificial?,bioetica_e_ia.md,172,"1) Autonomia 2.0: a autonomia do paciente, no contexto da IA, não se limita à escolha de trata -mentos e inclui o direito a explicação, não discrimi -nação algorítmica e proteção de dados sensíveis. Surge a necessidade de consentimento informado ampliado, capaz de abordar riscos tecnológicos e o funcionamento de sistemas automatizados 24 .",0.487702876329422
Quais são os impactos da inteligência artificial?,bioetica_e_ia.md,174,"2) Beneficência inclusiva: fazer o bem requer assegurar que os benefícios das tecnologias sejam distribuídos  de  forma  equitativa.  Isso  implica monitorar vieses de dados, priorizar desenvolvi -mento ético de algoritmos e evitar que inovações aumentem desigualdades sociais 14 .",0.4321155846118927
Quais são os impactos da inteligência artificial?,bioetica_e_ia.md,176,"3) Não maleficência sistêmica: prevenir danos não  significa  apenas  evitar  erros  clínicos,  mas também  antecipar  consequências  sistêmicas da automação, como exclusão digital, perda de competências  médicas  e  descaracterização  do cuidado baseado nos princípios hipocráticos 23 .",0.39891499280929565
Quais são os impactos da inteligência artificial?,bioetica_e_ia.md,178,"4) Justiça digital: a justiça na era da IA exige que todos os envolvidos tenham acesso a tecnologias seguras, eficazes e eticamente projetadas. A gover -nança algorítmica deve considerar o pluralismo cultural, a diversidade de contextos e o respeito aos direitos fundamentais dos pacientes 17 .",0.4867166578769684
Quais são os impactos da inteligência artificial?,bioetica_e_ia.md,180,"Assim,  o  legado  hipocrático  não  é  descar -tado, mas atualizado, funcionando como matriz ética viva que pode orientar decisões morais em ambientes tecnocientíficos complexos.",0.29330793023109436
Quais são os impactos da inteligência artificial?,bioetica_e_ia.md,182,## Propostas bioéticas para uma IA centrada no paciente,0.46468546986579895
Quais são os impactos da inteligência artificial?,bioetica_e_ia.md,184,"Com base na literatura revisada, é possível deli -near algumas diretrizes bioéticas para o desenvol -vimento e a aplicação da IA na medicina:",0.4755859673023224
Quais são os impactos da inteligência artificial?,bioetica_e_ia.md,186,"1) Transparência e explicabilidade algorítmica: os sistemas devem ser auditáveis e compreensí -veis, para permitir ao médico e ao paciente enten -derem os critérios das decisões sugeridas  4,24 .",0.3478218913078308
Quais são os impactos da inteligência artificial?,bioetica_e_ia.md,188,2) Consentimento informado dinâmico: mecanis -mos de consentimento contínuo e contextualizado devem ser desenvolvidos de modo que se adaptem à natureza interativa das tecnologias digitais 35 .,0.37126055359840393
Quais são os impactos da inteligência artificial?,bioetica_e_ia.md,190,"3) Participação inclusiva: o desenvolvimento de IA deve incluir múltiplos atores, com especial atenção às vozes dos usuários finais - médicos e pacientes -, para assegurar alinhamento com valores clínicos 25,35 .",0.47104859352111816
Quais são os impactos da inteligência artificial?,bioetica_e_ia.md,192,"4) Governança ética: a implementação da IA deve ser acompanhada por comitês éticos multidisciplina -res que revisem seus impactos em tempo real, a fim de promover ajustes de responsabilização 18,36 .",0.5219996571540833
Quais são os impactos da inteligência artificial?,bioetica_e_ia.md,194,"5) Educação médica para a era digital: os currí -culos de medicina devem incluir formação em ética da tecnologia, literacia de dados e pensamento crí -tico sobre IA, para evitar dependência acrítica ou delegação irresponsável  16 .",0.45386409759521484
Quais são os impactos da inteligência artificial?,bioetica_e_ia.md,196,"Essas  propostas,  embora  ainda  em  construção, apontam caminhos para uma medicina algorítmica mais ética, transparente e centrada na dignidade humana.",0.36898213624954224
Quais são os impactos da inteligência artificial?,bioetica_e_ia.md,198,## Limitações da literatura atual e lacunas para pesquisa futura,0.3218616843223572
Quais são os impactos da inteligência artificial?,bioetica_e_ia.md,200,"Apesar da crescente produção científica sobre ética  da  IA  na  medicina,  a  literatura  apresenta lacunas importantes. Em primeiro lugar, há pre -domínio de estudos teóricos e normativos, com escassez de dados empíricos sobre a experiência de médicos e pacientes em contextos reais de uso de IA. A ausência de estudos qualitativos limita a compreensão de como os dilemas éticos se mani -festam na prática cotidiana 21 .",0.5161091089248657
Quais são os impactos da inteligência artificial?,bioetica_e_ia.md,202,"Em segundo lugar, muitas pesquisas têm enfo -que euro-americano e, portanto, desconsideram desigualdades digitais e especificidades culturais, legais e sociais de outros contextos, como de países da América Latina e da África. Estudos sobre justiça algorítmica precisam incorporar perspectivas pós --coloniais e de saúde global, sob risco de repetir padrões tecnocêntricos e excludentes 37 e reprodu -zir exclusões históricas com roupagem tecnológica.",0.34146368503570557
Quais são os impactos da inteligência artificial?,bioetica_e_ia.md,204,"Além disso, observa-se falta de integração entre marcos legais, clínicos e éticos. Poucos modelos oferecem orientações práticas que articulem em um só framework as exigências da LGPD, da ética médica e da eficiência clínica. Nesse sentido, há demanda urgente por pesquisas interdisciplinares que dialoguem com direito, sociologia, ciência da computação e fisiologia moral, e o engajamento com pacientes e a ampliação dos fóruns de deli -beração ética podem ser caminhos promissores, sem perder a inovação.",0.3474174737930298
Quais são os impactos da inteligência artificial?,bioetica_e_ia.md,206,"O avanço ético da IA na medicina exige não apenas inovação técnica, mas também compro -metimento  público  e  institucional  com  digni -dade humana. Preservar o espírito do Juramento de Hipócrates ao adaptá-lo aos tempos digitais é  o  maior  desafio  -  e  a  maior  oportunidade  da bioética contemporânea.",0.45751720666885376
Quais são os impactos da inteligência artificial?,bioetica_e_ia.md,208,## Considerações finais,0.26417553424835205
Quais são os impactos da inteligência artificial?,bioetica_e_ia.md,210,"A inteligência artificial representa uma das transformações mais significativas da prática médica no século XXI. Ao mesmo tempo que oferece recursos poderosos para diagnósticos, prognósticos  e  terapias  personalizadas,  sua adoção  em  larga  escala  impõe  desafios  éti -cos profundos que reconfiguram os alicerces tradicionais da medicina. Tais transformações demandam não apenas atualização técnica dos profissionais de saúde, mas também reflexão crítica sobre os valores que devem nortear o uso dessas tecnologias.",0.6774048805236816
Quais são os impactos da inteligência artificial?,bioetica_e_ia.md,212,"A  análise  crítica  da  literatura  revela  que  os princípios hipocráticos da beneficência, não male -ficência,  autonomia  e  justiça  continuam  sendo fundamentais, mas precisam ser reinterpretados à luz dos riscos e potencialidades da era digital. Autonomia, por exemplo, já não pode ser garan -tida  apenas  pelo  consentimento  informado tradicional:  ela  requer  explicabilidade  algorít -mica e transparência das decisões automatizadas. Beneficência demanda vigilância constante con -tra vieses nos dados e nos sistemas de aprendi -zagem da máquina, que podem comprometer a qualidade e a equidade do cuidado. Não malefi -cência exige abordagem sistêmica e interdiscipli -nar, que leve em conta os efeitos não intencionais dos algoritmos na prática clínica. E justiça implica compromisso com a democratização do acesso a tecnologias, a fim de evitar a concentração de recursos em contextos privilegiados.",0.4553101658821106
Quais são os impactos da inteligência artificial?,bioetica_e_ia.md,214,"Adicionalmente,  os  marcos  legais  nacio -nais e internacionais oferecem importante base normativa, mas ainda insuficiente para dar conta da complexidade ética que os sistemas de IA em saúde introduzem. Embora forneçam diretrizes relevantes para proteção de dados e segurança da informação, muitos desses regulamentos ainda não abrangem integralmente os dilemas ligados à autonomia algorítmica, à responsabilidade em",0.5005776286125183
Quais são os impactos da inteligência artificial?,bioetica_e_ia.md,216,## Referências,0.24978011846542358
Quais são os impactos da inteligência artificial?,bioetica_e_ia.md,218,"1. Esteva A, Kuprel B, Novoa RA, Ko J, Swetter SM, Blau HM et al .  Dermatologist-level classification of skin cancer with deep neural networks. Nature [Internet]. 2017 [acesso 5 jun 2025];542(7639):115-8. DOI: 10.1038/nature21056",0.26336073875427246
Quais são os impactos da inteligência artificial?,bioetica_e_ia.md,219,2. Topol EJ. High-performance medicine: the convergence of human and artificial intelligence. Nat Med [Internet]. 2019 [acesso 5 jun 2025];25(1):44-56. DOI: 10.1038/s41591-018-0300-7,0.4547858238220215
Quais são os impactos da inteligência artificial?,bioetica_e_ia.md,220,"3. Pellegrino  ED,  Thomasma  DC.  For  the  patient's  good:  the  restoration  in  health  care.  New  York: Oxford University Press; 1998.",0.00019405318016652018
Quais são os impactos da inteligência artificial?,bioetica_e_ia.md,221,4. London  AJ.  Artificial  intelligence  and  black-box  medical  decisions:  accuracy  versus  explainability. Hastings Cent Rep [Internet]. 2019 [acesso 5 jun 2025];49(1):15-21. DOI: 10.1002/hast.973,0.4231867492198944
Quais são os impactos da inteligência artificial?,bioetica_e_ia.md,222,"5. Jobin A, lenca M, Vayena E. The global landscape of AI ethics guidelines. Nat Mach Intell [Internet]. 2019 [acesso 5 jun 2025];1(9):389-99. DOI: 10.1038/s42256-019-0088-2",0.5304730534553528
Quais são os impactos da inteligência artificial?,bioetica_e_ia.md,223,"6. Gerke S, Minssen T, Cohen G. Ethical and legal challenges of artificial intelligence-driven healthcare. Artificial Intelligence in Healthcare. 2020:295-336. DOI: 10.1016/B978-0-12-818438-7.00012-5",0.4303813874721527
Quais são os impactos da inteligência artificial?,bioetica_e_ia.md,224,"7. Brasil. Lei nº 14.510, de 27 de dezembro de 2022. Dispõe sobre a prestação de serviços de telessaúde. Diário Oficial da União [Internet]. Brasília, 28 dez 2022 [acesso 6 jun 2025]. Disponível: https://tinyurl.com/ mr39srpb",0.23902474343776703
Quais são os impactos da inteligência artificial?,bioetica_e_ia.md,226,"sistemas híbridos (homem-máquina) e à trans -parência em modelos de aprendizado profundo, muitas vezes considerados 'caixas-pretas'.",0.4388791620731354
Quais são os impactos da inteligência artificial?,bioetica_e_ia.md,228,"Nesse contexto, a bioética contemporânea pre -cisa evoluir para incorporar, de forma verdadeira -mente interdisciplinar, os conceitos de governança algorítmica, proteção de dados sensíveis, justiça distributiva e responsabilização moral. Isso envolve a  participação  ativa  de  profissionais  da  saúde, juristas, engenheiros, filósofos e representantes da sociedade civil na formulação de políticas públicas e diretrizes clínicas. O desenvolvimento ético da IA em saúde não pode ser responsabilidade exclusiva dos programadores ou das empresas de tecno -logia:  deve ser um esforço conjunto, orientado pelo bem-estar humano.",0.4954286813735962
Quais são os impactos da inteligência artificial?,bioetica_e_ia.md,230,"A  preservação do espírito  do  Juramento  de Hipócrates  não  significa  resistir  ao  progresso tecnológico, mas assegurar que a inovação seja colocada a serviço da dignidade humana, da equi -dade e do cuidado compassivo. Cabe à medicina, à ética e ao direito construírem juntos um modelo de inteligência artificial que, mais do que aprender com dados, respeite valores fundamentais da vida e do cuidado. Afinal, o verdadeiro avanço da medi -cina digital dependerá da capacidade não apenas de prever doenças, mas também de promover humanidade em cada decisão automatizada.",0.4921511113643646
Quais são os impactos da inteligência artificial?,bioetica_e_ia.md,232,"8. Brasil. Lei nº 13.709, de 14 de agosto de 2018. Lei Geral de Proteção de Dados Pessoais (LGPD). Diário Oficial da União [Internet]. Brasília, 15 ago 2018 [acesso 6 jun 2025]. Disponível: https://bit.ly/4b4cssd",0.27598196268081665
Quais são os impactos da inteligência artificial?,bioetica_e_ia.md,233,"9. Conselho Federal de Medicina. Resolução nº 2.314, de 20 de abril de 2022. Define e regulamenta a telemedicina como forma de prestação de serviços médicos. Diário Oficial da União [Internet]. Brasília, p. 227, 5 maio 2022 [acesso 6 jun 2025]. Seção 1. Disponível: https://tinyurl.com/hyrzwr3f",0.21464498341083527
Quais são os impactos da inteligência artificial?,bioetica_e_ia.md,234,"10. European Parliament and Council. Regulation (EU) 2016/679 on the protection of natural persons with regard to the processing of personal data and on the free movement of such data, and repealing Directive 95/46/EC (General Data Protection Regulation). Official Journal of the European Union [Internet]. Geneva, 2016 [acesso 5 jun 2025]. Disponível: https://bit.ly/409B7qj",0.20194974541664124
Quais são os impactos da inteligência artificial?,bioetica_e_ia.md,235,11. European Commission. Directive (EU) 2016/1148 on Security of Network and INformation Systems (NIS  Directive).  Official  Journal  of  the  European  Union  [Internet].  2016  [acesso  6  jun  2025]. Disponível: https://bit.ly/4aQwtUa,0.23975077271461487
Quais são os impactos da inteligência artificial?,bioetica_e_ia.md,236,"12. United States. Public Law 104-191. Health Insurance Portability and Accountability Act of 1996 (HIPAA). Federal Register [Internet]. Washington, 20 ago 1996 [acesso 6 jun 2025]. Disponível: https://tinyurl.com/ vvkr9vm8",0.17983213067054749
Quais são os impactos da inteligência artificial?,bioetica_e_ia.md,237,"13. United States. Health Information Technology for Economic and Clinical Health Act (HITECH). Federal Register [Internet]. Washington, nº 209, Rules and Regulations, 30 out 2009 [acesso 10 set 2024]. Disponível: https://bit.ly/4d4yRYR",0.24650463461875916
Quais são os impactos da inteligência artificial?,bioetica_e_ia.md,238,"14. Obermeyer Z,  Powers  B,  Vogeli  C,  Mullainathan  S.  Dissecting  racial  bias  in  an  algorithm  used  to manage the health of populations. Science [Internet]. 2019 [acesso 6 jun 2025];366(6464):447-53. DOI: 10.1126/science.aax2342",0.2318175733089447
Quais são os impactos da inteligência artificial?,bioetica_e_ia.md,239,15. Lupton D. The digitally engaged patient: self-monitoring and self-care in the digital health era. Soc Theory Health [Internet]. 2013 [acesso 8 jun 2025];11(3):256-70. DOI: 10.1057/sth.2013.10,0.22029992938041687
Quais são os impactos da inteligência artificial?,bioetica_e_ia.md,240,16. Masters  K.  Artificial  intelligence  in  medical  education.  Med  Teach  [Internet].  2019  [acesso  14  jun 2025];41(9):976-80. DOI: 10.1080/0142159X.2019.1595557,0.4418655037879944
Quais são os impactos da inteligência artificial?,bioetica_e_ia.md,241,"17. Floridi L, Cowls J, Beltrametti M, Chatila R, Chazerand P, Dignum V et al . AI4People - an ethical framework for a good AI society: opportunities, risks, principles, and recommendations. Minds Mach [Internet]. 2018 [acesso 6 jun 2025];28(4):689-707. DOI: 10.1007/s11023-018-9482-5",0.5095612406730652
Quais são os impactos da inteligência artificial?,bioetica_e_ia.md,242,18. Mittelstadt BD. Principles alone cannot guarantee ethical AI. Nat Mach Intell [Internet]. 2019 [acesso 6 jun 2025];1(11):501-7. DOI: 10.1038/s42256-019-0114-4,0.41886213421821594
Quais são os impactos da inteligência artificial?,bioetica_e_ia.md,243,19. Gil AC. Métodos e técnicas de pesquisa social. 6ª ed. São Paulo: Atlas; 2008.,0.20758765935897827
Quais são os impactos da inteligência artificial?,bioetica_e_ia.md,244,20. Severino AJ. Metodologia do trabalho científico. 24ª ed. São Paulo: Cortez; 2016.,0.20595110952854156
Quais são os impactos da inteligência artificial?,bioetica_e_ia.md,245,"21. Morley J, Machado C, Burr C, Cowls J, Taddeo M, Floridi L. The ethics od AI in health care: a mapping review. Soc Sci Med [Internet]. 2020 [acesso 5 jun 2025];260:113172. DOI: 10.1016/j.socscimed.2020.113172",0.45851007103919983
Quais são os impactos da inteligência artificial?,bioetica_e_ia.md,246,"22. Krittanawong C, Johnson KW, Rosenson RS, Wang Z, Aydar M, Narayan SM. Deep learning for cardiovascular medicine:  a  practical  primer.  Eur  Heart  J  [Internet].  2019  [acesso  6  jun  2025];40(25):2058-73. DOI: 10.1093/eurheartj/ehz056",0.23887456953525543
Quais são os impactos da inteligência artificial?,bioetica_e_ia.md,247,"23. Mittelstadt BD, Floridi L. The ethics of big data: current and foreseeable issues in biomedical contexts. Sci Eng Ethics [Internet]. 2016 [acesso 6 jun 2025];22(2):303-41. DOI: 10.1007/s11948-015-9652-2",0.32143765687942505
Quais são os impactos da inteligência artificial?,bioetica_e_ia.md,248,"24. Wachter S, Mittelstadt B, Floridi L. Transparent, explainable, and accountable AI for robotics. Sci Robot [Internet]. 2017 [acesso 8 jun 2025];2(6):eaan6080. DOI: 10.1126/scirobotics.aan6080",0.4716225564479828
Quais são os impactos da inteligência artificial?,bioetica_e_ia.md,249,25. Dastin J. Amazon scraps secret AI recruiting tool that showed bias against women. Reuters [Internet]. 10 out 2018 [acesso 2 jul 2025]; Disponível: https://bit.ly/4rhewTv,0.3839310109615326
Quais são os impactos da inteligência artificial?,bioetica_e_ia.md,250,"26. Shortliffe EH, Sepúlveda MJ. Clinical decision support in the era of artificial intelligence. JAMA [Internet]. 2018 [acesso 6 jun 2025];320(21):2199-200. DOI: 10.1001/jama.2018.17163",0.45833495259284973
Quais são os impactos da inteligência artificial?,bioetica_e_ia.md,251,27. Harari YN. Homo Deus: a brief history of tomorrow. New York: Harper; 2017.,0.22094951570034027
Quais são os impactos da inteligência artificial?,bioetica_e_ia.md,252,"28. Silva AG, Oliveira TC, Lima MADS. Artificial intelligence in Brazilian health care: a viewpoint. JMIR Med Inform [Internet]. 2020 [acesso 7 jun 2025];8(10):e23557. DOI: 10.2196/23557",0.5259684324264526
Quais são os impactos da inteligência artificial?,bioetica_e_ia.md,254,"29. Whitelaw  S,  Mamas  MA,  Topol  E,  Van  Spall  HGC.  Applications  of  digital  technology  in  COVID-19 pandemic planning and response. Lancet Digit Health [Internet]. 2020 [acesso 7 jun 2025];2(8):e435-40. DOI: 10.1016/S2589-7500(20)30142-4",0.26519787311553955
Quais são os impactos da inteligência artificial?,bioetica_e_ia.md,255,30. Goodman B. The algorithmic governance of health: a case study of the United States. Health Care Anal [Internet]. 2021 [acesso 8 jun 2025];29(1):39-57. DOI: 10.1007/s10728-019-00385-0,0.2442600578069687
Quais são os impactos da inteligência artificial?,bioetica_e_ia.md,256,"31. Eubanks  V.  Automating  inequality:  how  high-tech  tools  profile,  police,  and  punish  the  poor. New York: Picador; 2019.",0.19989919662475586
Quais são os impactos da inteligência artificial?,bioetica_e_ia.md,257,32. Zuboff S. The age of surveillance capitalism. New York: PublicAffairs; 2019.,0.21996989846229553
Quais são os impactos da inteligência artificial?,bioetica_e_ia.md,258,33. Nemitz P. Constitutional democracy and technology in the age of artificial intelligence. Philos Trans A Math Phys Eng Sci [Internet]. 2018 [acesso 7 jun 2025];376(2133):20180089. DOI: 10.1098/rsta.2018.0089,0.4620940387248993
Quais são os impactos da inteligência artificial?,bioetica_e_ia.md,259,"34. Zhang B, Dafoe A. Artificial intelligence: American attitudes and trends [Internet]. Oxford: University of Oxford; 2019 [acesso 8 jun 2025]. DOI: 10.2139/ssrn.3312874",0.5132746696472168
Quais são os impactos da inteligência artificial?,bioetica_e_ia.md,260,35. Sadan  T.  Toward  participatory  design  of  ethical  AI.  Philos  Technol  [Internet].  2020  [acesso  8  jun 2025];33(2):167-88. DOI: 10.1007/s13347-019-00371-1,0.41037872433662415
Quais são os impactos da inteligência artificial?,bioetica_e_ia.md,261,"36. Dove ES, Townend D, Meslin EM, Bobrow M, Littler K, Nicol D et al .  Ethics review for international data-intensive  research.  Science  [Internet].  2016  [acesso  8  jun  2025];351(6280):1399-400. DOI: 10.1126/science.aad5269",0.23916734755039215
Quais são os impactos da inteligência artificial?,bioetica_e_ia.md,262,37. Benjamin R. Race after technology: abolitionist tools for the New Jim Code [Internet]. Cambridge: Polity Press; 2019 [acesso 8 jun 2025]. Disponível: https://tinyurl.com/272s7b8z,0.28998565673828125
Quais são os impactos da inteligência artificial?,bioetica_e_ia.md,264,## Juracy Barbosa dos Santos - Doutorando - drjuracybarbosa@gmail.com,0.21283477544784546
Quais são os impactos da inteligência artificial?,bioetica_e_ia.md,266,0009-0009-1729-9778,-0.01795579493045807
Quais são os impactos da inteligência artificial?,bioetica_e_ia.md,268,<!-- image -->,0.05314694717526436
Quais são os impactos da inteligência artificial?,bioetica_e_ia.md,270,Guilhermina Rego - Doutora - guilherminarego@med.up.pt,0.18462103605270386
Quais são os impactos da inteligência artificial?,bioetica_e_ia.md,272,0000-0002-8590-9832,-0.015695499256253242
Quais são os impactos da inteligência artificial?,bioetica_e_ia.md,274,<!-- image -->,0.05314694717526436
Quais são os impactos da inteligência artificial?,bioetica_e_ia.md,276,Rui Nunes - Doutor - ruinunes@med.up.pt,0.16529026627540588
Quais são os impactos da inteligência artificial?,bioetica_e_ia.md,278,0000-0002-1377-9899,0.00985694956034422
Quais são os impactos da inteligência artificial?,bioetica_e_ia.md,280,<!-- image -->,0.05308298021554947
Quais são os impactos da inteligência artificial?,bioetica_e_ia.md,282,## Correspondência,0.16860683262348175
Quais são os impactos da inteligência artificial?,bioetica_e_ia.md,284,"Juracy Barbosa dos Santos -Faculdade de Medicina/Universidade do Porto. Al. Professor Hernani Monteiro, CP 4200-319. Porto, Portugal.",0.08505503833293915
Quais são os impactos da inteligência artificial?,bioetica_e_ia.md,286,## Contribuição dos autores,0.2753547430038452
Quais são os impactos da inteligência artificial?,bioetica_e_ia.md,288,"Juracy  Barbosa  dos  Santos  foi  responsável  pela  concepção  do  estudo,  análise  de  dados  e redação do manuscrito. Guilhermina Rego revisou o manuscrito. Rui Nunes realizou a análise crítica e a revisão final do manuscrito.",0.18170121312141418
Quais são os impactos da inteligência artificial?,bioetica_e_ia.md,290,Disponibilidade de dados: Todos os dados utilizados ou gerados na pesquisa estão integralmente descritos e apresentados no corpo do artigo.,0.2481764554977417
Quais são os impactos da inteligência artificial?,bioetica_e_ia.md,292,Editora responsável: Dilza Teresinha Ambrós Ribeiro,0.21936765313148499
Quais são os impactos da inteligência artificial?,bioetica_e_ia.md,294,Recebido:,0.1947677880525589
Quais são os impactos da inteligência artificial?,bioetica_e_ia.md,296,24.8.2025,0.09084651619195938
Quais são os impactos da inteligência artificial?,bioetica_e_ia.md,298,Revisado:,0.14120657742023468
Quais são os impactos da inteligência artificial?,bioetica_e_ia.md,300,18.12.2025,0.08203063905239105
Quais são os impactos da inteligência artificial?,bioetica_e_ia.md,302,Aprovado:,0.24572791159152985
Quais são os impactos da inteligência artificial?,bioetica_e_ia.md,304,27.1.2026,0.1140219047665596
